
 /----------------------------------------------------------------------------\
 |  yosys -- Yosys Open SYnthesis Suite                                       |
 |  Copyright (C) 2012 - 2026  Claire Xenia Wolf <claire@yosyshq.com>         |
 |  Distributed under an ISC-like license, type "license" to see terms        |
 \----------------------------------------------------------------------------/
 Yosys 0.67+ (git sha1 30fe16c7f, MSVC D:/Program_Files/VS2022/VC/Tools/MSVC/14.51.36231/bin/Hostx64/x64/cl.exe 19.51.36243.0)

-- Executing script file `E:\EDA_Race\Cangku\new\SigFlow_FPGA\examples\tracebridge_tangnano9k\.sigflow\debug\tracebridge-tangnano9k-demo\scripts\run_yosys.ys' --

1. Executing Verilog-2005 frontend: E:\EDA_Race\Cangku\new\SigFlow_FPGA\rtl\debug/sf_micro_ila.sv
Parsing SystemVerilog input from `E:\EDA_Race\Cangku\new\SigFlow_FPGA\rtl\debug/sf_micro_ila.sv' to AST representation.
Generating RTLIL representation for module `\sf_micro_ila'.
Successfully finished Verilog frontend.

2. Executing Verilog-2005 frontend: E:\EDA_Race\Cangku\new\SigFlow_FPGA\rtl\debug/sf_uart_link.sv
Parsing SystemVerilog input from `E:\EDA_Race\Cangku\new\SigFlow_FPGA\rtl\debug/sf_uart_link.sv' to AST representation.
Generating RTLIL representation for module `\sf_uart_link'.
Successfully finished Verilog frontend.

3. Executing Verilog-2005 frontend: E:\EDA_Race\Cangku\new\SigFlow_FPGA\rtl\debug/sf_debug_link.sv
Parsing SystemVerilog input from `E:\EDA_Race\Cangku\new\SigFlow_FPGA\rtl\debug/sf_debug_link.sv' to AST representation.
Generating RTLIL representation for module `\sf_debug_link'.
Successfully finished Verilog frontend.

4. Executing Verilog-2005 frontend: E:/EDA_Race/Cangku/new/SigFlow_FPGA/examples/tracebridge_tangnano9k/rtl/min_led_uart_top.v
Parsing Verilog input from `E:/EDA_Race/Cangku/new/SigFlow_FPGA/examples/tracebridge_tangnano9k/rtl/min_led_uart_top.v' to AST representation.
Generating RTLIL representation for module `\min_led_uart_top'.
Successfully finished Verilog frontend.

5. Executing Verilog-2005 frontend: E:/EDA_Race/Cangku/new/SigFlow_FPGA/examples/tracebridge_tangnano9k/.sigflow/debug/tracebridge-tangnano9k-demo/overlay/sf_debug_top.sv
Parsing SystemVerilog input from `E:/EDA_Race/Cangku/new/SigFlow_FPGA/examples/tracebridge_tangnano9k/.sigflow/debug/tracebridge-tangnano9k-demo/overlay/sf_debug_top.sv' to AST representation.
Generating RTLIL representation for module `\sf_debug_top'.
E:/EDA_Race/Cangku/new/SigFlow_FPGA/examples/tracebridge_tangnano9k/.sigflow/debug/tracebridge-tangnano9k-demo/overlay/sf_debug_top.sv:21: Warning: Identifier `\u_dut.state' is implicitly declared.
Successfully finished Verilog frontend.

6. Executing HIERARCHY pass (managing design hierarchy).

6.1. Analyzing design hierarchy..
Top module:  \sf_debug_top
Used module:     \sf_debug_link
Used module:         \sf_uart_link
Used module:     \sf_micro_ila
Used module:     \min_led_uart_top
Parameter \CLK_HZ = 27000000
Parameter \BAUD = 921600

6.2. Executing AST frontend in derive mode using pre-parsed AST for module `\sf_uart_link'.
Parameter \CLK_HZ = 27000000
Parameter \BAUD = 921600
Generating RTLIL representation for module `$paramod$b8d4a7355f3ca758b4057499fb0cf1044a81c528\sf_uart_link'.
Parameter \CLK_HZ = 27000000
Parameter \BAUD = 921600
Parameter \WIDTH = 32
Parameter \DEPTH = 1024
Parameter \FINGERPRINT64 = 64'0000000000000000000000000000000000000000000000000000000000000000
Parameter \IP_VERSION = 1

6.3. Executing AST frontend in derive mode using pre-parsed AST for module `\sf_debug_link'.
Parameter \CLK_HZ = 27000000
Parameter \BAUD = 921600
Parameter \WIDTH = 32
Parameter \DEPTH = 1024
Parameter \FINGERPRINT64 = 64'0000000000000000000000000000000000000000000000000000000000000000
Parameter \IP_VERSION = 1
Generating RTLIL representation for module `$paramod$7f32b7354d3e74ebcd72bea5a67c892c31d7ed1f\sf_debug_link'.
Parameter \DEPTH = 1024
Parameter \WIDTH = 32

6.4. Executing AST frontend in derive mode using pre-parsed AST for module `\sf_micro_ila'.
Parameter \DEPTH = 1024
Parameter \WIDTH = 32
Generating RTLIL representation for module `$paramod$e930f8c7611f8569218a4630a006d0be88b274a9\sf_micro_ila'.

6.5. Analyzing design hierarchy..
Top module:  \sf_debug_top
Used module:     $paramod$7f32b7354d3e74ebcd72bea5a67c892c31d7ed1f\sf_debug_link
Used module:         \sf_uart_link
Used module:     $paramod$e930f8c7611f8569218a4630a006d0be88b274a9\sf_micro_ila
Used module:     \min_led_uart_top
Parameter \CLK_HZ = 27000000
Parameter \BAUD = 921600
Found cached RTLIL representation for module `$paramod$b8d4a7355f3ca758b4057499fb0cf1044a81c528\sf_uart_link'.

6.6. Analyzing design hierarchy..
Top module:  \sf_debug_top
Used module:     $paramod$7f32b7354d3e74ebcd72bea5a67c892c31d7ed1f\sf_debug_link
Used module:         $paramod$b8d4a7355f3ca758b4057499fb0cf1044a81c528\sf_uart_link
Used module:     $paramod$e930f8c7611f8569218a4630a006d0be88b274a9\sf_micro_ila
Used module:     \min_led_uart_top

6.7. Analyzing design hierarchy..
Top module:  \sf_debug_top
Used module:     $paramod$7f32b7354d3e74ebcd72bea5a67c892c31d7ed1f\sf_debug_link
Used module:         $paramod$b8d4a7355f3ca758b4057499fb0cf1044a81c528\sf_uart_link
Used module:     $paramod$e930f8c7611f8569218a4630a006d0be88b274a9\sf_micro_ila
Used module:     \min_led_uart_top
Removing unused module `\sf_debug_link'.
Removing unused module `\sf_uart_link'.
Removing unused module `\sf_micro_ila'.
Removed 3 unused modules.

7. Executing PROC pass (convert processes to netlists).

7.1. Executing PROC_CLEAN pass (remove empty switches from decision trees).
Cleaned up 0 empty switches.

7.2. Executing PROC_RMDEAD pass (remove dead branches from decision trees).
Marked 3 switch rules as full_case in process $proc$E:/EDA_Race/Cangku/new/SigFlow_FPGA/examples/tracebridge_tangnano9k/rtl/min_led_uart_top.v:23$346 in module min_led_uart_top.
Marked 1 switch rules as full_case in process $proc$E:/EDA_Race/Cangku/new/SigFlow_FPGA/examples/tracebridge_tangnano9k/rtl/min_led_uart_top.v:18$343 in module min_led_uart_top.
Marked 4 switch rules as full_case in process $proc$E:\EDA_Race\Cangku\new\SigFlow_FPGA\rtl\debug/sf_micro_ila.sv:140$686 in module $paramod$e930f8c7611f8569218a4630a006d0be88b274a9\sf_micro_ila.
Marked 1 switch rules as full_case in process $proc$E:\EDA_Race\Cangku\new\SigFlow_FPGA\rtl\debug/sf_micro_ila.sv:134$676 in module $paramod$e930f8c7611f8569218a4630a006d0be88b274a9\sf_micro_ila.
Marked 9 switch rules as full_case in process $proc$E:\EDA_Race\Cangku\new\SigFlow_FPGA\rtl\debug/sf_micro_ila.sv:103$653 in module $paramod$e930f8c7611f8569218a4630a006d0be88b274a9\sf_micro_ila.
Marked 1 switch rules as full_case in process $proc$E:\EDA_Race\Cangku\new\SigFlow_FPGA\rtl\debug/sf_micro_ila.sv:89$634 in module $paramod$e930f8c7611f8569218a4630a006d0be88b274a9\sf_micro_ila.
Marked 49 switch rules as full_case in process $proc$E:\EDA_Race\Cangku\new\SigFlow_FPGA\rtl\debug/sf_debug_link.sv:205$381 in module $paramod$7f32b7354d3e74ebcd72bea5a67c892c31d7ed1f\sf_debug_link.
Marked 7 switch rules as full_case in process $proc$E:\EDA_Race\Cangku\new\SigFlow_FPGA\rtl\debug/sf_uart_link.sv:73$365 in module $paramod$b8d4a7355f3ca758b4057499fb0cf1044a81c528\sf_uart_link.
Marked 3 switch rules as full_case in process $proc$E:\EDA_Race\Cangku\new\SigFlow_FPGA\rtl\debug/sf_uart_link.sv:36$356 in module $paramod$b8d4a7355f3ca758b4057499fb0cf1044a81c528\sf_uart_link.
Removed a total of 0 dead cases.

7.3. Executing PROC_PRUNE pass (remove redundant assignments in processes).
Removed 7 redundant assignments.
Promoted 22 assignments to connections.

7.4. Executing PROC_INIT pass (extract init attributes).

7.5. Executing PROC_ARST pass (detect async resets in processes).
Found async reset \rst_n in `\min_led_uart_top.$proc$E:/EDA_Race/Cangku/new/SigFlow_FPGA/examples/tracebridge_tangnano9k/rtl/min_led_uart_top.v:23$346'.
Found async reset \rst_n in `\min_led_uart_top.$proc$E:/EDA_Race/Cangku/new/SigFlow_FPGA/examples/tracebridge_tangnano9k/rtl/min_led_uart_top.v:18$343'.
Found async reset \rst_n in `$paramod$e930f8c7611f8569218a4630a006d0be88b274a9\sf_micro_ila.$proc$E:\EDA_Race\Cangku\new\SigFlow_FPGA\rtl\debug/sf_micro_ila.sv:140$686'.
Found async reset \rst_n in `$paramod$7f32b7354d3e74ebcd72bea5a67c892c31d7ed1f\sf_debug_link.$proc$E:\EDA_Race\Cangku\new\SigFlow_FPGA\rtl\debug/sf_debug_link.sv:205$381'.
Found async reset \rst_n in `$paramod$b8d4a7355f3ca758b4057499fb0cf1044a81c528\sf_uart_link.$proc$E:\EDA_Race\Cangku\new\SigFlow_FPGA\rtl\debug/sf_uart_link.sv:73$365'.
Found async reset \rst_n in `$paramod$b8d4a7355f3ca758b4057499fb0cf1044a81c528\sf_uart_link.$proc$E:\EDA_Race\Cangku\new\SigFlow_FPGA\rtl\debug/sf_uart_link.sv:36$356'.

7.6. Executing PROC_ROM pass (convert switches to ROMs).
Converted 0 switches.
<suppressed ~91 debug messages>

7.7. Executing PROC_MUX pass (convert decision trees to multiplexers).
Creating decoders for process `\min_led_uart_top.$proc$E:/EDA_Race/Cangku/new/SigFlow_FPGA/examples/tracebridge_tangnano9k/rtl/min_led_uart_top.v:23$346'.
     1/6: $0\uart_tx_r[0:0]
     2/6: $0\bit_timer[15:0]
     3/6: $0\bit_count[3:0]
     4/6: $0\tick[31:0]
     5/6: $0\tx_shift[7:0]
     6/6: $0\tx_busy[0:0]
Creating decoders for process `\min_led_uart_top.$proc$E:/EDA_Race/Cangku/new/SigFlow_FPGA/examples/tracebridge_tangnano9k/rtl/min_led_uart_top.v:18$343'.
     1/1: $0\state[3:0]
Creating decoders for process `$paramod$e930f8c7611f8569218a4630a006d0be88b274a9\sf_micro_ila.$proc$E:\EDA_Race\Cangku\new\SigFlow_FPGA\rtl\debug/sf_micro_ila.sv:140$686'.
     1/8: $0\prev_masked[31:0]
     2/8: $0\decim_cnt[7:0]
     3/8: $0\trig_cnt[15:0]
     4/8: $0\trigger_index_reg[9:0]
     5/8: $0\triggered_reg[0:0]
     6/8: $0\done_reg[0:0]
     7/8: $0\running[0:0]
     8/8: $0\wptr[9:0]
Creating decoders for process `$paramod$e930f8c7611f8569218a4630a006d0be88b274a9\sf_micro_ila.$proc$E:\EDA_Race\Cangku\new\SigFlow_FPGA\rtl\debug/sf_micro_ila.sv:134$676'.
     1/3: $1$memwr$\mem$E:\EDA_Race\Cangku\new\SigFlow_FPGA\rtl\debug/sf_micro_ila.sv:135$617_EN[31:0]$684
     2/3: $1$memwr$\mem$E:\EDA_Race\Cangku\new\SigFlow_FPGA\rtl\debug/sf_micro_ila.sv:135$617_DATA[31:0]$683
     3/3: $1$memwr$\mem$E:\EDA_Race\Cangku\new\SigFlow_FPGA\rtl\debug/sf_micro_ila.sv:135$617_ADDR[9:0]$682
Creating decoders for process `$paramod$e930f8c7611f8569218a4630a006d0be88b274a9\sf_micro_ila.$proc$E:\EDA_Race\Cangku\new\SigFlow_FPGA\rtl\debug/sf_micro_ila.sv:103$653'.
     1/9: $9\trig_cnt_next[15:0]
     2/9: $8\trig_cnt_next[15:0]
     3/9: $7\trig_cnt_next[15:0]
     4/9: $6\trig_cnt_next[15:0]
     5/9: $5\trig_cnt_next[15:0]
     6/9: $4\trig_cnt_next[15:0]
     7/9: $3\trig_cnt_next[15:0]
     8/9: $2\trig_cnt_next[15:0]
     9/9: $1\trig_cnt_next[15:0]
Creating decoders for process `$paramod$e930f8c7611f8569218a4630a006d0be88b274a9\sf_micro_ila.$proc$E:\EDA_Race\Cangku\new\SigFlow_FPGA\rtl\debug/sf_micro_ila.sv:89$634'.
     1/1: $1\fire[0:0]
Creating decoders for process `$paramod$7f32b7354d3e74ebcd72bea5a67c892c31d7ed1f\sf_debug_link.$proc$E:\EDA_Race\Cangku\new\SigFlow_FPGA\rtl\debug/sf_debug_link.sv:205$381'.
     1/130: $14\response_byte$func$E:\EDA_Race\Cangku\new\SigFlow_FPGA\rtl\debug/sf_debug_link.sv:502$380.$result[7:0]$613
     2/130: $13\response_byte$func$E:\EDA_Race\Cangku\new\SigFlow_FPGA\rtl\debug/sf_debug_link.sv:502$380.$result[7:0]$612
     3/130: $12\response_byte$func$E:\EDA_Race\Cangku\new\SigFlow_FPGA\rtl\debug/sf_debug_link.sv:502$380.$result[7:0]$611
     4/130: $11\response_byte$func$E:\EDA_Race\Cangku\new\SigFlow_FPGA\rtl\debug/sf_debug_link.sv:502$380.$result[7:0]$610
     5/130: $10\response_byte$func$E:\EDA_Race\Cangku\new\SigFlow_FPGA\rtl\debug/sf_debug_link.sv:502$380.$result[7:0]$608
     6/130: $9\response_byte$func$E:\EDA_Race\Cangku\new\SigFlow_FPGA\rtl\debug/sf_debug_link.sv:502$380.$result[7:0]$607
     7/130: $8\response_byte$func$E:\EDA_Race\Cangku\new\SigFlow_FPGA\rtl\debug/sf_debug_link.sv:502$380.$result[7:0]$605
     8/130: $7\response_byte$func$E:\EDA_Race\Cangku\new\SigFlow_FPGA\rtl\debug/sf_debug_link.sv:502$380.$result[7:0]$603
     9/130: $6\response_byte$func$E:\EDA_Race\Cangku\new\SigFlow_FPGA\rtl\debug/sf_debug_link.sv:502$380.$result[7:0]$601
    10/130: $5\response_byte$func$E:\EDA_Race\Cangku\new\SigFlow_FPGA\rtl\debug/sf_debug_link.sv:502$380.$result[7:0]$599
    11/130: $4\response_byte$func$E:\EDA_Race\Cangku\new\SigFlow_FPGA\rtl\debug/sf_debug_link.sv:502$380.$result[7:0]$596
    12/130: $3\response_byte$func$E:\EDA_Race\Cangku\new\SigFlow_FPGA\rtl\debug/sf_debug_link.sv:502$380.$result[7:0]$593
    13/130: $3\response_byte$func$E:\EDA_Race\Cangku\new\SigFlow_FPGA\rtl\debug/sf_debug_link.sv:502$380.index[7:0]$594
    14/130: $13\response_byte$func$E:\EDA_Race\Cangku\new\SigFlow_FPGA\rtl\debug/sf_debug_link.sv:490$379.$result[7:0]$585
    15/130: $12\response_byte$func$E:\EDA_Race\Cangku\new\SigFlow_FPGA\rtl\debug/sf_debug_link.sv:490$379.$result[7:0]$584
    16/130: $11\response_byte$func$E:\EDA_Race\Cangku\new\SigFlow_FPGA\rtl\debug/sf_debug_link.sv:490$379.$result[7:0]$583
    17/130: $10\response_byte$func$E:\EDA_Race\Cangku\new\SigFlow_FPGA\rtl\debug/sf_debug_link.sv:490$379.$result[7:0]$582
    18/130: $9\response_byte$func$E:\EDA_Race\Cangku\new\SigFlow_FPGA\rtl\debug/sf_debug_link.sv:490$379.$result[7:0]$580
    19/130: $8\response_byte$func$E:\EDA_Race\Cangku\new\SigFlow_FPGA\rtl\debug/sf_debug_link.sv:490$379.$result[7:0]$579
    20/130: $7\response_byte$func$E:\EDA_Race\Cangku\new\SigFlow_FPGA\rtl\debug/sf_debug_link.sv:490$379.$result[7:0]$577
    21/130: $6\response_byte$func$E:\EDA_Race\Cangku\new\SigFlow_FPGA\rtl\debug/sf_debug_link.sv:490$379.$result[7:0]$575
    22/130: $5\response_byte$func$E:\EDA_Race\Cangku\new\SigFlow_FPGA\rtl\debug/sf_debug_link.sv:490$379.$result[7:0]$573
    23/130: $4\response_byte$func$E:\EDA_Race\Cangku\new\SigFlow_FPGA\rtl\debug/sf_debug_link.sv:490$379.$result[7:0]$571
    24/130: $3\response_byte$func$E:\EDA_Race\Cangku\new\SigFlow_FPGA\rtl\debug/sf_debug_link.sv:490$379.$result[7:0]$568
    25/130: $14\response_byte$func$E:\EDA_Race\Cangku\new\SigFlow_FPGA\rtl\debug/sf_debug_link.sv:447$377.$result[7:0]$528
    26/130: $13\response_byte$func$E:\EDA_Race\Cangku\new\SigFlow_FPGA\rtl\debug/sf_debug_link.sv:447$377.$result[7:0]$527
    27/130: $12\response_byte$func$E:\EDA_Race\Cangku\new\SigFlow_FPGA\rtl\debug/sf_debug_link.sv:447$377.$result[7:0]$526
    28/130: $11\response_byte$func$E:\EDA_Race\Cangku\new\SigFlow_FPGA\rtl\debug/sf_debug_link.sv:447$377.$result[7:0]$525
    29/130: $10\response_byte$func$E:\EDA_Race\Cangku\new\SigFlow_FPGA\rtl\debug/sf_debug_link.sv:447$377.$result[7:0]$523
    30/130: $9\response_byte$func$E:\EDA_Race\Cangku\new\SigFlow_FPGA\rtl\debug/sf_debug_link.sv:447$377.$result[7:0]$522
    31/130: $8\response_byte$func$E:\EDA_Race\Cangku\new\SigFlow_FPGA\rtl\debug/sf_debug_link.sv:447$377.$result[7:0]$520
    32/130: $7\response_byte$func$E:\EDA_Race\Cangku\new\SigFlow_FPGA\rtl\debug/sf_debug_link.sv:447$377.$result[7:0]$518
    33/130: $6\response_byte$func$E:\EDA_Race\Cangku\new\SigFlow_FPGA\rtl\debug/sf_debug_link.sv:447$377.$result[7:0]$516
    34/130: $5\response_byte$func$E:\EDA_Race\Cangku\new\SigFlow_FPGA\rtl\debug/sf_debug_link.sv:447$377.$result[7:0]$514
    35/130: $4\response_byte$func$E:\EDA_Race\Cangku\new\SigFlow_FPGA\rtl\debug/sf_debug_link.sv:447$377.$result[7:0]$511
    36/130: $3\crc16_update$func$E:\EDA_Race\Cangku\new\SigFlow_FPGA\rtl\debug/sf_debug_link.sv:447$378.$result[15:0]$505
    37/130: $3\crc16_update$func$E:\EDA_Race\Cangku\new\SigFlow_FPGA\rtl\debug/sf_debug_link.sv:447$378.i[31:0]$509
    38/130: $3\crc16_update$func$E:\EDA_Race\Cangku\new\SigFlow_FPGA\rtl\debug/sf_debug_link.sv:447$378.c[15:0]$508
    39/130: $3\crc16_update$func$E:\EDA_Race\Cangku\new\SigFlow_FPGA\rtl\debug/sf_debug_link.sv:447$378.bdata[7:0]$507
    40/130: $3\crc16_update$func$E:\EDA_Race\Cangku\new\SigFlow_FPGA\rtl\debug/sf_debug_link.sv:447$378.crc[15:0]$506
    41/130: $3\response_byte$func$E:\EDA_Race\Cangku\new\SigFlow_FPGA\rtl\debug/sf_debug_link.sv:447$377.$result[7:0]$503
    42/130: $3\response_byte$func$E:\EDA_Race\Cangku\new\SigFlow_FPGA\rtl\debug/sf_debug_link.sv:447$377.index[7:0]$504
    43/130: $0\cfg_count[15:0] [15:8]
    44/130: $0\cfg_count[15:0] [7:0]
    45/130: $0\cfg_value[31:0] [23:16]
    46/130: $0\cfg_value[31:0] [15:8]
    47/130: $0\cfg_value[31:0] [7:0]
    48/130: $0\cfg_mask[31:0] [23:16]
    49/130: $0\cfg_mask[31:0] [15:8]
    50/130: $0\read_start[15:0] [7:0]
    51/130: $0\cfg_mask[31:0] [7:0]
    52/130: $4\crc16_update$func$E:\EDA_Race\Cangku\new\SigFlow_FPGA\rtl\debug/sf_debug_link.sv:307$376.c[15:0]$452
    53/130: $4\crc16_update$func$E:\EDA_Race\Cangku\new\SigFlow_FPGA\rtl\debug/sf_debug_link.sv:307$376.bdata[7:0]$451
    54/130: $4\crc16_update$func$E:\EDA_Race\Cangku\new\SigFlow_FPGA\rtl\debug/sf_debug_link.sv:307$376.crc[15:0]$450
    55/130: $4\crc16_update$func$E:\EDA_Race\Cangku\new\SigFlow_FPGA\rtl\debug/sf_debug_link.sv:307$376.$result[15:0]$449
    56/130: $3\crc16_update$func$E:\EDA_Race\Cangku\new\SigFlow_FPGA\rtl\debug/sf_debug_link.sv:307$376.i[31:0]$447
    57/130: $3\crc16_update$func$E:\EDA_Race\Cangku\new\SigFlow_FPGA\rtl\debug/sf_debug_link.sv:307$376.c[15:0]$446
    58/130: $3\crc16_update$func$E:\EDA_Race\Cangku\new\SigFlow_FPGA\rtl\debug/sf_debug_link.sv:307$376.bdata[7:0]$445
    59/130: $3\crc16_update$func$E:\EDA_Race\Cangku\new\SigFlow_FPGA\rtl\debug/sf_debug_link.sv:307$376.crc[15:0]$444
    60/130: $3\crc16_update$func$E:\EDA_Race\Cangku\new\SigFlow_FPGA\rtl\debug/sf_debug_link.sv:307$376.$result[15:0]$443
    61/130: $2\response_byte$func$E:\EDA_Race\Cangku\new\SigFlow_FPGA\rtl\debug/sf_debug_link.sv:502$380.index[7:0]$430
    62/130: $2\response_byte$func$E:\EDA_Race\Cangku\new\SigFlow_FPGA\rtl\debug/sf_debug_link.sv:502$380.$result[7:0]$429
    63/130: $2\response_byte$func$E:\EDA_Race\Cangku\new\SigFlow_FPGA\rtl\debug/sf_debug_link.sv:490$379.index[7:0]$428
    64/130: $2\response_byte$func$E:\EDA_Race\Cangku\new\SigFlow_FPGA\rtl\debug/sf_debug_link.sv:490$379.$result[7:0]$427
    65/130: $2\crc16_update$func$E:\EDA_Race\Cangku\new\SigFlow_FPGA\rtl\debug/sf_debug_link.sv:447$378.i[31:0]$426
    66/130: $2\crc16_update$func$E:\EDA_Race\Cangku\new\SigFlow_FPGA\rtl\debug/sf_debug_link.sv:447$378.c[15:0]$425
    67/130: $2\crc16_update$func$E:\EDA_Race\Cangku\new\SigFlow_FPGA\rtl\debug/sf_debug_link.sv:447$378.bdata[7:0]$424
    68/130: $2\crc16_update$func$E:\EDA_Race\Cangku\new\SigFlow_FPGA\rtl\debug/sf_debug_link.sv:447$378.crc[15:0]$423
    69/130: $2\crc16_update$func$E:\EDA_Race\Cangku\new\SigFlow_FPGA\rtl\debug/sf_debug_link.sv:447$378.$result[15:0]$422
    70/130: $2\response_byte$func$E:\EDA_Race\Cangku\new\SigFlow_FPGA\rtl\debug/sf_debug_link.sv:447$377.index[7:0]$421
    71/130: $2\response_byte$func$E:\EDA_Race\Cangku\new\SigFlow_FPGA\rtl\debug/sf_debug_link.sv:447$377.$result[7:0]$420
    72/130: $2\crc16_update$func$E:\EDA_Race\Cangku\new\SigFlow_FPGA\rtl\debug/sf_debug_link.sv:307$376.i[31:0]$419
    73/130: $2\crc16_update$func$E:\EDA_Race\Cangku\new\SigFlow_FPGA\rtl\debug/sf_debug_link.sv:307$376.c[15:0]$418
    74/130: $2\crc16_update$func$E:\EDA_Race\Cangku\new\SigFlow_FPGA\rtl\debug/sf_debug_link.sv:307$376.bdata[7:0]$417
    75/130: $2\crc16_update$func$E:\EDA_Race\Cangku\new\SigFlow_FPGA\rtl\debug/sf_debug_link.sv:307$376.crc[15:0]$416
    76/130: $2\crc16_update$func$E:\EDA_Race\Cangku\new\SigFlow_FPGA\rtl\debug/sf_debug_link.sv:307$376.$result[15:0]$415
    77/130: $1\response_byte$func$E:\EDA_Race\Cangku\new\SigFlow_FPGA\rtl\debug/sf_debug_link.sv:502$380.index[7:0]$414
    78/130: $1\response_byte$func$E:\EDA_Race\Cangku\new\SigFlow_FPGA\rtl\debug/sf_debug_link.sv:502$380.$result[7:0]$413
    79/130: $1\response_byte$func$E:\EDA_Race\Cangku\new\SigFlow_FPGA\rtl\debug/sf_debug_link.sv:490$379.index[7:0]$412
    80/130: $1\response_byte$func$E:\EDA_Race\Cangku\new\SigFlow_FPGA\rtl\debug/sf_debug_link.sv:490$379.$result[7:0]$411
    81/130: $1\crc16_update$func$E:\EDA_Race\Cangku\new\SigFlow_FPGA\rtl\debug/sf_debug_link.sv:447$378.i[31:0]$410
    82/130: $1\crc16_update$func$E:\EDA_Race\Cangku\new\SigFlow_FPGA\rtl\debug/sf_debug_link.sv:447$378.c[15:0]$409
    83/130: $1\crc16_update$func$E:\EDA_Race\Cangku\new\SigFlow_FPGA\rtl\debug/sf_debug_link.sv:447$378.bdata[7:0]$408
    84/130: $1\crc16_update$func$E:\EDA_Race\Cangku\new\SigFlow_FPGA\rtl\debug/sf_debug_link.sv:447$378.crc[15:0]$407
    85/130: $1\crc16_update$func$E:\EDA_Race\Cangku\new\SigFlow_FPGA\rtl\debug/sf_debug_link.sv:447$378.$result[15:0]$406
    86/130: $1\response_byte$func$E:\EDA_Race\Cangku\new\SigFlow_FPGA\rtl\debug/sf_debug_link.sv:447$377.index[7:0]$405
    87/130: $1\response_byte$func$E:\EDA_Race\Cangku\new\SigFlow_FPGA\rtl\debug/sf_debug_link.sv:447$377.$result[7:0]$404
    88/130: $1\crc16_update$func$E:\EDA_Race\Cangku\new\SigFlow_FPGA\rtl\debug/sf_debug_link.sv:307$376.i[31:0]$403
    89/130: $1\crc16_update$func$E:\EDA_Race\Cangku\new\SigFlow_FPGA\rtl\debug/sf_debug_link.sv:307$376.c[15:0]$402
    90/130: $1\crc16_update$func$E:\EDA_Race\Cangku\new\SigFlow_FPGA\rtl\debug/sf_debug_link.sv:307$376.bdata[7:0]$401
    91/130: $1\crc16_update$func$E:\EDA_Race\Cangku\new\SigFlow_FPGA\rtl\debug/sf_debug_link.sv:307$376.crc[15:0]$400
    92/130: $1\crc16_update$func$E:\EDA_Race\Cangku\new\SigFlow_FPGA\rtl\debug/sf_debug_link.sv:307$376.$result[15:0]$399
    93/130: $0\reset_pulse_r[0:0]
    94/130: $0\arm_pulse_r[0:0]
    95/130: $0\tx_start[0:0]
    96/130: $0\tx_after[2:0]
    97/130: $0\enc_copy[7:0]
    98/130: $0\enc_zero[7:0]
    99/130: $0\enc_scan[7:0]
   100/130: $0\enc_src[7:0]
   101/130: $0\resp_total[7:0]
   102/130: $0\resp_crc_idx[7:0]
   103/130: $0\resp_crc[15:0]
   104/130: $0\response_data_len[7:0]
   105/130: $0\response_len[7:0]
   106/130: $0\response_type[7:0]
   107/130: $0\response_kind[2:0]
   108/130: $0\read_data[31:0]
   109/130: $0\rd_addr_r[9:0]
   110/130: $0\cfg_value[31:0] [31:24]
   111/130: $0\cfg_mode[2:0]
   112/130: $0\cfg_decimation[7:0]
   113/130: $0\cfg_mask[31:0] [31:24]
   114/130: $4\crc16_update$func$E:\EDA_Race\Cangku\new\SigFlow_FPGA\rtl\debug/sf_debug_link.sv:307$376.i[31:0]$453
   115/130: $0\read_start[15:0] [15:8]
   116/130: $0\req_len[7:0]
   117/130: $0\req_seq[7:0]
   118/130: $0\req_type[7:0]
   119/130: $0\version_ok[0:0]
   120/130: $0\rx_crc[15:0]
   121/130: $0\body_count[7:0]
   122/130: $0\decoded_count[7:0]
   123/130: $0\tail1[7:0]
   124/130: $0\tail0[7:0]
   125/130: $0\decoded_byte[7:0]
   126/130: $0\rx_pending_code[7:0]
   127/130: $0\rx_left[7:0]
   128/130: $0\rx_after_apply[4:0]
   129/130: $0\state[4:0]
   130/130: $0\tx_byte[7:0]
Creating decoders for process `$paramod$b8d4a7355f3ca758b4057499fb0cf1044a81c528\sf_uart_link.$proc$E:\EDA_Race\Cangku\new\SigFlow_FPGA\rtl\debug/sf_uart_link.sv:73$365'.
     1/8: $0\rx_valid[0:0]
     2/8: $0\rx_prev[0:0]
     3/8: $0\rx_sync[0:0]
     4/8: $0\rx_data[7:0]
     5/8: $0\rx_shift[7:0]
     6/8: $0\rx_bits[3:0]
     7/8: $0\rx_cnt[31:0]
     8/8: $0\rx_running[0:0]
Creating decoders for process `$paramod$b8d4a7355f3ca758b4057499fb0cf1044a81c528\sf_uart_link.$proc$E:\EDA_Race\Cangku\new\SigFlow_FPGA\rtl\debug/sf_uart_link.sv:36$356'.
     1/4: $0\tx_running[0:0]
     2/4: $0\tx_cnt[31:0]
     3/4: $0\tx_bits[3:0]
     4/4: $0\tx_shift[9:0]

7.8. Executing PROC_DLATCH pass (convert process syncs to latches).
No latch inferred for signal `$paramod$e930f8c7611f8569218a4630a006d0be88b274a9\sf_micro_ila.\trig_cnt_next' from process `$paramod$e930f8c7611f8569218a4630a006d0be88b274a9\sf_micro_ila.$proc$E:\EDA_Race\Cangku\new\SigFlow_FPGA\rtl\debug/sf_micro_ila.sv:103$653'.
No latch inferred for signal `$paramod$e930f8c7611f8569218a4630a006d0be88b274a9\sf_micro_ila.\fire' from process `$paramod$e930f8c7611f8569218a4630a006d0be88b274a9\sf_micro_ila.$proc$E:\EDA_Race\Cangku\new\SigFlow_FPGA\rtl\debug/sf_micro_ila.sv:89$634'.

7.9. Executing PROC_DFF pass (convert process syncs to FFs).
Creating register for signal `\min_led_uart_top.\tx_busy' using process `\min_led_uart_top.$proc$E:/EDA_Race/Cangku/new/SigFlow_FPGA/examples/tracebridge_tangnano9k/rtl/min_led_uart_top.v:23$346'.
  created $adff cell `$procdff$3469' with positive edge clock and positive level reset.
Creating register for signal `\min_led_uart_top.\tx_shift' using process `\min_led_uart_top.$proc$E:/EDA_Race/Cangku/new/SigFlow_FPGA/examples/tracebridge_tangnano9k/rtl/min_led_uart_top.v:23$346'.
  created $adff cell `$procdff$3474' with positive edge clock and positive level reset.
Creating register for signal `\min_led_uart_top.\tick' using process `\min_led_uart_top.$proc$E:/EDA_Race/Cangku/new/SigFlow_FPGA/examples/tracebridge_tangnano9k/rtl/min_led_uart_top.v:23$346'.
  created $adff cell `$procdff$3479' with positive edge clock and positive level reset.
Creating register for signal `\min_led_uart_top.\bit_count' using process `\min_led_uart_top.$proc$E:/EDA_Race/Cangku/new/SigFlow_FPGA/examples/tracebridge_tangnano9k/rtl/min_led_uart_top.v:23$346'.
  created $adff cell `$procdff$3484' with positive edge clock and positive level reset.
Creating register for signal `\min_led_uart_top.\bit_timer' using process `\min_led_uart_top.$proc$E:/EDA_Race/Cangku/new/SigFlow_FPGA/examples/tracebridge_tangnano9k/rtl/min_led_uart_top.v:23$346'.
  created $adff cell `$procdff$3489' with positive edge clock and positive level reset.
Creating register for signal `\min_led_uart_top.\uart_tx_r' using process `\min_led_uart_top.$proc$E:/EDA_Race/Cangku/new/SigFlow_FPGA/examples/tracebridge_tangnano9k/rtl/min_led_uart_top.v:23$346'.
  created $adff cell `$procdff$3494' with positive edge clock and positive level reset.
Creating register for signal `\min_led_uart_top.\state' using process `\min_led_uart_top.$proc$E:/EDA_Race/Cangku/new/SigFlow_FPGA/examples/tracebridge_tangnano9k/rtl/min_led_uart_top.v:18$343'.
  created $adff cell `$procdff$3499' with positive edge clock and positive level reset.
Creating register for signal `$paramod$e930f8c7611f8569218a4630a006d0be88b274a9\sf_micro_ila.\wptr' using process `$paramod$e930f8c7611f8569218a4630a006d0be88b274a9\sf_micro_ila.$proc$E:\EDA_Race\Cangku\new\SigFlow_FPGA\rtl\debug/sf_micro_ila.sv:140$686'.
  created $adff cell `$procdff$3504' with positive edge clock and positive level reset.
Creating register for signal `$paramod$e930f8c7611f8569218a4630a006d0be88b274a9\sf_micro_ila.\running' using process `$paramod$e930f8c7611f8569218a4630a006d0be88b274a9\sf_micro_ila.$proc$E:\EDA_Race\Cangku\new\SigFlow_FPGA\rtl\debug/sf_micro_ila.sv:140$686'.
  created $adff cell `$procdff$3509' with positive edge clock and positive level reset.
Creating register for signal `$paramod$e930f8c7611f8569218a4630a006d0be88b274a9\sf_micro_ila.\done_reg' using process `$paramod$e930f8c7611f8569218a4630a006d0be88b274a9\sf_micro_ila.$proc$E:\EDA_Race\Cangku\new\SigFlow_FPGA\rtl\debug/sf_micro_ila.sv:140$686'.
  created $adff cell `$procdff$3514' with positive edge clock and positive level reset.
Creating register for signal `$paramod$e930f8c7611f8569218a4630a006d0be88b274a9\sf_micro_ila.\triggered_reg' using process `$paramod$e930f8c7611f8569218a4630a006d0be88b274a9\sf_micro_ila.$proc$E:\EDA_Race\Cangku\new\SigFlow_FPGA\rtl\debug/sf_micro_ila.sv:140$686'.
  created $adff cell `$procdff$3519' with positive edge clock and positive level reset.
Creating register for signal `$paramod$e930f8c7611f8569218a4630a006d0be88b274a9\sf_micro_ila.\trigger_index_reg' using process `$paramod$e930f8c7611f8569218a4630a006d0be88b274a9\sf_micro_ila.$proc$E:\EDA_Race\Cangku\new\SigFlow_FPGA\rtl\debug/sf_micro_ila.sv:140$686'.
  created $adff cell `$procdff$3524' with positive edge clock and positive level reset.
Creating register for signal `$paramod$e930f8c7611f8569218a4630a006d0be88b274a9\sf_micro_ila.\trig_cnt' using process `$paramod$e930f8c7611f8569218a4630a006d0be88b274a9\sf_micro_ila.$proc$E:\EDA_Race\Cangku\new\SigFlow_FPGA\rtl\debug/sf_micro_ila.sv:140$686'.
  created $adff cell `$procdff$3529' with positive edge clock and positive level reset.
Creating register for signal `$paramod$e930f8c7611f8569218a4630a006d0be88b274a9\sf_micro_ila.\decim_cnt' using process `$paramod$e930f8c7611f8569218a4630a006d0be88b274a9\sf_micro_ila.$proc$E:\EDA_Race\Cangku\new\SigFlow_FPGA\rtl\debug/sf_micro_ila.sv:140$686'.
  created $adff cell `$procdff$3534' with positive edge clock and positive level reset.
Creating register for signal `$paramod$e930f8c7611f8569218a4630a006d0be88b274a9\sf_micro_ila.\prev_masked' using process `$paramod$e930f8c7611f8569218a4630a006d0be88b274a9\sf_micro_ila.$proc$E:\EDA_Race\Cangku\new\SigFlow_FPGA\rtl\debug/sf_micro_ila.sv:140$686'.
  created $adff cell `$procdff$3539' with positive edge clock and positive level reset.
Creating register for signal `$paramod$e930f8c7611f8569218a4630a006d0be88b274a9\sf_micro_ila.\rd_data_reg' using process `$paramod$e930f8c7611f8569218a4630a006d0be88b274a9\sf_micro_ila.$proc$E:\EDA_Race\Cangku\new\SigFlow_FPGA\rtl\debug/sf_micro_ila.sv:134$676'.
  created $dff cell `$procdff$3540' with positive edge clock.
Creating register for signal `$paramod$e930f8c7611f8569218a4630a006d0be88b274a9\sf_micro_ila.$memwr$\mem$E:\EDA_Race\Cangku\new\SigFlow_FPGA\rtl\debug/sf_micro_ila.sv:135$617_ADDR' using process `$paramod$e930f8c7611f8569218a4630a006d0be88b274a9\sf_micro_ila.$proc$E:\EDA_Race\Cangku\new\SigFlow_FPGA\rtl\debug/sf_micro_ila.sv:134$676'.
  created $dff cell `$procdff$3541' with positive edge clock.
Creating register for signal `$paramod$e930f8c7611f8569218a4630a006d0be88b274a9\sf_micro_ila.$memwr$\mem$E:\EDA_Race\Cangku\new\SigFlow_FPGA\rtl\debug/sf_micro_ila.sv:135$617_DATA' using process `$paramod$e930f8c7611f8569218a4630a006d0be88b274a9\sf_micro_ila.$proc$E:\EDA_Race\Cangku\new\SigFlow_FPGA\rtl\debug/sf_micro_ila.sv:134$676'.
  created $dff cell `$procdff$3542' with positive edge clock.
Creating register for signal `$paramod$e930f8c7611f8569218a4630a006d0be88b274a9\sf_micro_ila.$memwr$\mem$E:\EDA_Race\Cangku\new\SigFlow_FPGA\rtl\debug/sf_micro_ila.sv:135$617_EN' using process `$paramod$e930f8c7611f8569218a4630a006d0be88b274a9\sf_micro_ila.$proc$E:\EDA_Race\Cangku\new\SigFlow_FPGA\rtl\debug/sf_micro_ila.sv:134$676'.
  created $dff cell `$procdff$3543' with positive edge clock.
Creating register for signal `$paramod$7f32b7354d3e74ebcd72bea5a67c892c31d7ed1f\sf_debug_link.\tx_byte' using process `$paramod$7f32b7354d3e74ebcd72bea5a67c892c31d7ed1f\sf_debug_link.$proc$E:\EDA_Race\Cangku\new\SigFlow_FPGA\rtl\debug/sf_debug_link.sv:205$381'.
  created $adff cell `$procdff$3548' with positive edge clock and positive level reset.
Creating register for signal `$paramod$7f32b7354d3e74ebcd72bea5a67c892c31d7ed1f\sf_debug_link.\tx_start' using process `$paramod$7f32b7354d3e74ebcd72bea5a67c892c31d7ed1f\sf_debug_link.$proc$E:\EDA_Race\Cangku\new\SigFlow_FPGA\rtl\debug/sf_debug_link.sv:205$381'.
  created $adff cell `$procdff$3553' with positive edge clock and positive level reset.
Creating register for signal `$paramod$7f32b7354d3e74ebcd72bea5a67c892c31d7ed1f\sf_debug_link.\state' using process `$paramod$7f32b7354d3e74ebcd72bea5a67c892c31d7ed1f\sf_debug_link.$proc$E:\EDA_Race\Cangku\new\SigFlow_FPGA\rtl\debug/sf_debug_link.sv:205$381'.
  created $adff cell `$procdff$3558' with positive edge clock and positive level reset.
Creating register for signal `$paramod$7f32b7354d3e74ebcd72bea5a67c892c31d7ed1f\sf_debug_link.\rx_after_apply' using process `$paramod$7f32b7354d3e74ebcd72bea5a67c892c31d7ed1f\sf_debug_link.$proc$E:\EDA_Race\Cangku\new\SigFlow_FPGA\rtl\debug/sf_debug_link.sv:205$381'.
  created $dff cell `$procdff$3565' with positive edge clock.
Creating register for signal `$paramod$7f32b7354d3e74ebcd72bea5a67c892c31d7ed1f\sf_debug_link.\rx_left' using process `$paramod$7f32b7354d3e74ebcd72bea5a67c892c31d7ed1f\sf_debug_link.$proc$E:\EDA_Race\Cangku\new\SigFlow_FPGA\rtl\debug/sf_debug_link.sv:205$381'.
  created $adff cell `$procdff$3570' with positive edge clock and positive level reset.
Creating register for signal `$paramod$7f32b7354d3e74ebcd72bea5a67c892c31d7ed1f\sf_debug_link.\rx_pending_code' using process `$paramod$7f32b7354d3e74ebcd72bea5a67c892c31d7ed1f\sf_debug_link.$proc$E:\EDA_Race\Cangku\new\SigFlow_FPGA\rtl\debug/sf_debug_link.sv:205$381'.
  created $adff cell `$procdff$3575' with positive edge clock and positive level reset.
Creating register for signal `$paramod$7f32b7354d3e74ebcd72bea5a67c892c31d7ed1f\sf_debug_link.\decoded_byte' using process `$paramod$7f32b7354d3e74ebcd72bea5a67c892c31d7ed1f\sf_debug_link.$proc$E:\EDA_Race\Cangku\new\SigFlow_FPGA\rtl\debug/sf_debug_link.sv:205$381'.
  created $adff cell `$procdff$3580' with positive edge clock and positive level reset.
Creating register for signal `$paramod$7f32b7354d3e74ebcd72bea5a67c892c31d7ed1f\sf_debug_link.\tail0' using process `$paramod$7f32b7354d3e74ebcd72bea5a67c892c31d7ed1f\sf_debug_link.$proc$E:\EDA_Race\Cangku\new\SigFlow_FPGA\rtl\debug/sf_debug_link.sv:205$381'.
  created $adff cell `$procdff$3585' with positive edge clock and positive level reset.
Creating register for signal `$paramod$7f32b7354d3e74ebcd72bea5a67c892c31d7ed1f\sf_debug_link.\tail1' using process `$paramod$7f32b7354d3e74ebcd72bea5a67c892c31d7ed1f\sf_debug_link.$proc$E:\EDA_Race\Cangku\new\SigFlow_FPGA\rtl\debug/sf_debug_link.sv:205$381'.
  created $adff cell `$procdff$3590' with positive edge clock and positive level reset.
Creating register for signal `$paramod$7f32b7354d3e74ebcd72bea5a67c892c31d7ed1f\sf_debug_link.\decoded_count' using process `$paramod$7f32b7354d3e74ebcd72bea5a67c892c31d7ed1f\sf_debug_link.$proc$E:\EDA_Race\Cangku\new\SigFlow_FPGA\rtl\debug/sf_debug_link.sv:205$381'.
  created $adff cell `$procdff$3595' with positive edge clock and positive level reset.
Creating register for signal `$paramod$7f32b7354d3e74ebcd72bea5a67c892c31d7ed1f\sf_debug_link.\body_count' using process `$paramod$7f32b7354d3e74ebcd72bea5a67c892c31d7ed1f\sf_debug_link.$proc$E:\EDA_Race\Cangku\new\SigFlow_FPGA\rtl\debug/sf_debug_link.sv:205$381'.
  created $adff cell `$procdff$3600' with positive edge clock and positive level reset.
Creating register for signal `$paramod$7f32b7354d3e74ebcd72bea5a67c892c31d7ed1f\sf_debug_link.\rx_crc' using process `$paramod$7f32b7354d3e74ebcd72bea5a67c892c31d7ed1f\sf_debug_link.$proc$E:\EDA_Race\Cangku\new\SigFlow_FPGA\rtl\debug/sf_debug_link.sv:205$381'.
  created $adff cell `$procdff$3605' with positive edge clock and positive level reset.
Creating register for signal `$paramod$7f32b7354d3e74ebcd72bea5a67c892c31d7ed1f\sf_debug_link.\version_ok' using process `$paramod$7f32b7354d3e74ebcd72bea5a67c892c31d7ed1f\sf_debug_link.$proc$E:\EDA_Race\Cangku\new\SigFlow_FPGA\rtl\debug/sf_debug_link.sv:205$381'.
  created $adff cell `$procdff$3610' with positive edge clock and positive level reset.
Creating register for signal `$paramod$7f32b7354d3e74ebcd72bea5a67c892c31d7ed1f\sf_debug_link.\req_type' using process `$paramod$7f32b7354d3e74ebcd72bea5a67c892c31d7ed1f\sf_debug_link.$proc$E:\EDA_Race\Cangku\new\SigFlow_FPGA\rtl\debug/sf_debug_link.sv:205$381'.
  created $adff cell `$procdff$3615' with positive edge clock and positive level reset.
Creating register for signal `$paramod$7f32b7354d3e74ebcd72bea5a67c892c31d7ed1f\sf_debug_link.\req_seq' using process `$paramod$7f32b7354d3e74ebcd72bea5a67c892c31d7ed1f\sf_debug_link.$proc$E:\EDA_Race\Cangku\new\SigFlow_FPGA\rtl\debug/sf_debug_link.sv:205$381'.
  created $adff cell `$procdff$3620' with positive edge clock and positive level reset.
Creating register for signal `$paramod$7f32b7354d3e74ebcd72bea5a67c892c31d7ed1f\sf_debug_link.\req_len' using process `$paramod$7f32b7354d3e74ebcd72bea5a67c892c31d7ed1f\sf_debug_link.$proc$E:\EDA_Race\Cangku\new\SigFlow_FPGA\rtl\debug/sf_debug_link.sv:205$381'.
  created $adff cell `$procdff$3625' with positive edge clock and positive level reset.
Creating register for signal `$paramod$7f32b7354d3e74ebcd72bea5a67c892c31d7ed1f\sf_debug_link.\read_start' using process `$paramod$7f32b7354d3e74ebcd72bea5a67c892c31d7ed1f\sf_debug_link.$proc$E:\EDA_Race\Cangku\new\SigFlow_FPGA\rtl\debug/sf_debug_link.sv:205$381'.
  created $adff cell `$procdff$3630' with positive edge clock and positive level reset.
Creating register for signal `$paramod$7f32b7354d3e74ebcd72bea5a67c892c31d7ed1f\sf_debug_link.\cfg_mask' using process `$paramod$7f32b7354d3e74ebcd72bea5a67c892c31d7ed1f\sf_debug_link.$proc$E:\EDA_Race\Cangku\new\SigFlow_FPGA\rtl\debug/sf_debug_link.sv:205$381'.
  created $adff cell `$procdff$3635' with positive edge clock and positive level reset.
Creating register for signal `$paramod$7f32b7354d3e74ebcd72bea5a67c892c31d7ed1f\sf_debug_link.\cfg_value' using process `$paramod$7f32b7354d3e74ebcd72bea5a67c892c31d7ed1f\sf_debug_link.$proc$E:\EDA_Race\Cangku\new\SigFlow_FPGA\rtl\debug/sf_debug_link.sv:205$381'.
  created $adff cell `$procdff$3640' with positive edge clock and positive level reset.
Creating register for signal `$paramod$7f32b7354d3e74ebcd72bea5a67c892c31d7ed1f\sf_debug_link.\cfg_decimation' using process `$paramod$7f32b7354d3e74ebcd72bea5a67c892c31d7ed1f\sf_debug_link.$proc$E:\EDA_Race\Cangku\new\SigFlow_FPGA\rtl\debug/sf_debug_link.sv:205$381'.
  created $adff cell `$procdff$3645' with positive edge clock and positive level reset.
Creating register for signal `$paramod$7f32b7354d3e74ebcd72bea5a67c892c31d7ed1f\sf_debug_link.\cfg_mode' using process `$paramod$7f32b7354d3e74ebcd72bea5a67c892c31d7ed1f\sf_debug_link.$proc$E:\EDA_Race\Cangku\new\SigFlow_FPGA\rtl\debug/sf_debug_link.sv:205$381'.
  created $adff cell `$procdff$3650' with positive edge clock and positive level reset.
Creating register for signal `$paramod$7f32b7354d3e74ebcd72bea5a67c892c31d7ed1f\sf_debug_link.\cfg_count' using process `$paramod$7f32b7354d3e74ebcd72bea5a67c892c31d7ed1f\sf_debug_link.$proc$E:\EDA_Race\Cangku\new\SigFlow_FPGA\rtl\debug/sf_debug_link.sv:205$381'.
  created $adff cell `$procdff$3655' with positive edge clock and positive level reset.
Creating register for signal `$paramod$7f32b7354d3e74ebcd72bea5a67c892c31d7ed1f\sf_debug_link.\arm_pulse_r' using process `$paramod$7f32b7354d3e74ebcd72bea5a67c892c31d7ed1f\sf_debug_link.$proc$E:\EDA_Race\Cangku\new\SigFlow_FPGA\rtl\debug/sf_debug_link.sv:205$381'.
  created $adff cell `$procdff$3660' with positive edge clock and positive level reset.
Creating register for signal `$paramod$7f32b7354d3e74ebcd72bea5a67c892c31d7ed1f\sf_debug_link.\reset_pulse_r' using process `$paramod$7f32b7354d3e74ebcd72bea5a67c892c31d7ed1f\sf_debug_link.$proc$E:\EDA_Race\Cangku\new\SigFlow_FPGA\rtl\debug/sf_debug_link.sv:205$381'.
  created $adff cell `$procdff$3665' with positive edge clock and positive level reset.
Creating register for signal `$paramod$7f32b7354d3e74ebcd72bea5a67c892c31d7ed1f\sf_debug_link.\rd_addr_r' using process `$paramod$7f32b7354d3e74ebcd72bea5a67c892c31d7ed1f\sf_debug_link.$proc$E:\EDA_Race\Cangku\new\SigFlow_FPGA\rtl\debug/sf_debug_link.sv:205$381'.
  created $adff cell `$procdff$3670' with positive edge clock and positive level reset.
Creating register for signal `$paramod$7f32b7354d3e74ebcd72bea5a67c892c31d7ed1f\sf_debug_link.\read_data' using process `$paramod$7f32b7354d3e74ebcd72bea5a67c892c31d7ed1f\sf_debug_link.$proc$E:\EDA_Race\Cangku\new\SigFlow_FPGA\rtl\debug/sf_debug_link.sv:205$381'.
  created $adff cell `$procdff$3675' with positive edge clock and positive level reset.
Creating register for signal `$paramod$7f32b7354d3e74ebcd72bea5a67c892c31d7ed1f\sf_debug_link.\response_kind' using process `$paramod$7f32b7354d3e74ebcd72bea5a67c892c31d7ed1f\sf_debug_link.$proc$E:\EDA_Race\Cangku\new\SigFlow_FPGA\rtl\debug/sf_debug_link.sv:205$381'.
  created $adff cell `$procdff$3680' with positive edge clock and positive level reset.
Creating register for signal `$paramod$7f32b7354d3e74ebcd72bea5a67c892c31d7ed1f\sf_debug_link.\response_type' using process `$paramod$7f32b7354d3e74ebcd72bea5a67c892c31d7ed1f\sf_debug_link.$proc$E:\EDA_Race\Cangku\new\SigFlow_FPGA\rtl\debug/sf_debug_link.sv:205$381'.
  created $adff cell `$procdff$3685' with positive edge clock and positive level reset.
Creating register for signal `$paramod$7f32b7354d3e74ebcd72bea5a67c892c31d7ed1f\sf_debug_link.\response_len' using process `$paramod$7f32b7354d3e74ebcd72bea5a67c892c31d7ed1f\sf_debug_link.$proc$E:\EDA_Race\Cangku\new\SigFlow_FPGA\rtl\debug/sf_debug_link.sv:205$381'.
  created $adff cell `$procdff$3690' with positive edge clock and positive level reset.
Creating register for signal `$paramod$7f32b7354d3e74ebcd72bea5a67c892c31d7ed1f\sf_debug_link.\response_data_len' using process `$paramod$7f32b7354d3e74ebcd72bea5a67c892c31d7ed1f\sf_debug_link.$proc$E:\EDA_Race\Cangku\new\SigFlow_FPGA\rtl\debug/sf_debug_link.sv:205$381'.
  created $adff cell `$procdff$3695' with positive edge clock and positive level reset.
Creating register for signal `$paramod$7f32b7354d3e74ebcd72bea5a67c892c31d7ed1f\sf_debug_link.\resp_crc' using process `$paramod$7f32b7354d3e74ebcd72bea5a67c892c31d7ed1f\sf_debug_link.$proc$E:\EDA_Race\Cangku\new\SigFlow_FPGA\rtl\debug/sf_debug_link.sv:205$381'.
  created $adff cell `$procdff$3700' with positive edge clock and positive level reset.
Creating register for signal `$paramod$7f32b7354d3e74ebcd72bea5a67c892c31d7ed1f\sf_debug_link.\resp_crc_idx' using process `$paramod$7f32b7354d3e74ebcd72bea5a67c892c31d7ed1f\sf_debug_link.$proc$E:\EDA_Race\Cangku\new\SigFlow_FPGA\rtl\debug/sf_debug_link.sv:205$381'.
  created $adff cell `$procdff$3705' with positive edge clock and positive level reset.
Creating register for signal `$paramod$7f32b7354d3e74ebcd72bea5a67c892c31d7ed1f\sf_debug_link.\resp_total' using process `$paramod$7f32b7354d3e74ebcd72bea5a67c892c31d7ed1f\sf_debug_link.$proc$E:\EDA_Race\Cangku\new\SigFlow_FPGA\rtl\debug/sf_debug_link.sv:205$381'.
  created $adff cell `$procdff$3710' with positive edge clock and positive level reset.
Creating register for signal `$paramod$7f32b7354d3e74ebcd72bea5a67c892c31d7ed1f\sf_debug_link.\enc_src' using process `$paramod$7f32b7354d3e74ebcd72bea5a67c892c31d7ed1f\sf_debug_link.$proc$E:\EDA_Race\Cangku\new\SigFlow_FPGA\rtl\debug/sf_debug_link.sv:205$381'.
  created $adff cell `$procdff$3715' with positive edge clock and positive level reset.
Creating register for signal `$paramod$7f32b7354d3e74ebcd72bea5a67c892c31d7ed1f\sf_debug_link.\enc_scan' using process `$paramod$7f32b7354d3e74ebcd72bea5a67c892c31d7ed1f\sf_debug_link.$proc$E:\EDA_Race\Cangku\new\SigFlow_FPGA\rtl\debug/sf_debug_link.sv:205$381'.
  created $adff cell `$procdff$3720' with positive edge clock and positive level reset.
Creating register for signal `$paramod$7f32b7354d3e74ebcd72bea5a67c892c31d7ed1f\sf_debug_link.\enc_zero' using process `$paramod$7f32b7354d3e74ebcd72bea5a67c892c31d7ed1f\sf_debug_link.$proc$E:\EDA_Race\Cangku\new\SigFlow_FPGA\rtl\debug/sf_debug_link.sv:205$381'.
  created $adff cell `$procdff$3725' with positive edge clock and positive level reset.
Creating register for signal `$paramod$7f32b7354d3e74ebcd72bea5a67c892c31d7ed1f\sf_debug_link.\enc_copy' using process `$paramod$7f32b7354d3e74ebcd72bea5a67c892c31d7ed1f\sf_debug_link.$proc$E:\EDA_Race\Cangku\new\SigFlow_FPGA\rtl\debug/sf_debug_link.sv:205$381'.
  created $adff cell `$procdff$3730' with positive edge clock and positive level reset.
Creating register for signal `$paramod$7f32b7354d3e74ebcd72bea5a67c892c31d7ed1f\sf_debug_link.\tx_after' using process `$paramod$7f32b7354d3e74ebcd72bea5a67c892c31d7ed1f\sf_debug_link.$proc$E:\EDA_Race\Cangku\new\SigFlow_FPGA\rtl\debug/sf_debug_link.sv:205$381'.
  created $adff cell `$procdff$3735' with positive edge clock and positive level reset.
Creating register for signal `$paramod$7f32b7354d3e74ebcd72bea5a67c892c31d7ed1f\sf_debug_link.\crc16_update$func$E:\EDA_Race\Cangku\new\SigFlow_FPGA\rtl\debug/sf_debug_link.sv:307$376.$result' using process `$paramod$7f32b7354d3e74ebcd72bea5a67c892c31d7ed1f\sf_debug_link.$proc$E:\EDA_Race\Cangku\new\SigFlow_FPGA\rtl\debug/sf_debug_link.sv:205$381'.
  created $adff cell `$procdff$3740' with positive edge clock and positive level reset.
Creating register for signal `$paramod$7f32b7354d3e74ebcd72bea5a67c892c31d7ed1f\sf_debug_link.\crc16_update$func$E:\EDA_Race\Cangku\new\SigFlow_FPGA\rtl\debug/sf_debug_link.sv:307$376.crc' using process `$paramod$7f32b7354d3e74ebcd72bea5a67c892c31d7ed1f\sf_debug_link.$proc$E:\EDA_Race\Cangku\new\SigFlow_FPGA\rtl\debug/sf_debug_link.sv:205$381'.
  created $adff cell `$procdff$3745' with positive edge clock and positive level reset.
Creating register for signal `$paramod$7f32b7354d3e74ebcd72bea5a67c892c31d7ed1f\sf_debug_link.\crc16_update$func$E:\EDA_Race\Cangku\new\SigFlow_FPGA\rtl\debug/sf_debug_link.sv:307$376.bdata' using process `$paramod$7f32b7354d3e74ebcd72bea5a67c892c31d7ed1f\sf_debug_link.$proc$E:\EDA_Race\Cangku\new\SigFlow_FPGA\rtl\debug/sf_debug_link.sv:205$381'.
  created $adff cell `$procdff$3750' with positive edge clock and positive level reset.
Creating register for signal `$paramod$7f32b7354d3e74ebcd72bea5a67c892c31d7ed1f\sf_debug_link.\crc16_update$func$E:\EDA_Race\Cangku\new\SigFlow_FPGA\rtl\debug/sf_debug_link.sv:307$376.c' using process `$paramod$7f32b7354d3e74ebcd72bea5a67c892c31d7ed1f\sf_debug_link.$proc$E:\EDA_Race\Cangku\new\SigFlow_FPGA\rtl\debug/sf_debug_link.sv:205$381'.
  created $adff cell `$procdff$3755' with positive edge clock and positive level reset.
Creating register for signal `$paramod$7f32b7354d3e74ebcd72bea5a67c892c31d7ed1f\sf_debug_link.\crc16_update$func$E:\EDA_Race\Cangku\new\SigFlow_FPGA\rtl\debug/sf_debug_link.sv:307$376.i' using process `$paramod$7f32b7354d3e74ebcd72bea5a67c892c31d7ed1f\sf_debug_link.$proc$E:\EDA_Race\Cangku\new\SigFlow_FPGA\rtl\debug/sf_debug_link.sv:205$381'.
  created $adff cell `$procdff$3760' with positive edge clock and positive level reset.
Creating register for signal `$paramod$7f32b7354d3e74ebcd72bea5a67c892c31d7ed1f\sf_debug_link.\response_byte$func$E:\EDA_Race\Cangku\new\SigFlow_FPGA\rtl\debug/sf_debug_link.sv:447$377.$result' using process `$paramod$7f32b7354d3e74ebcd72bea5a67c892c31d7ed1f\sf_debug_link.$proc$E:\EDA_Race\Cangku\new\SigFlow_FPGA\rtl\debug/sf_debug_link.sv:205$381'.
  created $adff cell `$procdff$3765' with positive edge clock and positive level reset.
Creating register for signal `$paramod$7f32b7354d3e74ebcd72bea5a67c892c31d7ed1f\sf_debug_link.\response_byte$func$E:\EDA_Race\Cangku\new\SigFlow_FPGA\rtl\debug/sf_debug_link.sv:447$377.index' using process `$paramod$7f32b7354d3e74ebcd72bea5a67c892c31d7ed1f\sf_debug_link.$proc$E:\EDA_Race\Cangku\new\SigFlow_FPGA\rtl\debug/sf_debug_link.sv:205$381'.
  created $adff cell `$procdff$3770' with positive edge clock and positive level reset.
Creating register for signal `$paramod$7f32b7354d3e74ebcd72bea5a67c892c31d7ed1f\sf_debug_link.\crc16_update$func$E:\EDA_Race\Cangku\new\SigFlow_FPGA\rtl\debug/sf_debug_link.sv:447$378.$result' using process `$paramod$7f32b7354d3e74ebcd72bea5a67c892c31d7ed1f\sf_debug_link.$proc$E:\EDA_Race\Cangku\new\SigFlow_FPGA\rtl\debug/sf_debug_link.sv:205$381'.
  created $adff cell `$procdff$3775' with positive edge clock and positive level reset.
Creating register for signal `$paramod$7f32b7354d3e74ebcd72bea5a67c892c31d7ed1f\sf_debug_link.\crc16_update$func$E:\EDA_Race\Cangku\new\SigFlow_FPGA\rtl\debug/sf_debug_link.sv:447$378.crc' using process `$paramod$7f32b7354d3e74ebcd72bea5a67c892c31d7ed1f\sf_debug_link.$proc$E:\EDA_Race\Cangku\new\SigFlow_FPGA\rtl\debug/sf_debug_link.sv:205$381'.
  created $adff cell `$procdff$3780' with positive edge clock and positive level reset.
Creating register for signal `$paramod$7f32b7354d3e74ebcd72bea5a67c892c31d7ed1f\sf_debug_link.\crc16_update$func$E:\EDA_Race\Cangku\new\SigFlow_FPGA\rtl\debug/sf_debug_link.sv:447$378.bdata' using process `$paramod$7f32b7354d3e74ebcd72bea5a67c892c31d7ed1f\sf_debug_link.$proc$E:\EDA_Race\Cangku\new\SigFlow_FPGA\rtl\debug/sf_debug_link.sv:205$381'.
  created $adff cell `$procdff$3785' with positive edge clock and positive level reset.
Creating register for signal `$paramod$7f32b7354d3e74ebcd72bea5a67c892c31d7ed1f\sf_debug_link.\crc16_update$func$E:\EDA_Race\Cangku\new\SigFlow_FPGA\rtl\debug/sf_debug_link.sv:447$378.c' using process `$paramod$7f32b7354d3e74ebcd72bea5a67c892c31d7ed1f\sf_debug_link.$proc$E:\EDA_Race\Cangku\new\SigFlow_FPGA\rtl\debug/sf_debug_link.sv:205$381'.
  created $adff cell `$procdff$3790' with positive edge clock and positive level reset.
Creating register for signal `$paramod$7f32b7354d3e74ebcd72bea5a67c892c31d7ed1f\sf_debug_link.\crc16_update$func$E:\EDA_Race\Cangku\new\SigFlow_FPGA\rtl\debug/sf_debug_link.sv:447$378.i' using process `$paramod$7f32b7354d3e74ebcd72bea5a67c892c31d7ed1f\sf_debug_link.$proc$E:\EDA_Race\Cangku\new\SigFlow_FPGA\rtl\debug/sf_debug_link.sv:205$381'.
  created $adff cell `$procdff$3795' with positive edge clock and positive level reset.
Creating register for signal `$paramod$7f32b7354d3e74ebcd72bea5a67c892c31d7ed1f\sf_debug_link.\response_byte$func$E:\EDA_Race\Cangku\new\SigFlow_FPGA\rtl\debug/sf_debug_link.sv:490$379.$result' using process `$paramod$7f32b7354d3e74ebcd72bea5a67c892c31d7ed1f\sf_debug_link.$proc$E:\EDA_Race\Cangku\new\SigFlow_FPGA\rtl\debug/sf_debug_link.sv:205$381'.
  created $adff cell `$procdff$3800' with positive edge clock and positive level reset.
Creating register for signal `$paramod$7f32b7354d3e74ebcd72bea5a67c892c31d7ed1f\sf_debug_link.\response_byte$func$E:\EDA_Race\Cangku\new\SigFlow_FPGA\rtl\debug/sf_debug_link.sv:490$379.index' using process `$paramod$7f32b7354d3e74ebcd72bea5a67c892c31d7ed1f\sf_debug_link.$proc$E:\EDA_Race\Cangku\new\SigFlow_FPGA\rtl\debug/sf_debug_link.sv:205$381'.
  created $adff cell `$procdff$3805' with positive edge clock and positive level reset.
Creating register for signal `$paramod$7f32b7354d3e74ebcd72bea5a67c892c31d7ed1f\sf_debug_link.\response_byte$func$E:\EDA_Race\Cangku\new\SigFlow_FPGA\rtl\debug/sf_debug_link.sv:502$380.$result' using process `$paramod$7f32b7354d3e74ebcd72bea5a67c892c31d7ed1f\sf_debug_link.$proc$E:\EDA_Race\Cangku\new\SigFlow_FPGA\rtl\debug/sf_debug_link.sv:205$381'.
  created $adff cell `$procdff$3810' with positive edge clock and positive level reset.
Creating register for signal `$paramod$7f32b7354d3e74ebcd72bea5a67c892c31d7ed1f\sf_debug_link.\response_byte$func$E:\EDA_Race\Cangku\new\SigFlow_FPGA\rtl\debug/sf_debug_link.sv:502$380.index' using process `$paramod$7f32b7354d3e74ebcd72bea5a67c892c31d7ed1f\sf_debug_link.$proc$E:\EDA_Race\Cangku\new\SigFlow_FPGA\rtl\debug/sf_debug_link.sv:205$381'.
  created $adff cell `$procdff$3815' with positive edge clock and positive level reset.
Creating register for signal `$paramod$b8d4a7355f3ca758b4057499fb0cf1044a81c528\sf_uart_link.\rx_sync' using process `$paramod$b8d4a7355f3ca758b4057499fb0cf1044a81c528\sf_uart_link.$proc$E:\EDA_Race\Cangku\new\SigFlow_FPGA\rtl\debug/sf_uart_link.sv:73$365'.
  created $adff cell `$procdff$3820' with positive edge clock and positive level reset.
Creating register for signal `$paramod$b8d4a7355f3ca758b4057499fb0cf1044a81c528\sf_uart_link.\rx_prev' using process `$paramod$b8d4a7355f3ca758b4057499fb0cf1044a81c528\sf_uart_link.$proc$E:\EDA_Race\Cangku\new\SigFlow_FPGA\rtl\debug/sf_uart_link.sv:73$365'.
  created $adff cell `$procdff$3825' with positive edge clock and positive level reset.
Creating register for signal `$paramod$b8d4a7355f3ca758b4057499fb0cf1044a81c528\sf_uart_link.\rx_running' using process `$paramod$b8d4a7355f3ca758b4057499fb0cf1044a81c528\sf_uart_link.$proc$E:\EDA_Race\Cangku\new\SigFlow_FPGA\rtl\debug/sf_uart_link.sv:73$365'.
  created $adff cell `$procdff$3830' with positive edge clock and positive level reset.
Creating register for signal `$paramod$b8d4a7355f3ca758b4057499fb0cf1044a81c528\sf_uart_link.\rx_cnt' using process `$paramod$b8d4a7355f3ca758b4057499fb0cf1044a81c528\sf_uart_link.$proc$E:\EDA_Race\Cangku\new\SigFlow_FPGA\rtl\debug/sf_uart_link.sv:73$365'.
  created $adff cell `$procdff$3835' with positive edge clock and positive level reset.
Creating register for signal `$paramod$b8d4a7355f3ca758b4057499fb0cf1044a81c528\sf_uart_link.\rx_bits' using process `$paramod$b8d4a7355f3ca758b4057499fb0cf1044a81c528\sf_uart_link.$proc$E:\EDA_Race\Cangku\new\SigFlow_FPGA\rtl\debug/sf_uart_link.sv:73$365'.
  created $adff cell `$procdff$3840' with positive edge clock and positive level reset.
Creating register for signal `$paramod$b8d4a7355f3ca758b4057499fb0cf1044a81c528\sf_uart_link.\rx_shift' using process `$paramod$b8d4a7355f3ca758b4057499fb0cf1044a81c528\sf_uart_link.$proc$E:\EDA_Race\Cangku\new\SigFlow_FPGA\rtl\debug/sf_uart_link.sv:73$365'.
  created $adff cell `$procdff$3845' with positive edge clock and positive level reset.
Creating register for signal `$paramod$b8d4a7355f3ca758b4057499fb0cf1044a81c528\sf_uart_link.\rx_valid' using process `$paramod$b8d4a7355f3ca758b4057499fb0cf1044a81c528\sf_uart_link.$proc$E:\EDA_Race\Cangku\new\SigFlow_FPGA\rtl\debug/sf_uart_link.sv:73$365'.
  created $adff cell `$procdff$3850' with positive edge clock and positive level reset.
Creating register for signal `$paramod$b8d4a7355f3ca758b4057499fb0cf1044a81c528\sf_uart_link.\rx_data' using process `$paramod$b8d4a7355f3ca758b4057499fb0cf1044a81c528\sf_uart_link.$proc$E:\EDA_Race\Cangku\new\SigFlow_FPGA\rtl\debug/sf_uart_link.sv:73$365'.
  created $adff cell `$procdff$3855' with positive edge clock and positive level reset.
Creating register for signal `$paramod$b8d4a7355f3ca758b4057499fb0cf1044a81c528\sf_uart_link.\tx_shift' using process `$paramod$b8d4a7355f3ca758b4057499fb0cf1044a81c528\sf_uart_link.$proc$E:\EDA_Race\Cangku\new\SigFlow_FPGA\rtl\debug/sf_uart_link.sv:36$356'.
  created $adff cell `$procdff$3860' with positive edge clock and positive level reset.
Creating register for signal `$paramod$b8d4a7355f3ca758b4057499fb0cf1044a81c528\sf_uart_link.\tx_bits' using process `$paramod$b8d4a7355f3ca758b4057499fb0cf1044a81c528\sf_uart_link.$proc$E:\EDA_Race\Cangku\new\SigFlow_FPGA\rtl\debug/sf_uart_link.sv:36$356'.
  created $adff cell `$procdff$3865' with positive edge clock and positive level reset.
Creating register for signal `$paramod$b8d4a7355f3ca758b4057499fb0cf1044a81c528\sf_uart_link.\tx_cnt' using process `$paramod$b8d4a7355f3ca758b4057499fb0cf1044a81c528\sf_uart_link.$proc$E:\EDA_Race\Cangku\new\SigFlow_FPGA\rtl\debug/sf_uart_link.sv:36$356'.
  created $adff cell `$procdff$3870' with positive edge clock and positive level reset.
Creating register for signal `$paramod$b8d4a7355f3ca758b4057499fb0cf1044a81c528\sf_uart_link.\tx_running' using process `$paramod$b8d4a7355f3ca758b4057499fb0cf1044a81c528\sf_uart_link.$proc$E:\EDA_Race\Cangku\new\SigFlow_FPGA\rtl\debug/sf_uart_link.sv:36$356'.
  created $adff cell `$procdff$3875' with positive edge clock and positive level reset.

7.10. Executing PROC_MEMWR pass (convert process memory writes to cells).

7.11. Executing PROC_CLEAN pass (remove empty switches from decision trees).
Found and cleaned up 4 empty switches in `\min_led_uart_top.$proc$E:/EDA_Race/Cangku/new/SigFlow_FPGA/examples/tracebridge_tangnano9k/rtl/min_led_uart_top.v:23$346'.
Removing empty process `min_led_uart_top.$proc$E:/EDA_Race/Cangku/new/SigFlow_FPGA/examples/tracebridge_tangnano9k/rtl/min_led_uart_top.v:23$346'.
Removing empty process `min_led_uart_top.$proc$E:/EDA_Race/Cangku/new/SigFlow_FPGA/examples/tracebridge_tangnano9k/rtl/min_led_uart_top.v:18$343'.
Found and cleaned up 8 empty switches in `$paramod$e930f8c7611f8569218a4630a006d0be88b274a9\sf_micro_ila.$proc$E:\EDA_Race\Cangku\new\SigFlow_FPGA\rtl\debug/sf_micro_ila.sv:140$686'.
Removing empty process `$paramod$e930f8c7611f8569218a4630a006d0be88b274a9\sf_micro_ila.$proc$E:\EDA_Race\Cangku\new\SigFlow_FPGA\rtl\debug/sf_micro_ila.sv:140$686'.
Found and cleaned up 1 empty switch in `$paramod$e930f8c7611f8569218a4630a006d0be88b274a9\sf_micro_ila.$proc$E:\EDA_Race\Cangku\new\SigFlow_FPGA\rtl\debug/sf_micro_ila.sv:134$676'.
Removing empty process `$paramod$e930f8c7611f8569218a4630a006d0be88b274a9\sf_micro_ila.$proc$E:\EDA_Race\Cangku\new\SigFlow_FPGA\rtl\debug/sf_micro_ila.sv:134$676'.
Found and cleaned up 9 empty switches in `$paramod$e930f8c7611f8569218a4630a006d0be88b274a9\sf_micro_ila.$proc$E:\EDA_Race\Cangku\new\SigFlow_FPGA\rtl\debug/sf_micro_ila.sv:103$653'.
Removing empty process `$paramod$e930f8c7611f8569218a4630a006d0be88b274a9\sf_micro_ila.$proc$E:\EDA_Race\Cangku\new\SigFlow_FPGA\rtl\debug/sf_micro_ila.sv:103$653'.
Found and cleaned up 1 empty switch in `$paramod$e930f8c7611f8569218a4630a006d0be88b274a9\sf_micro_ila.$proc$E:\EDA_Race\Cangku\new\SigFlow_FPGA\rtl\debug/sf_micro_ila.sv:89$634'.
Removing empty process `$paramod$e930f8c7611f8569218a4630a006d0be88b274a9\sf_micro_ila.$proc$E:\EDA_Race\Cangku\new\SigFlow_FPGA\rtl\debug/sf_micro_ila.sv:89$634'.
Found and cleaned up 56 empty switches in `$paramod$7f32b7354d3e74ebcd72bea5a67c892c31d7ed1f\sf_debug_link.$proc$E:\EDA_Race\Cangku\new\SigFlow_FPGA\rtl\debug/sf_debug_link.sv:205$381'.
Removing empty process `$paramod$7f32b7354d3e74ebcd72bea5a67c892c31d7ed1f\sf_debug_link.$proc$E:\EDA_Race\Cangku\new\SigFlow_FPGA\rtl\debug/sf_debug_link.sv:205$381'.
Found and cleaned up 8 empty switches in `$paramod$b8d4a7355f3ca758b4057499fb0cf1044a81c528\sf_uart_link.$proc$E:\EDA_Race\Cangku\new\SigFlow_FPGA\rtl\debug/sf_uart_link.sv:73$365'.
Removing empty process `$paramod$b8d4a7355f3ca758b4057499fb0cf1044a81c528\sf_uart_link.$proc$E:\EDA_Race\Cangku\new\SigFlow_FPGA\rtl\debug/sf_uart_link.sv:73$365'.
Found and cleaned up 4 empty switches in `$paramod$b8d4a7355f3ca758b4057499fb0cf1044a81c528\sf_uart_link.$proc$E:\EDA_Race\Cangku\new\SigFlow_FPGA\rtl\debug/sf_uart_link.sv:36$356'.
Removing empty process `$paramod$b8d4a7355f3ca758b4057499fb0cf1044a81c528\sf_uart_link.$proc$E:\EDA_Race\Cangku\new\SigFlow_FPGA\rtl\debug/sf_uart_link.sv:36$356'.
Cleaned up 91 empty switches.

7.12. Executing OPT_EXPR pass (perform const folding).
Optimizing module sf_debug_top.
Optimizing module min_led_uart_top.
<suppressed ~21 debug messages>
Optimizing module $paramod$e930f8c7611f8569218a4630a006d0be88b274a9\sf_micro_ila.
<suppressed ~26 debug messages>
Optimizing module $paramod$7f32b7354d3e74ebcd72bea5a67c892c31d7ed1f\sf_debug_link.
<suppressed ~185 debug messages>
Optimizing module $paramod$b8d4a7355f3ca758b4057499fb0cf1044a81c528\sf_uart_link.
<suppressed ~38 debug messages>

8. Executing JSON backend.

9. Executing SYNTH_GOWIN pass.

9.1. Executing Verilog-2005 frontend: E:\EDA_Race\Cangku\new\SigFlow_FPGA_Cmake\external\fpga-tools\runtime\yosys\bin\..\share\gowin/cells_sim.v
Parsing Verilog input from `E:\EDA_Race\Cangku\new\SigFlow_FPGA_Cmake\external\fpga-tools\runtime\yosys\bin\..\share\gowin/cells_sim.v' to AST representation.
Generating RTLIL representation for module `\LUT1'.
Generating RTLIL representation for module `\LUT2'.
Generating RTLIL representation for module `\LUT3'.
Generating RTLIL representation for module `\LUT4'.
Generating RTLIL representation for module `\__APICULA_LUT5'.
Generating RTLIL representation for module `\__APICULA_LUT6'.
Generating RTLIL representation for module `\__APICULA_LUT7'.
Generating RTLIL representation for module `\__APICULA_LUT8'.
Generating RTLIL representation for module `\MUX2'.
Generating RTLIL representation for module `\MUX2_LUT5'.
Generating RTLIL representation for module `\MUX2_LUT6'.
Generating RTLIL representation for module `\MUX2_LUT7'.
Generating RTLIL representation for module `\MUX2_LUT8'.
Generating RTLIL representation for module `\DFF'.
Generating RTLIL representation for module `\DFFE'.
Generating RTLIL representation for module `\DFFS'.
Generating RTLIL representation for module `\DFFSE'.
Generating RTLIL representation for module `\DFFR'.
Generating RTLIL representation for module `\DFFRE'.
Generating RTLIL representation for module `\DFFP'.
Generating RTLIL representation for module `\DFFPE'.
Generating RTLIL representation for module `\DFFC'.
Generating RTLIL representation for module `\DFFCE'.
Generating RTLIL representation for module `\DFFN'.
Generating RTLIL representation for module `\DFFNE'.
Generating RTLIL representation for module `\DFFNS'.
Generating RTLIL representation for module `\DFFNSE'.
Generating RTLIL representation for module `\DFFNR'.
Generating RTLIL representation for module `\DFFNRE'.
Generating RTLIL representation for module `\DFFNP'.
Generating RTLIL representation for module `\DFFNPE'.
Generating RTLIL representation for module `\DFFNC'.
Generating RTLIL representation for module `\DFFNCE'.
Generating RTLIL representation for module `\DL'.
Generating RTLIL representation for module `\DLN'.
Generating RTLIL representation for module `\DLE'.
Generating RTLIL representation for module `\DLNE'.
Generating RTLIL representation for module `\DLC'.
Generating RTLIL representation for module `\DLCE'.
Generating RTLIL representation for module `\DLNC'.
Generating RTLIL representation for module `\DLNCE'.
Generating RTLIL representation for module `\DLP'.
Generating RTLIL representation for module `\DLPE'.
Generating RTLIL representation for module `\DLNP'.
Generating RTLIL representation for module `\DLNPE'.
Generating RTLIL representation for module `\VCC'.
Generating RTLIL representation for module `\GND'.
Generating RTLIL representation for module `\IBUF'.
Generating RTLIL representation for module `\OBUF'.
Generating RTLIL representation for module `\TBUF'.
Generating RTLIL representation for module `\IOBUF'.
Generating RTLIL representation for module `\ELVDS_OBUF'.
Generating RTLIL representation for module `\TLVDS_OBUF'.
Generating RTLIL representation for module `\OSER4'.
Generating RTLIL representation for module `\OSER4_MEM'.
Generating RTLIL representation for module `\OSER8'.
Generating RTLIL representation for module `\OSER10'.
Generating RTLIL representation for module `\OVIDEO'.
Generating RTLIL representation for module `\OSER16'.
Generating RTLIL representation for module `\IDES4'.
Generating RTLIL representation for module `\IDES4_MEM'.
Generating RTLIL representation for module `\IDES8'.
Generating RTLIL representation for module `\IDES10'.
Generating RTLIL representation for module `\IVIDEO'.
Generating RTLIL representation for module `\IDES16'.
Generating RTLIL representation for module `\IDDR'.
Generating RTLIL representation for module `\IDDRC'.
Generating RTLIL representation for module `\DQS'.
Generating RTLIL representation for module `\ODDR'.
Generating RTLIL representation for module `\ODDRC'.
Generating RTLIL representation for module `\GSR'.
Generating RTLIL representation for module `\BANDGAP'.
Generating RTLIL representation for module `\ALU'.
Generating RTLIL representation for module `\RAM16S1'.
Generating RTLIL representation for module `\RAM16S2'.
Generating RTLIL representation for module `\RAM16S4'.
Generating RTLIL representation for module `\RAM16SDP1'.
Generating RTLIL representation for module `\RAM16SDP2'.
Generating RTLIL representation for module `\RAM16SDP4'.
Generating RTLIL representation for module `\SP'.
Generating RTLIL representation for module `\SPX9'.
Generating RTLIL representation for module `\SDP'.
Generating RTLIL representation for module `\SDPX9'.
Generating RTLIL representation for module `\DP'.
Generating RTLIL representation for module `\DPX9'.
Generating RTLIL representation for module `\rPLL'.
Generating RTLIL representation for module `\PLLVR'.
Generating RTLIL representation for module `\OSC'.
Generating RTLIL representation for module `\OSCZ'.
Generating RTLIL representation for module `\OSCF'.
Generating RTLIL representation for module `\OSCH'.
Generating RTLIL representation for module `\OSCW'.
Generating RTLIL representation for module `\OSCO'.
Generating RTLIL representation for module `\EMCU'.
Successfully finished Verilog frontend.

9.2. Executing Verilog-2005 frontend: E:\EDA_Race\Cangku\new\SigFlow_FPGA_Cmake\external\fpga-tools\runtime\yosys\bin\..\share\gowin/cells_xtra_gw1n.v
Parsing Verilog input from `E:\EDA_Race\Cangku\new\SigFlow_FPGA_Cmake\external\fpga-tools\runtime\yosys\bin\..\share\gowin/cells_xtra_gw1n.v' to AST representation.
Generating RTLIL representation for module `\LUT5'.
Generating RTLIL representation for module `\LUT6'.
Generating RTLIL representation for module `\LUT7'.
Generating RTLIL representation for module `\LUT8'.
Generating RTLIL representation for module `\INV'.
Generating RTLIL representation for module `\IODELAY'.
Generating RTLIL representation for module `\IEM'.
Generating RTLIL representation for module `\ROM16'.
Generating RTLIL representation for module `\ROM'.
Generating RTLIL representation for module `\ROMX9'.
Generating RTLIL representation for module `\pROM'.
Generating RTLIL representation for module `\pROMX9'.
Generating RTLIL representation for module `\SDPB'.
Generating RTLIL representation for module `\SDPX9B'.
Generating RTLIL representation for module `\DPB'.
Generating RTLIL representation for module `\DPX9B'.
Generating RTLIL representation for module `\PADD18'.
Generating RTLIL representation for module `\PADD9'.
Generating RTLIL representation for module `\MULT9X9'.
Generating RTLIL representation for module `\MULT18X18'.
Generating RTLIL representation for module `\MULT36X36'.
Generating RTLIL representation for module `\MULTALU36X18'.
Generating RTLIL representation for module `\MULTADDALU18X18'.
Generating RTLIL representation for module `\MULTALU18X18'.
Generating RTLIL representation for module `\ALU54D'.
Generating RTLIL representation for module `\BUFG'.
Generating RTLIL representation for module `\BUFS'.
Generating RTLIL representation for module `\PLL'.
Generating RTLIL representation for module `\TLVDS_IBUF'.
Generating RTLIL representation for module `\TLVDS_TBUF'.
Generating RTLIL representation for module `\TLVDS_IOBUF'.
Generating RTLIL representation for module `\ELVDS_IBUF'.
Generating RTLIL representation for module `\ELVDS_TBUF'.
Generating RTLIL representation for module `\ELVDS_IOBUF'.
Generating RTLIL representation for module `\MIPI_IBUF'.
Generating RTLIL representation for module `\MIPI_IBUF_HS'.
Generating RTLIL representation for module `\MIPI_IBUF_LP'.
Generating RTLIL representation for module `\MIPI_OBUF'.
Generating RTLIL representation for module `\MIPI_OBUF_A'.
Generating RTLIL representation for module `\ELVDS_IBUF_MIPI'.
Generating RTLIL representation for module `\I3C_IOBUF'.
Generating RTLIL representation for module `\CLKDIV'.
Generating RTLIL representation for module `\DHCEN'.
Generating RTLIL representation for module `\DLLDLY'.
Generating RTLIL representation for module `\FLASH96K'.
Generating RTLIL representation for module `\FLASH256K'.
Generating RTLIL representation for module `\FLASH608K'.
Generating RTLIL representation for module `\DCS'.
Generating RTLIL representation for module `\DQCE'.
Generating RTLIL representation for module `\CLKDIV2'.
Generating RTLIL representation for module `\DHCENC'.
Generating RTLIL representation for module `\FLASH64K'.
Generating RTLIL representation for module `\FLASH64KZ'.
Successfully finished Verilog frontend.

9.3. Executing HIERARCHY pass (managing design hierarchy).

9.3.1. Analyzing design hierarchy..
Top module:  \sf_debug_top
Used module:     \min_led_uart_top
Used module:     $paramod$e930f8c7611f8569218a4630a006d0be88b274a9\sf_micro_ila
Used module:     $paramod$7f32b7354d3e74ebcd72bea5a67c892c31d7ed1f\sf_debug_link
Used module:         $paramod$b8d4a7355f3ca758b4057499fb0cf1044a81c528\sf_uart_link

9.3.2. Analyzing design hierarchy..
Top module:  \sf_debug_top
Used module:     \min_led_uart_top
Used module:     $paramod$e930f8c7611f8569218a4630a006d0be88b274a9\sf_micro_ila
Used module:     $paramod$7f32b7354d3e74ebcd72bea5a67c892c31d7ed1f\sf_debug_link
Used module:         $paramod$b8d4a7355f3ca758b4057499fb0cf1044a81c528\sf_uart_link
Removed 0 unused modules.

9.4. Executing PROC pass (convert processes to netlists).

9.4.1. Executing PROC_CLEAN pass (remove empty switches from decision trees).
Cleaned up 0 empty switches.

9.4.2. Executing PROC_RMDEAD pass (remove dead branches from decision trees).
Removed a total of 0 dead cases.

9.4.3. Executing PROC_PRUNE pass (remove redundant assignments in processes).
Removed 0 redundant assignments.
Promoted 0 assignments to connections.

9.4.4. Executing PROC_INIT pass (extract init attributes).

9.4.5. Executing PROC_ARST pass (detect async resets in processes).

9.4.6. Executing PROC_ROM pass (convert switches to ROMs).
Converted 0 switches.

9.4.7. Executing PROC_MUX pass (convert decision trees to multiplexers).

9.4.8. Executing PROC_DLATCH pass (convert process syncs to latches).

9.4.9. Executing PROC_DFF pass (convert process syncs to FFs).

9.4.10. Executing PROC_MEMWR pass (convert process memory writes to cells).

9.4.11. Executing PROC_CLEAN pass (remove empty switches from decision trees).
Cleaned up 0 empty switches.

9.4.12. Executing OPT_EXPR pass (perform const folding).
Optimizing module $paramod$7f32b7354d3e74ebcd72bea5a67c892c31d7ed1f\sf_debug_link.
Optimizing module $paramod$b8d4a7355f3ca758b4057499fb0cf1044a81c528\sf_uart_link.
Optimizing module $paramod$e930f8c7611f8569218a4630a006d0be88b274a9\sf_micro_ila.
Optimizing module min_led_uart_top.
Optimizing module sf_debug_top.

9.5. Executing CHECK pass (checking for obvious problems).
Checking module $paramod$7f32b7354d3e74ebcd72bea5a67c892c31d7ed1f\sf_debug_link...
Checking module $paramod$b8d4a7355f3ca758b4057499fb0cf1044a81c528\sf_uart_link...
Checking module $paramod$e930f8c7611f8569218a4630a006d0be88b274a9\sf_micro_ila...
Checking module min_led_uart_top...
Checking module sf_debug_top...
Warning: Wire sf_debug_top.\probe_bus [31] is used but has no driver.
Warning: Wire sf_debug_top.\probe_bus [30] is used but has no driver.
Warning: Wire sf_debug_top.\probe_bus [29] is used but has no driver.
Warning: Wire sf_debug_top.\probe_bus [28] is used but has no driver.
Warning: Wire sf_debug_top.\probe_bus [27] is used but has no driver.
Warning: Wire sf_debug_top.\probe_bus [26] is used but has no driver.
Warning: Wire sf_debug_top.\probe_bus [25] is used but has no driver.
Warning: Wire sf_debug_top.\probe_bus [24] is used but has no driver.
Warning: Wire sf_debug_top.\probe_bus [23] is used but has no driver.
Warning: Wire sf_debug_top.\probe_bus [22] is used but has no driver.
Warning: Wire sf_debug_top.\probe_bus [21] is used but has no driver.
Warning: Wire sf_debug_top.\probe_bus [20] is used but has no driver.
Warning: Wire sf_debug_top.\probe_bus [19] is used but has no driver.
Warning: Wire sf_debug_top.\probe_bus [18] is used but has no driver.
Warning: Wire sf_debug_top.\probe_bus [17] is used but has no driver.
Warning: Wire sf_debug_top.\probe_bus [16] is used but has no driver.
Warning: Wire sf_debug_top.\probe_bus [15] is used but has no driver.
Warning: Wire sf_debug_top.\probe_bus [14] is used but has no driver.
Warning: Wire sf_debug_top.\probe_bus [13] is used but has no driver.
Warning: Wire sf_debug_top.\probe_bus [12] is used but has no driver.
Warning: Wire sf_debug_top.\probe_bus [11] is used but has no driver.
Warning: Wire sf_debug_top.\probe_bus [10] is used but has no driver.
Warning: Wire sf_debug_top.\probe_bus [9] is used but has no driver.
Warning: Wire sf_debug_top.\probe_bus [8] is used but has no driver.
Warning: Wire sf_debug_top.\u_dut.state is used but has no driver.
Found and reported 25 problems.

9.6. Executing FLATTEN pass (flatten design).
Deleting now unused module $paramod$7f32b7354d3e74ebcd72bea5a67c892c31d7ed1f\sf_debug_link.
Deleting now unused module $paramod$b8d4a7355f3ca758b4057499fb0cf1044a81c528\sf_uart_link.
Deleting now unused module $paramod$e930f8c7611f8569218a4630a006d0be88b274a9\sf_micro_ila.
Deleting now unused module min_led_uart_top.
<suppressed ~4 debug messages>

9.7. Executing TRIBUF pass.

9.8. Executing DEMINOUT pass (demote inout ports to input or output).

9.9. Executing OPT_EXPR pass (perform const folding).
Optimizing module sf_debug_top.
<suppressed ~87 debug messages>

9.10. Executing OPT_CLEAN pass (remove unused cells and wires).
Finding unused cells or wires in module \sf_debug_top..
Removed 141 unused cells and 972 unused wires.
<suppressed ~156 debug messages>

9.11. Executing CHECK pass (checking for obvious problems).
Checking module sf_debug_top...
Warning: Wire sf_debug_top.\u_ila.probe [31] is used but has no driver.
Warning: Wire sf_debug_top.\u_ila.probe [30] is used but has no driver.
Warning: Wire sf_debug_top.\u_ila.probe [29] is used but has no driver.
Warning: Wire sf_debug_top.\u_ila.probe [28] is used but has no driver.
Warning: Wire sf_debug_top.\u_ila.probe [27] is used but has no driver.
Warning: Wire sf_debug_top.\u_ila.probe [26] is used but has no driver.
Warning: Wire sf_debug_top.\u_ila.probe [25] is used but has no driver.
Warning: Wire sf_debug_top.\u_ila.probe [24] is used but has no driver.
Warning: Wire sf_debug_top.\u_ila.probe [23] is used but has no driver.
Warning: Wire sf_debug_top.\u_ila.probe [22] is used but has no driver.
Warning: Wire sf_debug_top.\u_ila.probe [21] is used but has no driver.
Warning: Wire sf_debug_top.\u_ila.probe [20] is used but has no driver.
Warning: Wire sf_debug_top.\u_ila.probe [19] is used but has no driver.
Warning: Wire sf_debug_top.\u_ila.probe [18] is used but has no driver.
Warning: Wire sf_debug_top.\u_ila.probe [17] is used but has no driver.
Warning: Wire sf_debug_top.\u_ila.probe [16] is used but has no driver.
Warning: Wire sf_debug_top.\u_ila.probe [15] is used but has no driver.
Warning: Wire sf_debug_top.\u_ila.probe [14] is used but has no driver.
Warning: Wire sf_debug_top.\u_ila.probe [13] is used but has no driver.
Warning: Wire sf_debug_top.\u_ila.probe [12] is used but has no driver.
Warning: Wire sf_debug_top.\u_ila.probe [11] is used but has no driver.
Warning: Wire sf_debug_top.\u_ila.probe [10] is used but has no driver.
Warning: Wire sf_debug_top.\u_ila.probe [9] is used but has no driver.
Warning: Wire sf_debug_top.\u_ila.probe [8] is used but has no driver.
Warning: Wire sf_debug_top.\u_ila.probe [4] is used but has no driver.
Found and reported 25 problems.

9.12. Executing OPT pass (performing simple optimizations).

9.12.1. Executing OPT_EXPR pass (perform const folding).
Optimizing module sf_debug_top.

9.12.2. Executing OPT_MERGE pass (detect identical cells).
Finding identical cells in module `\sf_debug_top'.
Computing hashes of 1053 cells of `\sf_debug_top'.
Finding duplicate cells in `\sf_debug_top'.
Computing hashes of 855 cells of `\sf_debug_top'.
Finding duplicate cells in `\sf_debug_top'.
Computing hashes of 847 cells of `\sf_debug_top'.
Finding duplicate cells in `\sf_debug_top'.
Computing hashes of 845 cells of `\sf_debug_top'.
Finding duplicate cells in `\sf_debug_top'.
<suppressed ~624 debug messages>
Removed a total of 208 cells.

9.12.3. Executing OPT_MUXTREE pass (detect dead branches in mux trees).
Running muxtree optimizer on module \sf_debug_top..
  Creating internal representation of mux trees.
  Evaluating internal representation of mux trees.
      Replacing known input bits on port B of cell $flatten\u_ila.$procmux$782: \u_ila.triggered_reg -> 1'1
      Replacing known input bits on port A of cell $flatten\u_ila.$procmux$780: \u_ila.triggered_reg -> 1'0
      Replacing known input bits on port A of cell $flatten\u_ila.$procmux$804: \u_ila.running -> 1'0
      Replacing known input bits on port A of cell $flatten\u_ila.$procmux$802: \u_ila.running -> 1'1
      Replacing known input bits on port A of cell $flatten\u_ila.$procmux$800: \u_ila.running -> 1'1
      Replacing known input bits on port A of cell $flatten\u_dut.$procmux$735: \u_dut.tx_busy -> 1'1
      Replacing known input bits on port A of cell $flatten\u_dut.$procmux$733: \u_dut.tx_busy -> 1'1
      Replacing known input bits on port A of cell $flatten\u_dut.$procmux$738: \u_dut.tx_busy -> 1'0
      Replacing known input bits on port B of cell $flatten\u_link.\u_uart.$procmux$3427: \u_link.u_uart.rx_running -> 1'1
      Replacing known input bits on port A of cell $flatten\u_link.\u_uart.$procmux$3422: \u_link.u_uart.rx_running -> 1'1
      Replacing known input bits on port B of cell $flatten\u_link.\u_uart.$procmux$3418: \u_link.u_uart.rx_running -> 1'1
      Replacing known input bits on port A of cell $flatten\u_link.\u_uart.$procmux$3430: \u_link.u_uart.rx_running -> 1'0
      Replacing known input bits on port A of cell $flatten\u_link.\u_uart.$procmux$3434: \u_link.u_uart.tx_running -> 1'1
      Replacing known input bits on port A of cell $flatten\u_link.\u_uart.$procmux$3437: \u_link.u_uart.tx_running -> 1'0
  Analyzing evaluation results.
    dead port 2/2 on $mux $flatten\u_link.$procmux$946.
    dead port 2/2 on $mux $flatten\u_link.$procmux$944.
    dead port 1/2 on $mux $flatten\u_link.$procmux$942.
    dead port 1/2 on $mux $flatten\u_link.$procmux$939.
    dead port 1/2 on $mux $flatten\u_link.$procmux$936.
    dead port 1/2 on $mux $flatten\u_link.$procmux$933.
    dead port 1/2 on $mux $flatten\u_link.$procmux$930.
    dead port 1/2 on $mux $flatten\u_link.$procmux$927.
    dead port 2/2 on $mux $flatten\u_link.$procmux$924.
    dead port 2/2 on $mux $flatten\u_ila.$procmux$896.
    dead port 2/2 on $mux $flatten\u_ila.$procmux$886.
    dead port 2/2 on $mux $flatten\u_link.$procmux$1739.
    dead port 2/2 on $mux $flatten\u_link.$procmux$1737.
    dead port 1/2 on $mux $flatten\u_link.$procmux$1735.
    dead port 2/2 on $mux $flatten\u_link.$procmux$1722.
    dead port 2/2 on $mux $flatten\u_link.$procmux$1720.
    dead port 1/2 on $mux $flatten\u_link.$procmux$1718.
    dead port 1/2 on $mux $flatten\u_link.$procmux$1715.
    dead port 2/2 on $mux $flatten\u_link.$procmux$1702.
    dead port 2/2 on $mux $flatten\u_link.$procmux$1700.
    dead port 1/2 on $mux $flatten\u_link.$procmux$1698.
    dead port 1/2 on $mux $flatten\u_link.$procmux$1695.
    dead port 1/2 on $mux $flatten\u_link.$procmux$1692.
    dead port 2/2 on $mux $flatten\u_link.$procmux$1679.
    dead port 2/2 on $mux $flatten\u_link.$procmux$1677.
    dead port 1/2 on $mux $flatten\u_link.$procmux$1675.
    dead port 1/2 on $mux $flatten\u_link.$procmux$1672.
    dead port 1/2 on $mux $flatten\u_link.$procmux$1669.
    dead port 1/2 on $mux $flatten\u_link.$procmux$1666.
    dead port 2/2 on $mux $flatten\u_link.$procmux$1653.
    dead port 2/2 on $mux $flatten\u_link.$procmux$1651.
    dead port 1/2 on $mux $flatten\u_link.$procmux$1649.
    dead port 1/2 on $mux $flatten\u_link.$procmux$1646.
    dead port 1/2 on $mux $flatten\u_link.$procmux$1643.
    dead port 1/2 on $mux $flatten\u_link.$procmux$1640.
    dead port 1/2 on $mux $flatten\u_link.$procmux$1637.
    dead port 2/2 on $mux $flatten\u_link.$procmux$1624.
    dead port 2/2 on $mux $flatten\u_link.$procmux$1622.
    dead port 1/2 on $mux $flatten\u_link.$procmux$1620.
    dead port 1/2 on $mux $flatten\u_link.$procmux$1617.
    dead port 1/2 on $mux $flatten\u_link.$procmux$1614.
    dead port 1/2 on $mux $flatten\u_link.$procmux$1611.
    dead port 1/2 on $mux $flatten\u_link.$procmux$1608.
    dead port 1/2 on $mux $flatten\u_link.$procmux$1605.
    dead port 2/2 on $mux $flatten\u_link.$procmux$1589.
    dead port 2/2 on $mux $flatten\u_link.$procmux$1587.
    dead port 1/2 on $mux $flatten\u_link.$procmux$1585.
    dead port 1/2 on $mux $flatten\u_link.$procmux$1582.
    dead port 1/2 on $mux $flatten\u_link.$procmux$1579.
    dead port 1/2 on $mux $flatten\u_link.$procmux$1576.
    dead port 1/2 on $mux $flatten\u_link.$procmux$1573.
    dead port 1/2 on $mux $flatten\u_link.$procmux$1570.
    dead port 2/2 on $mux $flatten\u_link.$procmux$1567.
    dead port 2/2 on $mux $flatten\u_link.$procmux$1551.
    dead port 2/2 on $mux $flatten\u_link.$procmux$1549.
    dead port 1/2 on $mux $flatten\u_link.$procmux$1547.
    dead port 1/2 on $mux $flatten\u_link.$procmux$1544.
    dead port 1/2 on $mux $flatten\u_link.$procmux$1541.
    dead port 1/2 on $mux $flatten\u_link.$procmux$1538.
    dead port 1/2 on $mux $flatten\u_link.$procmux$1535.
    dead port 1/2 on $mux $flatten\u_link.$procmux$1532.
    dead port 2/2 on $mux $flatten\u_link.$procmux$1529.
    dead port 2/2 on $mux $flatten\u_link.$procmux$1511.
    dead port 2/2 on $mux $flatten\u_link.$procmux$1509.
    dead port 1/2 on $mux $flatten\u_link.$procmux$1507.
    dead port 1/2 on $mux $flatten\u_link.$procmux$1504.
    dead port 1/2 on $mux $flatten\u_link.$procmux$1501.
    dead port 1/2 on $mux $flatten\u_link.$procmux$1498.
    dead port 1/2 on $mux $flatten\u_link.$procmux$1495.
    dead port 1/2 on $mux $flatten\u_link.$procmux$1492.
    dead port 2/2 on $mux $flatten\u_link.$procmux$1489.
    dead port 2/2 on $mux $flatten\u_link.$procmux$1473.
    dead port 2/2 on $mux $flatten\u_link.$procmux$1471.
    dead port 1/2 on $mux $flatten\u_link.$procmux$1469.
    dead port 1/2 on $mux $flatten\u_link.$procmux$1466.
    dead port 1/2 on $mux $flatten\u_link.$procmux$1463.
    dead port 1/2 on $mux $flatten\u_link.$procmux$1460.
    dead port 1/2 on $mux $flatten\u_link.$procmux$1457.
    dead port 1/2 on $mux $flatten\u_link.$procmux$1454.
    dead port 2/2 on $mux $flatten\u_link.$procmux$1451.
    dead port 2/2 on $mux $flatten\u_link.$procmux$1425.
    dead port 1/2 on $mux $flatten\u_link.$procmux$1423.
    dead port 2/2 on $mux $flatten\u_link.$procmux$1415.
    dead port 1/2 on $mux $flatten\u_link.$procmux$1413.
    dead port 1/2 on $mux $flatten\u_link.$procmux$1410.
    dead port 2/2 on $mux $flatten\u_link.$procmux$1402.
    dead port 1/2 on $mux $flatten\u_link.$procmux$1400.
    dead port 1/2 on $mux $flatten\u_link.$procmux$1397.
    dead port 1/2 on $mux $flatten\u_link.$procmux$1394.
    dead port 2/2 on $mux $flatten\u_link.$procmux$1386.
    dead port 1/2 on $mux $flatten\u_link.$procmux$1384.
    dead port 1/2 on $mux $flatten\u_link.$procmux$1381.
    dead port 1/2 on $mux $flatten\u_link.$procmux$1378.
    dead port 1/2 on $mux $flatten\u_link.$procmux$1375.
    dead port 1/2 on $mux $flatten\u_link.$procmux$998.
    dead port 2/2 on $mux $flatten\u_link.$procmux$1367.
    dead port 1/2 on $mux $flatten\u_link.$procmux$1365.
    dead port 1/2 on $mux $flatten\u_link.$procmux$1362.
    dead port 1/2 on $mux $flatten\u_link.$procmux$1359.
    dead port 1/2 on $mux $flatten\u_link.$procmux$1356.
    dead port 1/2 on $mux $flatten\u_link.$procmux$1353.
    dead port 2/2 on $mux $flatten\u_link.$procmux$1345.
    dead port 1/2 on $mux $flatten\u_link.$procmux$1343.
    dead port 1/2 on $mux $flatten\u_link.$procmux$1340.
    dead port 1/2 on $mux $flatten\u_link.$procmux$1337.
    dead port 1/2 on $mux $flatten\u_link.$procmux$1334.
    dead port 1/2 on $mux $flatten\u_link.$procmux$1331.
    dead port 1/2 on $mux $flatten\u_link.$procmux$1328.
    dead port 1/2 on $mux $flatten\u_link.$procmux$995.
    dead port 2/2 on $mux $flatten\u_link.$procmux$1317.
    dead port 1/2 on $mux $flatten\u_link.$procmux$1315.
    dead port 1/2 on $mux $flatten\u_link.$procmux$1312.
    dead port 1/2 on $mux $flatten\u_link.$procmux$1309.
    dead port 1/2 on $mux $flatten\u_link.$procmux$1306.
    dead port 1/2 on $mux $flatten\u_link.$procmux$1303.
    dead port 1/2 on $mux $flatten\u_link.$procmux$1300.
    dead port 2/2 on $mux $flatten\u_link.$procmux$1297.
    dead port 2/2 on $mux $flatten\u_link.$procmux$1286.
    dead port 1/2 on $mux $flatten\u_link.$procmux$1284.
    dead port 1/2 on $mux $flatten\u_link.$procmux$1281.
    dead port 1/2 on $mux $flatten\u_link.$procmux$1278.
    dead port 1/2 on $mux $flatten\u_link.$procmux$1275.
    dead port 1/2 on $mux $flatten\u_link.$procmux$1272.
    dead port 1/2 on $mux $flatten\u_link.$procmux$1269.
    dead port 2/2 on $mux $flatten\u_link.$procmux$1266.
    dead port 2/2 on $mux $flatten\u_link.$procmux$992.
    dead port 2/2 on $mux $flatten\u_link.$procmux$1253.
    dead port 1/2 on $mux $flatten\u_link.$procmux$1251.
    dead port 1/2 on $mux $flatten\u_link.$procmux$1248.
    dead port 1/2 on $mux $flatten\u_link.$procmux$1245.
    dead port 1/2 on $mux $flatten\u_link.$procmux$1242.
    dead port 1/2 on $mux $flatten\u_link.$procmux$1239.
    dead port 1/2 on $mux $flatten\u_link.$procmux$1236.
    dead port 2/2 on $mux $flatten\u_link.$procmux$1233.
    dead port 2/2 on $mux $flatten\u_link.$procmux$1222.
    dead port 1/2 on $mux $flatten\u_link.$procmux$1220.
    dead port 1/2 on $mux $flatten\u_link.$procmux$1217.
    dead port 1/2 on $mux $flatten\u_link.$procmux$1214.
    dead port 1/2 on $mux $flatten\u_link.$procmux$1211.
    dead port 1/2 on $mux $flatten\u_link.$procmux$1208.
    dead port 1/2 on $mux $flatten\u_link.$procmux$1205.
    dead port 2/2 on $mux $flatten\u_link.$procmux$1202.
    dead port 2/2 on $mux $flatten\u_link.$procmux$1176.
    dead port 2/2 on $mux $flatten\u_link.$procmux$1174.
    dead port 2/2 on $mux $flatten\u_link.$procmux$1167.
    dead port 2/2 on $mux $flatten\u_link.$procmux$1165.
    dead port 1/2 on $mux $flatten\u_link.$procmux$1163.
    dead port 2/2 on $mux $flatten\u_link.$procmux$1155.
    dead port 2/2 on $mux $flatten\u_link.$procmux$1153.
    dead port 1/2 on $mux $flatten\u_link.$procmux$1151.
    dead port 1/2 on $mux $flatten\u_link.$procmux$1148.
    dead port 2/2 on $mux $flatten\u_link.$procmux$1140.
    dead port 2/2 on $mux $flatten\u_link.$procmux$1138.
    dead port 1/2 on $mux $flatten\u_link.$procmux$1136.
    dead port 1/2 on $mux $flatten\u_link.$procmux$1133.
    dead port 1/2 on $mux $flatten\u_link.$procmux$1130.
    dead port 2/2 on $mux $flatten\u_link.$procmux$1122.
    dead port 2/2 on $mux $flatten\u_link.$procmux$1120.
    dead port 1/2 on $mux $flatten\u_link.$procmux$1118.
    dead port 1/2 on $mux $flatten\u_link.$procmux$1115.
    dead port 1/2 on $mux $flatten\u_link.$procmux$1112.
    dead port 1/2 on $mux $flatten\u_link.$procmux$1109.
    dead port 2/2 on $mux $flatten\u_link.$procmux$1101.
    dead port 2/2 on $mux $flatten\u_link.$procmux$1099.
    dead port 1/2 on $mux $flatten\u_link.$procmux$1097.
    dead port 1/2 on $mux $flatten\u_link.$procmux$1094.
    dead port 1/2 on $mux $flatten\u_link.$procmux$1091.
    dead port 1/2 on $mux $flatten\u_link.$procmux$1088.
    dead port 1/2 on $mux $flatten\u_link.$procmux$1085.
    dead port 2/2 on $mux $flatten\u_link.$procmux$1077.
    dead port 2/2 on $mux $flatten\u_link.$procmux$1075.
    dead port 1/2 on $mux $flatten\u_link.$procmux$1073.
    dead port 1/2 on $mux $flatten\u_link.$procmux$1070.
    dead port 1/2 on $mux $flatten\u_link.$procmux$1067.
    dead port 1/2 on $mux $flatten\u_link.$procmux$1064.
    dead port 1/2 on $mux $flatten\u_link.$procmux$1061.
    dead port 1/2 on $mux $flatten\u_link.$procmux$1058.
    dead port 2/2 on $mux $flatten\u_link.$procmux$979.
    dead port 2/2 on $mux $flatten\u_link.$procmux$1047.
    dead port 2/2 on $mux $flatten\u_link.$procmux$1045.
    dead port 1/2 on $mux $flatten\u_link.$procmux$1043.
    dead port 1/2 on $mux $flatten\u_link.$procmux$1040.
    dead port 1/2 on $mux $flatten\u_link.$procmux$1037.
    dead port 1/2 on $mux $flatten\u_link.$procmux$1034.
    dead port 1/2 on $mux $flatten\u_link.$procmux$1031.
    dead port 1/2 on $mux $flatten\u_link.$procmux$1028.
    dead port 2/2 on $mux $flatten\u_link.$procmux$1025.
    dead port 2/2 on $mux $flatten\u_link.$procmux$977.
    dead port 2/2 on $mux $flatten\u_link.$procmux$1014.
    dead port 2/2 on $mux $flatten\u_link.$procmux$1012.
    dead port 1/2 on $mux $flatten\u_link.$procmux$1010.
    dead port 1/2 on $mux $flatten\u_link.$procmux$1007.
    dead port 1/2 on $mux $flatten\u_link.$procmux$1004.
    dead port 1/2 on $mux $flatten\u_link.$procmux$1001.
    dead port 1/6 on $pmux $flatten\u_ila.$procmux$829.
    dead port 2/6 on $pmux $flatten\u_ila.$procmux$829.
    dead port 3/6 on $pmux $flatten\u_ila.$procmux$829.
    dead port 4/6 on $pmux $flatten\u_ila.$procmux$829.
    dead port 5/6 on $pmux $flatten\u_ila.$procmux$829.
    dead port 1/2 on $mux $flatten\u_link.$procmux$975.
    dead port 2/2 on $mux $flatten\u_ila.$procmux$839.
    dead port 2/2 on $mux $flatten\u_ila.$procmux$846.
    dead port 1/2 on $mux $flatten\u_link.$procmux$972.
    dead port 2/2 on $mux $flatten\u_ila.$procmux$877.
    dead port 2/2 on $mux $flatten\u_ila.$procmux$875.
    dead port 2/2 on $mux $flatten\u_ila.$procmux$865.
    dead port 1/2 on $mux $flatten\u_link.$procmux$969.
    dead port 1/2 on $mux $flatten\u_link.$procmux$966.
    dead port 1/2 on $mux $flatten\u_link.$procmux$963.
    dead port 1/2 on $mux $flatten\u_link.$procmux$960.
    dead port 2/2 on $mux $flatten\u_link.$procmux$957.
Removed 211 multiplexer ports.
<suppressed ~652 debug messages>

9.12.4. Executing OPT_REDUCE pass (consolidate $*mux and $reduce_* inputs).
  Optimizing cells in module \sf_debug_top.
    New ctrl vector for $pmux cell $flatten\u_link.$procmux$3261: { $auto$opt_reduce.cc:137:opt_pmux$4252 $flatten\u_link.$procmux$3264_CMP }
    New ctrl vector for $pmux cell $flatten\u_ila.$procmux$906: { $flatten\u_ila.$procmux$907_CMP $flatten\u_ila.$procmux$901_CMP $flatten\u_ila.$procmux$902_CMP $flatten\u_ila.$procmux$903_CMP }
    Consolidated identical input bits for $mux cell $flatten\u_ila.$procmux$817:
      Old ports: A=0, B=32'11111111111111111111111111111111, Y=$flatten\u_ila.$0$memwr$\mem$E:\EDA_Race\Cangku\new\SigFlow_FPGA\rtl\debug/sf_micro_ila.sv:135$617_EN[31:0]$679
      New ports: A=1'0, B=1'1, Y=$flatten\u_ila.$0$memwr$\mem$E:\EDA_Race\Cangku\new\SigFlow_FPGA\rtl\debug/sf_micro_ila.sv:135$617_EN[31:0]$679 [0]
      New connections: $flatten\u_ila.$0$memwr$\mem$E:\EDA_Race\Cangku\new\SigFlow_FPGA\rtl\debug/sf_micro_ila.sv:135$617_EN[31:0]$679 [31:1] = { $flatten\u_ila.$0$memwr$\mem$E:\EDA_Race\Cangku\new\SigFlow_FPGA\rtl\debug/sf_micro_ila.sv:135$617_EN[31:0]$679 [0] $flatten\u_ila.$0$memwr$\mem$E:\EDA_Race\Cangku\new\SigFlow_FPGA\rtl\debug/sf_micro_ila.sv:135$617_EN[31:0]$679 [0] $flatten\u_ila.$0$memwr$\mem$E:\EDA_Race\Cangku\new\SigFlow_FPGA\rtl\debug/sf_micro_ila.sv:135$617_EN[31:0]$679 [0] $flatten\u_ila.$0$memwr$\mem$E:\EDA_Race\Cangku\new\SigFlow_FPGA\rtl\debug/sf_micro_ila.sv:135$617_EN[31:0]$679 [0] $flatten\u_ila.$0$memwr$\mem$E:\EDA_Race\Cangku\new\SigFlow_FPGA\rtl\debug/sf_micro_ila.sv:135$617_EN[31:0]$679 [0] $flatten\u_ila.$0$memwr$\mem$E:\EDA_Race\Cangku\new\SigFlow_FPGA\rtl\debug/sf_micro_ila.sv:135$617_EN[31:0]$679 [0] $flatten\u_ila.$0$memwr$\mem$E:\EDA_Race\Cangku\new\SigFlow_FPGA\rtl\debug/sf_micro_ila.sv:135$617_EN[31:0]$679 [0] $flatten\u_ila.$0$memwr$\mem$E:\EDA_Race\Cangku\new\SigFlow_FPGA\rtl\debug/sf_micro_ila.sv:135$617_EN[31:0]$679 [0] $flatten\u_ila.$0$memwr$\mem$E:\EDA_Race\Cangku\new\SigFlow_FPGA\rtl\debug/sf_micro_ila.sv:135$617_EN[31:0]$679 [0] $flatten\u_ila.$0$memwr$\mem$E:\EDA_Race\Cangku\new\SigFlow_FPGA\rtl\debug/sf_micro_ila.sv:135$617_EN[31:0]$679 [0] $flatten\u_ila.$0$memwr$\mem$E:\EDA_Race\Cangku\new\SigFlow_FPGA\rtl\debug/sf_micro_ila.sv:135$617_EN[31:0]$679 [0] $flatten\u_ila.$0$memwr$\mem$E:\EDA_Race\Cangku\new\SigFlow_FPGA\rtl\debug/sf_micro_ila.sv:135$617_EN[31:0]$679 [0] $flatten\u_ila.$0$memwr$\mem$E:\EDA_Race\Cangku\new\SigFlow_FPGA\rtl\debug/sf_micro_ila.sv:135$617_EN[31:0]$679 [0] $flatten\u_ila.$0$memwr$\mem$E:\EDA_Race\Cangku\new\SigFlow_FPGA\rtl\debug/sf_micro_ila.sv:135$617_EN[31:0]$679 [0] $flatten\u_ila.$0$memwr$\mem$E:\EDA_Race\Cangku\new\SigFlow_FPGA\rtl\debug/sf_micro_ila.sv:135$617_EN[31:0]$679 [0] $flatten\u_ila.$0$memwr$\mem$E:\EDA_Race\Cangku\new\SigFlow_FPGA\rtl\debug/sf_micro_ila.sv:135$617_EN[31:0]$679 [0] $flatten\u_ila.$0$memwr$\mem$E:\EDA_Race\Cangku\new\SigFlow_FPGA\rtl\debug/sf_micro_ila.sv:135$617_EN[31:0]$679 [0] $flatten\u_ila.$0$memwr$\mem$E:\EDA_Race\Cangku\new\SigFlow_FPGA\rtl\debug/sf_micro_ila.sv:135$617_EN[31:0]$679 [0] $flatten\u_ila.$0$memwr$\mem$E:\EDA_Race\Cangku\new\SigFlow_FPGA\rtl\debug/sf_micro_ila.sv:135$617_EN[31:0]$679 [0] $flatten\u_ila.$0$memwr$\mem$E:\EDA_Race\Cangku\new\SigFlow_FPGA\rtl\debug/sf_micro_ila.sv:135$617_EN[31:0]$679 [0] $flatten\u_ila.$0$memwr$\mem$E:\EDA_Race\Cangku\new\SigFlow_FPGA\rtl\debug/sf_micro_ila.sv:135$617_EN[31:0]$679 [0] $flatten\u_ila.$0$memwr$\mem$E:\EDA_Race\Cangku\new\SigFlow_FPGA\rtl\debug/sf_micro_ila.sv:135$617_EN[31:0]$679 [0] $flatten\u_ila.$0$memwr$\mem$E:\EDA_Race\Cangku\new\SigFlow_FPGA\rtl\debug/sf_micro_ila.sv:135$617_EN[31:0]$679 [0] $flatten\u_ila.$0$memwr$\mem$E:\EDA_Race\Cangku\new\SigFlow_FPGA\rtl\debug/sf_micro_ila.sv:135$617_EN[31:0]$679 [0] $flatten\u_ila.$0$memwr$\mem$E:\EDA_Race\Cangku\new\SigFlow_FPGA\rtl\debug/sf_micro_ila.sv:135$617_EN[31:0]$679 [0] $flatten\u_ila.$0$memwr$\mem$E:\EDA_Race\Cangku\new\SigFlow_FPGA\rtl\debug/sf_micro_ila.sv:135$617_EN[31:0]$679 [0] $flatten\u_ila.$0$memwr$\mem$E:\EDA_Race\Cangku\new\SigFlow_FPGA\rtl\debug/sf_micro_ila.sv:135$617_EN[31:0]$679 [0] $flatten\u_ila.$0$memwr$\mem$E:\EDA_Race\Cangku\new\SigFlow_FPGA\rtl\debug/sf_micro_ila.sv:135$617_EN[31:0]$679 [0] $flatten\u_ila.$0$memwr$\mem$E:\EDA_Race\Cangku\new\SigFlow_FPGA\rtl\debug/sf_micro_ila.sv:135$617_EN[31:0]$679 [0] $flatten\u_ila.$0$memwr$\mem$E:\EDA_Race\Cangku\new\SigFlow_FPGA\rtl\debug/sf_micro_ila.sv:135$617_EN[31:0]$679 [0] $flatten\u_ila.$0$memwr$\mem$E:\EDA_Race\Cangku\new\SigFlow_FPGA\rtl\debug/sf_micro_ila.sv:135$617_EN[31:0]$679 [0] }
  Optimizing cells in module \sf_debug_top.
Performed a total of 3 changes.

9.12.5. Executing OPT_MERGE pass (detect identical cells).
Finding identical cells in module `\sf_debug_top'.
Computing hashes of 639 cells of `\sf_debug_top'.
Finding duplicate cells in `\sf_debug_top'.
Computing hashes of 638 cells of `\sf_debug_top'.
Finding duplicate cells in `\sf_debug_top'.
<suppressed ~3 debug messages>
Removed a total of 1 cells.

9.12.6. Executing OPT_DFF pass (perform DFF optimizations).
Removing never-active ARST on $flatten\u_link.\u_uart.$procdff$3875 ($adff) from module sf_debug_top.
Removing never-active ARST on $flatten\u_link.\u_uart.$procdff$3870 ($adff) from module sf_debug_top.
Removing never-active ARST on $flatten\u_link.\u_uart.$procdff$3865 ($adff) from module sf_debug_top.
Removing never-active ARST on $flatten\u_link.\u_uart.$procdff$3860 ($adff) from module sf_debug_top.
Removing never-active ARST on $flatten\u_link.\u_uart.$procdff$3855 ($adff) from module sf_debug_top.
Removing never-active ARST on $flatten\u_link.\u_uart.$procdff$3850 ($adff) from module sf_debug_top.
Removing never-active ARST on $flatten\u_link.\u_uart.$procdff$3845 ($adff) from module sf_debug_top.
Removing never-active ARST on $flatten\u_link.\u_uart.$procdff$3840 ($adff) from module sf_debug_top.
Removing never-active ARST on $flatten\u_link.\u_uart.$procdff$3835 ($adff) from module sf_debug_top.
Removing never-active ARST on $flatten\u_link.\u_uart.$procdff$3830 ($adff) from module sf_debug_top.
Removing never-active ARST on $flatten\u_link.\u_uart.$procdff$3825 ($adff) from module sf_debug_top.
Removing never-active ARST on $flatten\u_link.\u_uart.$procdff$3820 ($adff) from module sf_debug_top.
Removing never-active ARST on $flatten\u_link.$procdff$3548 ($adff) from module sf_debug_top.
Removing never-active ARST on $flatten\u_link.$procdff$3553 ($adff) from module sf_debug_top.
Removing never-active ARST on $flatten\u_link.$procdff$3558 ($adff) from module sf_debug_top.
Removing never-active ARST on $flatten\u_link.$procdff$3570 ($adff) from module sf_debug_top.
Removing never-active ARST on $flatten\u_link.$procdff$3575 ($adff) from module sf_debug_top.
Removing never-active ARST on $flatten\u_link.$procdff$3580 ($adff) from module sf_debug_top.
Removing never-active ARST on $flatten\u_link.$procdff$3585 ($adff) from module sf_debug_top.
Removing never-active ARST on $flatten\u_link.$procdff$3590 ($adff) from module sf_debug_top.
Removing never-active ARST on $flatten\u_link.$procdff$3595 ($adff) from module sf_debug_top.
Removing never-active ARST on $flatten\u_link.$procdff$3600 ($adff) from module sf_debug_top.
Removing never-active ARST on $flatten\u_link.$procdff$3605 ($adff) from module sf_debug_top.
Removing never-active ARST on $flatten\u_link.$procdff$3610 ($adff) from module sf_debug_top.
Removing never-active ARST on $flatten\u_link.$procdff$3615 ($adff) from module sf_debug_top.
Removing never-active ARST on $flatten\u_link.$procdff$3620 ($adff) from module sf_debug_top.
Removing never-active ARST on $flatten\u_link.$procdff$3625 ($adff) from module sf_debug_top.
Removing never-active ARST on $flatten\u_link.$procdff$3630 ($adff) from module sf_debug_top.
Removing never-active ARST on $flatten\u_link.$procdff$3635 ($adff) from module sf_debug_top.
Removing never-active ARST on $flatten\u_link.$procdff$3640 ($adff) from module sf_debug_top.
Removing never-active ARST on $flatten\u_link.$procdff$3645 ($adff) from module sf_debug_top.
Removing never-active ARST on $flatten\u_link.$procdff$3650 ($adff) from module sf_debug_top.
Removing never-active ARST on $flatten\u_link.$procdff$3655 ($adff) from module sf_debug_top.
Removing never-active ARST on $flatten\u_link.$procdff$3660 ($adff) from module sf_debug_top.
Removing never-active ARST on $flatten\u_link.$procdff$3670 ($adff) from module sf_debug_top.
Removing never-active ARST on $flatten\u_link.$procdff$3675 ($adff) from module sf_debug_top.
Removing never-active ARST on $flatten\u_link.$procdff$3680 ($adff) from module sf_debug_top.
Removing never-active ARST on $flatten\u_link.$procdff$3685 ($adff) from module sf_debug_top.
Removing never-active ARST on $flatten\u_link.$procdff$3690 ($adff) from module sf_debug_top.
Removing never-active ARST on $flatten\u_link.$procdff$3695 ($adff) from module sf_debug_top.
Removing never-active ARST on $flatten\u_link.$procdff$3700 ($adff) from module sf_debug_top.
Removing never-active ARST on $flatten\u_link.$procdff$3705 ($adff) from module sf_debug_top.
Removing never-active ARST on $flatten\u_link.$procdff$3710 ($adff) from module sf_debug_top.
Removing never-active ARST on $flatten\u_link.$procdff$3715 ($adff) from module sf_debug_top.
Removing never-active ARST on $flatten\u_link.$procdff$3720 ($adff) from module sf_debug_top.
Removing never-active ARST on $flatten\u_link.$procdff$3725 ($adff) from module sf_debug_top.
Removing never-active ARST on $flatten\u_link.$procdff$3730 ($adff) from module sf_debug_top.
Removing never-active ARST on $flatten\u_link.$procdff$3735 ($adff) from module sf_debug_top.
Removing never-active ARST on $flatten\u_ila.$procdff$3539 ($adff) from module sf_debug_top.
Removing never-active ARST on $flatten\u_ila.$procdff$3534 ($adff) from module sf_debug_top.
Removing never-active ARST on $flatten\u_ila.$procdff$3529 ($adff) from module sf_debug_top.
Removing never-active ARST on $flatten\u_ila.$procdff$3524 ($adff) from module sf_debug_top.
Removing never-active ARST on $flatten\u_ila.$procdff$3519 ($adff) from module sf_debug_top.
Removing never-active ARST on $flatten\u_ila.$procdff$3514 ($adff) from module sf_debug_top.
Removing never-active ARST on $flatten\u_ila.$procdff$3509 ($adff) from module sf_debug_top.
Removing never-active ARST on $flatten\u_ila.$procdff$3504 ($adff) from module sf_debug_top.

9.12.7. Executing OPT_CLEAN pass (remove unused cells and wires).
Finding unused cells or wires in module \sf_debug_top..
Removed 0 unused cells and 416 unused wires.
<suppressed ~1 debug messages>

9.12.8. Executing OPT_EXPR pass (perform const folding).
Optimizing module sf_debug_top.

9.12.9. Rerunning OPT passes. (Maybe there is more to do..)

9.12.10. Executing OPT_MUXTREE pass (detect dead branches in mux trees).
Running muxtree optimizer on module \sf_debug_top..
  Creating internal representation of mux trees.
  Evaluating internal representation of mux trees.
  Analyzing evaluation results.
Removed 0 multiplexer ports.
<suppressed ~445 debug messages>

9.12.11. Executing OPT_REDUCE pass (consolidate $*mux and $reduce_* inputs).
  Optimizing cells in module \sf_debug_top.
    New ctrl vector for $pmux cell $flatten\u_ila.$procmux$899: { $flatten\u_ila.$procmux$830_CMP $flatten\u_ila.$procmux$831_CMP $flatten\u_ila.$procmux$832_CMP $flatten\u_ila.$procmux$833_CMP }
  Optimizing cells in module \sf_debug_top.
Performed a total of 1 changes.

9.12.12. Executing OPT_MERGE pass (detect identical cells).
Finding identical cells in module `\sf_debug_top'.
Computing hashes of 638 cells of `\sf_debug_top'.
Finding duplicate cells in `\sf_debug_top'.
Removed a total of 0 cells.

9.12.13. Executing OPT_DFF pass (perform DFF optimizations).

9.12.14. Executing OPT_CLEAN pass (remove unused cells and wires).
Finding unused cells or wires in module \sf_debug_top..
Removed 1 unused cells and 1 unused wires.
<suppressed ~2 debug messages>

9.12.15. Executing OPT_EXPR pass (perform const folding).
Optimizing module sf_debug_top.

9.12.16. Rerunning OPT passes. (Maybe there is more to do..)

9.12.17. Executing OPT_MUXTREE pass (detect dead branches in mux trees).
Running muxtree optimizer on module \sf_debug_top..
  Creating internal representation of mux trees.
  Evaluating internal representation of mux trees.
  Analyzing evaluation results.
Removed 0 multiplexer ports.
<suppressed ~444 debug messages>

9.12.18. Executing OPT_REDUCE pass (consolidate $*mux and $reduce_* inputs).
  Optimizing cells in module \sf_debug_top.
Performed a total of 0 changes.

9.12.19. Executing OPT_MERGE pass (detect identical cells).
Finding identical cells in module `\sf_debug_top'.
Computing hashes of 637 cells of `\sf_debug_top'.
Finding duplicate cells in `\sf_debug_top'.
Removed a total of 0 cells.

9.12.20. Executing OPT_DFF pass (perform DFF optimizations).

9.12.21. Executing OPT_CLEAN pass (remove unused cells and wires).
Finding unused cells or wires in module \sf_debug_top..

9.12.22. Executing OPT_EXPR pass (perform const folding).
Optimizing module sf_debug_top.

9.12.23. Finished fast OPT passes. (There is nothing left to do.)

9.13. Executing FSM pass (extract and optimize FSM).

9.13.1. Executing FSM_DETECT pass (finding FSMs in design).
Not marking sf_debug_top.u_link.response_data_len as FSM state register:
    Users of register don't seem to benefit from recoding.
Found FSM state register sf_debug_top.u_link.response_kind.
Not marking sf_debug_top.u_link.response_len as FSM state register:
    Users of register don't seem to benefit from recoding.
Not marking sf_debug_top.u_link.response_type as FSM state register:
    Users of register don't seem to benefit from recoding.
Not marking sf_debug_top.u_link.rx_after_apply as FSM state register:
    Users of register don't seem to benefit from recoding.
Found FSM state register sf_debug_top.u_link.tx_after.
Not marking sf_debug_top.u_dut.tx_shift as FSM state register:
    Users of register don't seem to benefit from recoding.

9.13.2. Executing FSM_EXTRACT pass (extracting FSM from design).
Extracting FSM `\u_link.response_kind' from module `\sf_debug_top'.
  found $dff cell for state register: $flatten\u_link.$procdff$3680
  root of input selection tree: $flatten\u_link.$0\response_kind[2:0]
  found ctrl input: $flatten\u_link.$procmux$2583_CMP
  found ctrl input: $flatten\u_link.$procmux$2456_CMP
  found state code: 3'100
  found ctrl input: $flatten\u_link.$logic_and$E:\EDA_Race\Cangku\new\SigFlow_FPGA\rtl\debug/sf_debug_link.sv:346$499_Y
  found ctrl input: $flatten\u_link.$procmux$2592_CMP
  found ctrl input: $flatten\u_link.$procmux$2593_CMP
  found ctrl input: $flatten\u_link.$procmux$2597_CMP
  found ctrl input: $flatten\u_link.$procmux$2598_CMP
  found ctrl input: $flatten\u_link.$procmux$2599_CMP
  found state code: 3'000
  found ctrl input: $flatten\u_link.$ge$E:\EDA_Race\Cangku\new\SigFlow_FPGA\rtl\debug/sf_debug_link.sv:384$501_Y
  found state code: 3'011
  found ctrl input: $flatten\u_link.$eq$E:\EDA_Race\Cangku\new\SigFlow_FPGA\rtl\debug/sf_debug_link.sv:366$500_Y
  found state code: 3'010
  found state code: 3'001
  found ctrl output: $flatten\u_link.$procmux$1026_CMP
  found ctrl output: $flatten\u_link.$procmux$1053_CMP
  found ctrl output: $flatten\u_link.$procmux$1054_CMP
  found ctrl output: $flatten\u_link.$procmux$1055_CMP
  ctrl inputs: { $flatten\u_link.$procmux$2599_CMP $flatten\u_link.$procmux$2598_CMP $flatten\u_link.$procmux$2597_CMP $flatten\u_link.$procmux$2593_CMP $flatten\u_link.$procmux$2592_CMP $flatten\u_link.$procmux$2583_CMP $flatten\u_link.$procmux$2456_CMP $flatten\u_link.$logic_and$E:\EDA_Race\Cangku\new\SigFlow_FPGA\rtl\debug/sf_debug_link.sv:346$499_Y $flatten\u_link.$ge$E:\EDA_Race\Cangku\new\SigFlow_FPGA\rtl\debug/sf_debug_link.sv:384$501_Y $flatten\u_link.$eq$E:\EDA_Race\Cangku\new\SigFlow_FPGA\rtl\debug/sf_debug_link.sv:366$500_Y }
  ctrl outputs: { $flatten\u_link.$procmux$1055_CMP $flatten\u_link.$procmux$1054_CMP $flatten\u_link.$procmux$1053_CMP $flatten\u_link.$procmux$1026_CMP $flatten\u_link.$0\response_kind[2:0] }
  transition:      3'000 10'-----00--- ->      3'000 7'0000000
  transition:      3'000 10'------10-- ->      3'000 7'0000000
  transition:      3'000 10'00000-11-- ->      3'000 7'0000000
  transition:      3'000 10'1-----11-- ->      3'001 7'0000001
  transition:      3'000 10'-1----11-- ->      3'010 7'0000010
  transition:      3'000 10'--1---11-0 ->      3'000 7'0000000
  transition:      3'000 10'--1---11-1 ->      3'000 7'0000000
  transition:      3'000 10'---1--11-- ->      3'011 7'0000011
  transition:      3'000 10'----1-110- ->      3'000 7'0000000
  transition:      3'000 10'----1-111- ->      3'000 7'0000000
  transition:      3'000 10'-----1---- ->      3'100 7'0000100
  transition:      3'100 10'-----00--- ->      3'100 7'0010100
  transition:      3'100 10'------10-- ->      3'100 7'0010100
  transition:      3'100 10'00000-11-- ->      3'000 7'0010000
  transition:      3'100 10'1-----11-- ->      3'001 7'0010001
  transition:      3'100 10'-1----11-- ->      3'010 7'0010010
  transition:      3'100 10'--1---11-0 ->      3'100 7'0010100
  transition:      3'100 10'--1---11-1 ->      3'000 7'0010000
  transition:      3'100 10'---1--11-- ->      3'011 7'0010011
  transition:      3'100 10'----1-110- ->      3'000 7'0010000
  transition:      3'100 10'----1-111- ->      3'100 7'0010100
  transition:      3'100 10'-----1---- ->      3'100 7'0010100
  transition:      3'010 10'-----00--- ->      3'010 7'1000010
  transition:      3'010 10'------10-- ->      3'010 7'1000010
  transition:      3'010 10'00000-11-- ->      3'000 7'1000000
  transition:      3'010 10'1-----11-- ->      3'001 7'1000001
  transition:      3'010 10'-1----11-- ->      3'010 7'1000010
  transition:      3'010 10'--1---11-0 ->      3'010 7'1000010
  transition:      3'010 10'--1---11-1 ->      3'000 7'1000000
  transition:      3'010 10'---1--11-- ->      3'011 7'1000011
  transition:      3'010 10'----1-110- ->      3'000 7'1000000
  transition:      3'010 10'----1-111- ->      3'010 7'1000010
  transition:      3'010 10'-----1---- ->      3'100 7'1000100
  transition:      3'001 10'-----00--- ->      3'001 7'0001001
  transition:      3'001 10'------10-- ->      3'001 7'0001001
  transition:      3'001 10'00000-11-- ->      3'000 7'0001000
  transition:      3'001 10'1-----11-- ->      3'001 7'0001001
  transition:      3'001 10'-1----11-- ->      3'010 7'0001010
  transition:      3'001 10'--1---11-0 ->      3'001 7'0001001
  transition:      3'001 10'--1---11-1 ->      3'000 7'0001000
  transition:      3'001 10'---1--11-- ->      3'011 7'0001011
  transition:      3'001 10'----1-110- ->      3'000 7'0001000
  transition:      3'001 10'----1-111- ->      3'001 7'0001001
  transition:      3'001 10'-----1---- ->      3'100 7'0001100
  transition:      3'011 10'-----00--- ->      3'011 7'0100011
  transition:      3'011 10'------10-- ->      3'011 7'0100011
  transition:      3'011 10'00000-11-- ->      3'000 7'0100000
  transition:      3'011 10'1-----11-- ->      3'001 7'0100001
  transition:      3'011 10'-1----11-- ->      3'010 7'0100010
  transition:      3'011 10'--1---11-0 ->      3'011 7'0100011
  transition:      3'011 10'--1---11-1 ->      3'000 7'0100000
  transition:      3'011 10'---1--11-- ->      3'011 7'0100011
  transition:      3'011 10'----1-110- ->      3'000 7'0100000
  transition:      3'011 10'----1-111- ->      3'011 7'0100011
  transition:      3'011 10'-----1---- ->      3'100 7'0100100
Extracting FSM `\u_link.tx_after' from module `\sf_debug_top'.
  found $dff cell for state register: $flatten\u_link.$procdff$3735
  root of input selection tree: $flatten\u_link.$0\tx_after[2:0]
  found ctrl input: $flatten\u_link.$procmux$1015_CMP
  found ctrl input: $flatten\u_link.$procmux$1223_CMP
  found ctrl input: $flatten\u_link.$procmux$1474_CMP
  found ctrl input: $flatten\u_link.$lt$E:\EDA_Race\Cangku\new\SigFlow_FPGA\rtl\debug/sf_debug_link.sv:501$592_Y
  found ctrl input: $flatten\u_link.$lt$E:\EDA_Race\Cangku\new\SigFlow_FPGA\rtl\debug/sf_debug_link.sv:505$614_Y
  found state code: 3'011
  found state code: 3'010
  found ctrl input: $flatten\u_link.$logic_and$E:\EDA_Race\Cangku\new\SigFlow_FPGA\rtl\debug/sf_debug_link.sv:490$588_Y
  found state code: 3'001
  found ctrl input: $flatten\u_link.$lt$E:\EDA_Race\Cangku\new\SigFlow_FPGA\rtl\debug/sf_debug_link.sv:446$502_Y
  found state code: 3'000
  found ctrl output: $flatten\u_link.$procmux$2488_CMP
  found ctrl output: $flatten\u_link.$procmux$2489_CMP
  found ctrl output: $flatten\u_link.$procmux$2518_CMP
  ctrl inputs: { $flatten\u_link.$procmux$1474_CMP $flatten\u_link.$procmux$1223_CMP $flatten\u_link.$procmux$1015_CMP $flatten\u_link.$lt$E:\EDA_Race\Cangku\new\SigFlow_FPGA\rtl\debug/sf_debug_link.sv:505$614_Y $flatten\u_link.$lt$E:\EDA_Race\Cangku\new\SigFlow_FPGA\rtl\debug/sf_debug_link.sv:501$592_Y $flatten\u_link.$lt$E:\EDA_Race\Cangku\new\SigFlow_FPGA\rtl\debug/sf_debug_link.sv:446$502_Y $flatten\u_link.$logic_and$E:\EDA_Race\Cangku\new\SigFlow_FPGA\rtl\debug/sf_debug_link.sv:490$588_Y }
  ctrl outputs: { $flatten\u_link.$procmux$2518_CMP $flatten\u_link.$procmux$2489_CMP $flatten\u_link.$procmux$2488_CMP $flatten\u_link.$0\tx_after[2:0] }
  transition:      3'000 7'000---- ->      3'000 6'100000
  transition:      3'000 7'1----0- ->      3'000 6'100000
  transition:      3'000 7'1----1- ->      3'000 6'100000
  transition:      3'000 7'-1----0 ->      3'001 6'100001
  transition:      3'000 7'-1----1 ->      3'000 6'100000
  transition:      3'000 7'--100-- ->      3'011 6'100011
  transition:      3'000 7'--110-- ->      3'000 6'100000
  transition:      3'000 7'--1-1-- ->      3'010 6'100010
  transition:      3'010 7'000---- ->      3'010 6'001010
  transition:      3'010 7'1----0- ->      3'000 6'001000
  transition:      3'010 7'1----1- ->      3'010 6'001010
  transition:      3'010 7'-1----0 ->      3'001 6'001001
  transition:      3'010 7'-1----1 ->      3'010 6'001010
  transition:      3'010 7'--100-- ->      3'011 6'001011
  transition:      3'010 7'--110-- ->      3'010 6'001010
  transition:      3'010 7'--1-1-- ->      3'010 6'001010
  transition:      3'001 7'000---- ->      3'001 6'010001
  transition:      3'001 7'1----0- ->      3'000 6'010000
  transition:      3'001 7'1----1- ->      3'001 6'010001
  transition:      3'001 7'-1----0 ->      3'001 6'010001
  transition:      3'001 7'-1----1 ->      3'001 6'010001
  transition:      3'001 7'--100-- ->      3'011 6'010011
  transition:      3'001 7'--110-- ->      3'001 6'010001
  transition:      3'001 7'--1-1-- ->      3'010 6'010010
  transition:      3'011 7'000---- ->      3'011 6'000011
  transition:      3'011 7'1----0- ->      3'000 6'000000
  transition:      3'011 7'1----1- ->      3'011 6'000011
  transition:      3'011 7'-1----0 ->      3'001 6'000001
  transition:      3'011 7'-1----1 ->      3'011 6'000011
  transition:      3'011 7'--100-- ->      3'011 6'000011
  transition:      3'011 7'--110-- ->      3'011 6'000011
  transition:      3'011 7'--1-1-- ->      3'010 6'000010

9.13.3. Executing FSM_OPT pass (simple optimizations of FSMs).
Optimizing FSM `$fsm$\u_link.tx_after$4259' from module `\sf_debug_top'.
  Merging pattern 7'1----0- and 7'1----1- from group (0 0 6'100000).
  Merging pattern 7'1----1- and 7'1----0- from group (0 0 6'100000).
  Merging pattern 7'-1----0 and 7'-1----1 from group (2 2 6'010001).
  Merging pattern 7'-1----1 and 7'-1----0 from group (2 2 6'010001).
  Merging pattern 7'--100-- and 7'--110-- from group (3 3 6'000011).
  Merging pattern 7'--110-- and 7'--100-- from group (3 3 6'000011).
Optimizing FSM `$fsm$\u_link.response_kind$4253' from module `\sf_debug_top'.
  Merging pattern 10'--1---11-0 and 10'--1---11-1 from group (0 0 7'0000000).
  Merging pattern 10'--1---11-1 and 10'--1---11-0 from group (0 0 7'0000000).
  Merging pattern 10'----1-110- and 10'----1-111- from group (0 0 7'0000000).
  Merging pattern 10'----1-111- and 10'----1-110- from group (0 0 7'0000000).

9.13.4. Executing OPT_CLEAN pass (remove unused cells and wires).
Finding unused cells or wires in module \sf_debug_top..
Removed 19 unused cells and 19 unused wires.
<suppressed ~20 debug messages>

9.13.5. Executing FSM_OPT pass (simple optimizations of FSMs).
Optimizing FSM `$fsm$\u_link.response_kind$4253' from module `\sf_debug_top'.
  Removing unused output signal $flatten\u_link.$0\response_kind[2:0] [0].
  Removing unused output signal $flatten\u_link.$0\response_kind[2:0] [1].
  Removing unused output signal $flatten\u_link.$0\response_kind[2:0] [2].
Optimizing FSM `$fsm$\u_link.tx_after$4259' from module `\sf_debug_top'.
  Removing unused output signal $flatten\u_link.$0\tx_after[2:0] [0].
  Removing unused output signal $flatten\u_link.$0\tx_after[2:0] [1].
  Removing unused output signal $flatten\u_link.$0\tx_after[2:0] [2].

9.13.6. Executing FSM_RECODE pass (re-assigning FSM state encoding).
Recoding FSM `$fsm$\u_link.response_kind$4253' from module `\sf_debug_top' using `auto' encoding:
  mapping auto encoding to `one-hot` for this FSM.
  000 -> ----1
  100 -> ---1-
  010 -> --1--
  001 -> -1---
  011 -> 1----
Recoding FSM `$fsm$\u_link.tx_after$4259' from module `\sf_debug_top' using `auto' encoding:
  mapping auto encoding to `one-hot` for this FSM.
  000 -> ---1
  010 -> --1-
  001 -> -1--
  011 -> 1---

9.13.7. Executing FSM_INFO pass (dumping all available information on FSM cells).

FSM `$fsm$\u_link.response_kind$4253' from module `sf_debug_top':
-------------------------------------

  Information on FSM $fsm$\u_link.response_kind$4253 (\u_link.response_kind):

  Number of input signals:   10
  Number of output signals:   4
  Number of state bits:       5

  Input signals:
    0: $flatten\u_link.$eq$E:\EDA_Race\Cangku\new\SigFlow_FPGA\rtl\debug/sf_debug_link.sv:366$500_Y
    1: $flatten\u_link.$ge$E:\EDA_Race\Cangku\new\SigFlow_FPGA\rtl\debug/sf_debug_link.sv:384$501_Y
    2: $flatten\u_link.$logic_and$E:\EDA_Race\Cangku\new\SigFlow_FPGA\rtl\debug/sf_debug_link.sv:346$499_Y
    3: $flatten\u_link.$procmux$2456_CMP
    4: $flatten\u_link.$procmux$2583_CMP
    5: $flatten\u_link.$procmux$2592_CMP
    6: $flatten\u_link.$procmux$2593_CMP
    7: $flatten\u_link.$procmux$2597_CMP
    8: $flatten\u_link.$procmux$2598_CMP
    9: $flatten\u_link.$procmux$2599_CMP

  Output signals:
    0: $flatten\u_link.$procmux$1026_CMP
    1: $flatten\u_link.$procmux$1053_CMP
    2: $flatten\u_link.$procmux$1054_CMP
    3: $flatten\u_link.$procmux$1055_CMP

  State encoding:
    0:    5'----1
    1:    5'---1-
    2:    5'--1--
    3:    5'-1---
    4:    5'1----

  Transition Table (state_in, ctrl_in, state_out, ctrl_out):
      0:     0 10'------10--   ->     0 4'0000
      1:     0 10'00000-11--   ->     0 4'0000
      2:     0 10'----1-11--   ->     0 4'0000
      3:     0 10'--1---11--   ->     0 4'0000
      4:     0 10'-----00---   ->     0 4'0000
      5:     0 10'-----1----   ->     1 4'0000
      6:     0 10'-1----11--   ->     2 4'0000
      7:     0 10'1-----11--   ->     3 4'0000
      8:     0 10'---1--11--   ->     4 4'0000
      9:     1 10'--1---11-1   ->     0 4'0010
     10:     1 10'----1-110-   ->     0 4'0010
     11:     1 10'00000-11--   ->     0 4'0010
     12:     1 10'--1---11-0   ->     1 4'0010
     13:     1 10'----1-111-   ->     1 4'0010
     14:     1 10'------10--   ->     1 4'0010
     15:     1 10'-----00---   ->     1 4'0010
     16:     1 10'-----1----   ->     1 4'0010
     17:     1 10'-1----11--   ->     2 4'0010
     18:     1 10'1-----11--   ->     3 4'0010
     19:     1 10'---1--11--   ->     4 4'0010
     20:     2 10'--1---11-1   ->     0 4'1000
     21:     2 10'----1-110-   ->     0 4'1000
     22:     2 10'00000-11--   ->     0 4'1000
     23:     2 10'-----1----   ->     1 4'1000
     24:     2 10'--1---11-0   ->     2 4'1000
     25:     2 10'----1-111-   ->     2 4'1000
     26:     2 10'------10--   ->     2 4'1000
     27:     2 10'-1----11--   ->     2 4'1000
     28:     2 10'-----00---   ->     2 4'1000
     29:     2 10'1-----11--   ->     3 4'1000
     30:     2 10'---1--11--   ->     4 4'1000
     31:     3 10'--1---11-1   ->     0 4'0001
     32:     3 10'----1-110-   ->     0 4'0001
     33:     3 10'00000-11--   ->     0 4'0001
     34:     3 10'-----1----   ->     1 4'0001
     35:     3 10'-1----11--   ->     2 4'0001
     36:     3 10'--1---11-0   ->     3 4'0001
     37:     3 10'----1-111-   ->     3 4'0001
     38:     3 10'------10--   ->     3 4'0001
     39:     3 10'1-----11--   ->     3 4'0001
     40:     3 10'-----00---   ->     3 4'0001
     41:     3 10'---1--11--   ->     4 4'0001
     42:     4 10'--1---11-1   ->     0 4'0100
     43:     4 10'----1-110-   ->     0 4'0100
     44:     4 10'00000-11--   ->     0 4'0100
     45:     4 10'-----1----   ->     1 4'0100
     46:     4 10'-1----11--   ->     2 4'0100
     47:     4 10'1-----11--   ->     3 4'0100
     48:     4 10'--1---11-0   ->     4 4'0100
     49:     4 10'----1-111-   ->     4 4'0100
     50:     4 10'------10--   ->     4 4'0100
     51:     4 10'---1--11--   ->     4 4'0100
     52:     4 10'-----00---   ->     4 4'0100

-------------------------------------

FSM `$fsm$\u_link.tx_after$4259' from module `sf_debug_top':
-------------------------------------

  Information on FSM $fsm$\u_link.tx_after$4259 (\u_link.tx_after):

  Number of input signals:    7
  Number of output signals:   3
  Number of state bits:       4

  Input signals:
    0: $flatten\u_link.$logic_and$E:\EDA_Race\Cangku\new\SigFlow_FPGA\rtl\debug/sf_debug_link.sv:490$588_Y
    1: $flatten\u_link.$lt$E:\EDA_Race\Cangku\new\SigFlow_FPGA\rtl\debug/sf_debug_link.sv:446$502_Y
    2: $flatten\u_link.$lt$E:\EDA_Race\Cangku\new\SigFlow_FPGA\rtl\debug/sf_debug_link.sv:501$592_Y
    3: $flatten\u_link.$lt$E:\EDA_Race\Cangku\new\SigFlow_FPGA\rtl\debug/sf_debug_link.sv:505$614_Y
    4: $flatten\u_link.$procmux$1015_CMP
    5: $flatten\u_link.$procmux$1223_CMP
    6: $flatten\u_link.$procmux$1474_CMP

  Output signals:
    0: $flatten\u_link.$procmux$2488_CMP
    1: $flatten\u_link.$procmux$2489_CMP
    2: $flatten\u_link.$procmux$2518_CMP

  State encoding:
    0:     4'---1
    1:     4'--1-
    2:     4'-1--
    3:     4'1---

  Transition Table (state_in, ctrl_in, state_out, ctrl_out):
      0:     0 7'-1----1   ->     0 3'100
      1:     0 7'--110--   ->     0 3'100
      2:     0 7'000----   ->     0 3'100
      3:     0 7'1------   ->     0 3'100
      4:     0 7'--1-1--   ->     1 3'100
      5:     0 7'-1----0   ->     2 3'100
      6:     0 7'--100--   ->     3 3'100
      7:     1 7'1----0-   ->     0 3'001
      8:     1 7'-1----1   ->     1 3'001
      9:     1 7'1----1-   ->     1 3'001
     10:     1 7'--110--   ->     1 3'001
     11:     1 7'--1-1--   ->     1 3'001
     12:     1 7'000----   ->     1 3'001
     13:     1 7'-1----0   ->     2 3'001
     14:     1 7'--100--   ->     3 3'001
     15:     2 7'1----0-   ->     0 3'010
     16:     2 7'--1-1--   ->     1 3'010
     17:     2 7'1----1-   ->     2 3'010
     18:     2 7'--110--   ->     2 3'010
     19:     2 7'000----   ->     2 3'010
     20:     2 7'-1-----   ->     2 3'010
     21:     2 7'--100--   ->     3 3'010
     22:     3 7'1----0-   ->     0 3'000
     23:     3 7'--1-1--   ->     1 3'000
     24:     3 7'-1----0   ->     2 3'000
     25:     3 7'-1----1   ->     3 3'000
     26:     3 7'1----1-   ->     3 3'000
     27:     3 7'--1-0--   ->     3 3'000
     28:     3 7'000----   ->     3 3'000

-------------------------------------

9.13.8. Executing FSM_MAP pass (mapping FSMs to basic logic).
Mapping FSM `$fsm$\u_link.response_kind$4253' from module `\sf_debug_top'.
Mapping FSM `$fsm$\u_link.tx_after$4259' from module `\sf_debug_top'.

9.14. Executing OPT pass (performing simple optimizations).

9.14.1. Executing OPT_EXPR pass (perform const folding).
Optimizing module sf_debug_top.
<suppressed ~12 debug messages>

9.14.2. Executing OPT_MERGE pass (detect identical cells).
Finding identical cells in module `\sf_debug_top'.
Computing hashes of 709 cells of `\sf_debug_top'.
Finding duplicate cells in `\sf_debug_top'.
Computing hashes of 686 cells of `\sf_debug_top'.
Finding duplicate cells in `\sf_debug_top'.
<suppressed ~69 debug messages>
Removed a total of 23 cells.

9.14.3. Executing OPT_MUXTREE pass (detect dead branches in mux trees).
Running muxtree optimizer on module \sf_debug_top..
  Creating internal representation of mux trees.
  Evaluating internal representation of mux trees.
  Analyzing evaluation results.
Removed 0 multiplexer ports.
<suppressed ~432 debug messages>

9.14.4. Executing OPT_REDUCE pass (consolidate $*mux and $reduce_* inputs).
  Optimizing cells in module \sf_debug_top.
Performed a total of 0 changes.

9.14.5. Executing OPT_MERGE pass (detect identical cells).
Finding identical cells in module `\sf_debug_top'.
Computing hashes of 686 cells of `\sf_debug_top'.
Finding duplicate cells in `\sf_debug_top'.
Removed a total of 0 cells.

9.14.6. Executing OPT_DFF pass (perform DFF optimizations).
Adding EN signal on $flatten\u_link.\u_uart.$procdff$3870 ($dff) from module sf_debug_top (D = $flatten\u_link.\u_uart.$0\tx_cnt[31:0], Q = \u_link.u_uart.tx_cnt).
Adding EN signal on $flatten\u_link.\u_uart.$procdff$3865 ($dff) from module sf_debug_top (D = $flatten\u_link.\u_uart.$0\tx_bits[3:0], Q = \u_link.u_uart.tx_bits).
Adding EN signal on $flatten\u_link.\u_uart.$procdff$3860 ($dff) from module sf_debug_top (D = $flatten\u_link.\u_uart.$0\tx_shift[9:0], Q = \u_link.u_uart.tx_shift).
Adding EN signal on $flatten\u_link.\u_uart.$procdff$3855 ($dff) from module sf_debug_top (D = \u_link.u_uart.rx_shift, Q = \u_link.u_uart.rx_data).
Adding SRST signal on $flatten\u_link.\u_uart.$procdff$3850 ($dff) from module sf_debug_top (D = $flatten\u_link.\u_uart.$procmux$3338_Y, Q = \u_link.u_uart.rx_valid, rval = 1'0).
Adding EN signal on $flatten\u_link.\u_uart.$procdff$3845 ($dff) from module sf_debug_top (D = $flatten\u_link.\u_uart.$0\rx_shift[7:0], Q = \u_link.u_uart.rx_shift).
Adding EN signal on $flatten\u_link.\u_uart.$procdff$3840 ($dff) from module sf_debug_top (D = $flatten\u_link.\u_uart.$0\rx_bits[3:0], Q = \u_link.u_uart.rx_bits).
Adding EN signal on $flatten\u_link.\u_uart.$procdff$3835 ($dff) from module sf_debug_top (D = $flatten\u_link.\u_uart.$0\rx_cnt[31:0], Q = \u_link.u_uart.rx_cnt).
Adding EN signal on $flatten\u_dut.$procdff$3494 ($adff) from module sf_debug_top (D = $flatten\u_dut.$0\uart_tx_r[0:0], Q = \u_dut.uart_tx_r).
Adding EN signal on $flatten\u_dut.$procdff$3489 ($adff) from module sf_debug_top (D = $flatten\u_dut.$0\bit_timer[15:0], Q = \u_dut.bit_timer).
Adding EN signal on $flatten\u_dut.$procdff$3484 ($adff) from module sf_debug_top (D = $flatten\u_dut.$0\bit_count[3:0], Q = \u_dut.bit_count).
Adding EN signal on $flatten\u_dut.$procdff$3479 ($adff) from module sf_debug_top (D = $flatten\u_dut.$procmux$723_Y, Q = \u_dut.tick).
Adding EN signal on $flatten\u_dut.$procdff$3474 ($adff) from module sf_debug_top (D = 8'01010101, Q = \u_dut.tx_shift).
Adding EN signal on $flatten\u_link.$procdff$3548 ($dff) from module sf_debug_top (D = $flatten\u_link.$0\tx_byte[7:0], Q = \u_link.tx_byte).
Adding SRST signal on $flatten\u_link.$procdff$3553 ($dff) from module sf_debug_top (D = $flatten\u_link.$procmux$2462_Y, Q = \u_link.tx_start, rval = 1'0).
Adding EN signal on $flatten\u_link.$procdff$3565 ($dff) from module sf_debug_top (D = $flatten\u_link.$0\rx_after_apply[4:0], Q = \u_link.rx_after_apply).
Adding EN signal on $flatten\u_link.$procdff$3558 ($dff) from module sf_debug_top (D = $flatten\u_link.$0\state[4:0], Q = \u_link.state).
Adding EN signal on $flatten\u_link.$procdff$3570 ($dff) from module sf_debug_top (D = $flatten\u_link.$0\rx_left[7:0], Q = \u_link.rx_left).
Adding EN signal on $flatten\u_link.$procdff$3575 ($dff) from module sf_debug_top (D = \u_link.u_uart.rx_data, Q = \u_link.rx_pending_code).
Adding EN signal on $flatten\u_link.$procdff$3580 ($dff) from module sf_debug_top (D = $flatten\u_link.$0\decoded_byte[7:0], Q = \u_link.decoded_byte).
Adding EN signal on $flatten\u_link.$procdff$3585 ($dff) from module sf_debug_top (D = $flatten\u_link.$0\tail0[7:0], Q = \u_link.tail0).
Adding EN signal on $flatten\u_link.$procdff$3590 ($dff) from module sf_debug_top (D = $flatten\u_link.$0\tail1[7:0], Q = \u_link.tail1).
Adding EN signal on $flatten\u_link.$procdff$3595 ($dff) from module sf_debug_top (D = $flatten\u_link.$0\decoded_count[7:0], Q = \u_link.decoded_count).
Adding EN signal on $flatten\u_link.$procdff$3600 ($dff) from module sf_debug_top (D = $flatten\u_link.$0\body_count[7:0], Q = \u_link.body_count).
Adding EN signal on $flatten\u_link.$procdff$3605 ($dff) from module sf_debug_top (D = $flatten\u_link.$0\rx_crc[15:0], Q = \u_link.rx_crc).
Adding EN signal on $flatten\u_link.$procdff$3610 ($dff) from module sf_debug_top (D = $flatten\u_link.$0\version_ok[0:0], Q = \u_link.version_ok).
Adding EN signal on $flatten\u_link.$procdff$3615 ($dff) from module sf_debug_top (D = $flatten\u_link.$0\req_type[7:0], Q = \u_link.req_type).
Adding EN signal on $flatten\u_link.$procdff$3620 ($dff) from module sf_debug_top (D = $flatten\u_link.$0\req_seq[7:0], Q = \u_link.req_seq).
Adding EN signal on $flatten\u_link.$procdff$3625 ($dff) from module sf_debug_top (D = $flatten\u_link.$0\req_len[7:0], Q = \u_link.req_len).
Adding EN signal on $flatten\u_link.$procdff$3630 ($dff) from module sf_debug_top (D = \u_link.tail0, Q = \u_link.read_start [15:8]).
Adding EN signal on $flatten\u_link.$procdff$3630 ($dff) from module sf_debug_top (D = \u_link.tail0, Q = \u_link.read_start [7:0]).
Adding EN signal on $flatten\u_link.$procdff$3635 ($dff) from module sf_debug_top (D = \u_link.tail0, Q = \u_link.cfg_mask [23:16]).
Adding EN signal on $flatten\u_link.$procdff$3635 ($dff) from module sf_debug_top (D = \u_link.tail0, Q = \u_link.cfg_mask [15:8]).
Adding EN signal on $flatten\u_link.$procdff$3635 ($dff) from module sf_debug_top (D = \u_link.tail0, Q = \u_link.cfg_mask [7:0]).
Adding EN signal on $flatten\u_link.$procdff$3635 ($dff) from module sf_debug_top (D = \u_link.tail0, Q = \u_link.cfg_mask [31:24]).
Adding EN signal on $flatten\u_link.$procdff$3640 ($dff) from module sf_debug_top (D = \u_link.tail0, Q = \u_link.cfg_value [23:16]).
Adding EN signal on $flatten\u_link.$procdff$3640 ($dff) from module sf_debug_top (D = \u_link.tail0, Q = \u_link.cfg_value [15:8]).
Adding EN signal on $flatten\u_link.$procdff$3640 ($dff) from module sf_debug_top (D = \u_link.tail0, Q = \u_link.cfg_value [7:0]).
Adding EN signal on $flatten\u_link.$procdff$3640 ($dff) from module sf_debug_top (D = \u_link.tail0, Q = \u_link.cfg_value [31:24]).
Adding EN signal on $flatten\u_link.$procdff$3645 ($dff) from module sf_debug_top (D = \u_link.tail0, Q = \u_link.cfg_decimation).
Adding EN signal on $flatten\u_link.$procdff$3650 ($dff) from module sf_debug_top (D = \u_link.tail0 [2:0], Q = \u_link.cfg_mode).
Adding EN signal on $flatten\u_link.$procdff$3655 ($dff) from module sf_debug_top (D = \u_link.tail0, Q = \u_link.cfg_count [15:8]).
Adding EN signal on $flatten\u_link.$procdff$3655 ($dff) from module sf_debug_top (D = \u_link.tail0, Q = \u_link.cfg_count [7:0]).
Adding SRST signal on $flatten\u_link.$procdff$3660 ($dff) from module sf_debug_top (D = $flatten\u_link.$procmux$2451_Y, Q = \u_link.arm_pulse_r, rval = 1'0).
Adding EN signal on $flatten\u_link.$procdff$3670 ($dff) from module sf_debug_top (D = \u_link.read_start [9:0], Q = \u_link.rd_addr_r).
Adding EN signal on $flatten\u_link.$procdff$3675 ($dff) from module sf_debug_top (D = \u_ila.rd_data_reg, Q = \u_link.read_data).
Adding EN signal on $flatten\u_link.$procdff$3685 ($dff) from module sf_debug_top (D = $flatten\u_link.$0\response_type[7:0], Q = \u_link.response_type).
Adding EN signal on $flatten\u_link.$procdff$3690 ($dff) from module sf_debug_top (D = $flatten\u_link.$0\response_len[7:0], Q = \u_link.response_len).
Adding EN signal on $flatten\u_link.$procdff$3695 ($dff) from module sf_debug_top (D = $flatten\u_link.$0\response_data_len[7:0], Q = \u_link.response_data_len).
Adding EN signal on $flatten\u_link.$procdff$3700 ($dff) from module sf_debug_top (D = $flatten\u_link.$0\resp_crc[15:0], Q = \u_link.resp_crc).
Adding EN signal on $flatten\u_link.$procdff$3705 ($dff) from module sf_debug_top (D = $flatten\u_link.$0\resp_crc_idx[7:0], Q = \u_link.resp_crc_idx).
Adding EN signal on $flatten\u_link.$procdff$3710 ($dff) from module sf_debug_top (D = $flatten\u_link.$add$E:\EDA_Race\Cangku\new\SigFlow_FPGA\rtl\debug/sf_debug_link.sv:450$563_Y [7:0], Q = \u_link.resp_total).
Adding EN signal on $flatten\u_link.$procdff$3715 ($dff) from module sf_debug_top (D = $flatten\u_link.$0\enc_src[7:0], Q = \u_link.enc_src).
Adding EN signal on $flatten\u_link.$procdff$3720 ($dff) from module sf_debug_top (D = $flatten\u_link.$0\enc_scan[7:0], Q = \u_link.enc_scan).
Adding EN signal on $flatten\u_link.$procdff$3725 ($dff) from module sf_debug_top (D = \u_link.enc_scan, Q = \u_link.enc_zero).
Adding EN signal on $flatten\u_link.$procdff$3730 ($dff) from module sf_debug_top (D = $flatten\u_link.$procmux$2487_Y, Q = \u_link.enc_copy).
Adding SRST signal on $flatten\u_ila.$procdff$3539 ($dff) from module sf_debug_top (D = $flatten\u_ila.$procmux$744_Y, Q = \u_ila.prev_masked, rval = 0).
Adding EN signal on $auto$ff.cc:337:slice$4903 ($sdff) from module sf_debug_top (D = \u_ila.masked_probe, Q = \u_ila.prev_masked).
Adding SRST signal on $flatten\u_ila.$procdff$3534 ($dff) from module sf_debug_top (D = $flatten\u_ila.$procmux$755_Y, Q = \u_ila.decim_cnt, rval = 8'00000000).
Adding EN signal on $auto$ff.cc:337:slice$4907 ($sdff) from module sf_debug_top (D = $flatten\u_ila.$procmux$753_Y, Q = \u_ila.decim_cnt).
Adding SRST signal on $flatten\u_ila.$procdff$3529 ($dff) from module sf_debug_top (D = $flatten\u_ila.$procmux$764_Y, Q = \u_ila.trig_cnt, rval = 16'0000000000000000).
Adding EN signal on $auto$ff.cc:337:slice$4909 ($sdff) from module sf_debug_top (D = \u_ila.trig_cnt_next, Q = \u_ila.trig_cnt).
Adding EN signal on $flatten\u_ila.$procdff$3524 ($dff) from module sf_debug_top (D = \u_ila.wptr, Q = \u_ila.trigger_index_reg).
Adding SRST signal on $flatten\u_ila.$procdff$3519 ($dff) from module sf_debug_top (D = $flatten\u_ila.$procmux$786_Y, Q = \u_ila.triggered_reg, rval = 1'0).
Adding EN signal on $auto$ff.cc:337:slice$4930 ($sdff) from module sf_debug_top (D = $flatten\u_ila.$procmux$782_Y, Q = \u_ila.triggered_reg).
Adding SRST signal on $flatten\u_ila.$procdff$3514 ($dff) from module sf_debug_top (D = $flatten\u_ila.$procmux$795_Y, Q = \u_ila.done_reg, rval = 1'0).
Adding EN signal on $auto$ff.cc:337:slice$4934 ($sdff) from module sf_debug_top (D = 1'1, Q = \u_ila.done_reg).
Adding SRST signal on $flatten\u_ila.$procdff$3509 ($dff) from module sf_debug_top (D = $flatten\u_ila.$procmux$804_Y, Q = \u_ila.running, rval = 1'1).
Adding SRST signal on $flatten\u_ila.$procdff$3504 ($dff) from module sf_debug_top (D = $flatten\u_ila.$procmux$811_Y, Q = \u_ila.wptr, rval = 10'0000000000).
Adding EN signal on $auto$ff.cc:337:slice$4939 ($sdff) from module sf_debug_top (D = $flatten\u_ila.$add$E:\EDA_Race\Cangku\new\SigFlow_FPGA\rtl\debug/sf_micro_ila.sv:179$695_Y, Q = \u_ila.wptr).
Setting constant 1-bit at position 0 on $auto$ff.cc:337:slice$4527 ($adffe) from module sf_debug_top.
Setting constant 0-bit at position 1 on $auto$ff.cc:337:slice$4527 ($adffe) from module sf_debug_top.
Setting constant 1-bit at position 2 on $auto$ff.cc:337:slice$4527 ($adffe) from module sf_debug_top.
Setting constant 0-bit at position 3 on $auto$ff.cc:337:slice$4527 ($adffe) from module sf_debug_top.
Setting constant 1-bit at position 4 on $auto$ff.cc:337:slice$4527 ($adffe) from module sf_debug_top.
Setting constant 0-bit at position 5 on $auto$ff.cc:337:slice$4527 ($adffe) from module sf_debug_top.
Setting constant 1-bit at position 6 on $auto$ff.cc:337:slice$4527 ($adffe) from module sf_debug_top.
Setting constant 0-bit at position 7 on $auto$ff.cc:337:slice$4527 ($adffe) from module sf_debug_top.

9.14.7. Executing OPT_CLEAN pass (remove unused cells and wires).
Finding unused cells or wires in module \sf_debug_top..
Removed 109 unused cells and 140 unused wires.
<suppressed ~110 debug messages>

9.14.8. Executing OPT_EXPR pass (perform const folding).
Optimizing module sf_debug_top.
<suppressed ~31 debug messages>

9.14.9. Rerunning OPT passes. (Maybe there is more to do..)

9.14.10. Executing OPT_MUXTREE pass (detect dead branches in mux trees).
Running muxtree optimizer on module \sf_debug_top..
  Creating internal representation of mux trees.
  Evaluating internal representation of mux trees.
  Analyzing evaluation results.
Removed 0 multiplexer ports.
<suppressed ~300 debug messages>

9.14.11. Executing OPT_REDUCE pass (consolidate $*mux and $reduce_* inputs).
  Optimizing cells in module \sf_debug_top.
Performed a total of 0 changes.

9.14.12. Executing OPT_MERGE pass (detect identical cells).
Finding identical cells in module `\sf_debug_top'.
Computing hashes of 797 cells of `\sf_debug_top'.
Finding duplicate cells in `\sf_debug_top'.
Computing hashes of 696 cells of `\sf_debug_top'.
Finding duplicate cells in `\sf_debug_top'.
Computing hashes of 685 cells of `\sf_debug_top'.
Finding duplicate cells in `\sf_debug_top'.
Computing hashes of 683 cells of `\sf_debug_top'.
Finding duplicate cells in `\sf_debug_top'.
<suppressed ~342 debug messages>
Removed a total of 114 cells.

9.14.13. Executing OPT_DFF pass (perform DFF optimizations).

9.14.14. Executing OPT_CLEAN pass (remove unused cells and wires).
Finding unused cells or wires in module \sf_debug_top..
Removed 0 unused cells and 112 unused wires.
<suppressed ~1 debug messages>

9.14.15. Executing OPT_EXPR pass (perform const folding).
Optimizing module sf_debug_top.

9.14.16. Rerunning OPT passes. (Maybe there is more to do..)

9.14.17. Executing OPT_MUXTREE pass (detect dead branches in mux trees).
Running muxtree optimizer on module \sf_debug_top..
  Creating internal representation of mux trees.
  Evaluating internal representation of mux trees.
  Analyzing evaluation results.
Removed 0 multiplexer ports.
<suppressed ~308 debug messages>

9.14.18. Executing OPT_REDUCE pass (consolidate $*mux and $reduce_* inputs).
  Optimizing cells in module \sf_debug_top.
Performed a total of 0 changes.

9.14.19. Executing OPT_MERGE pass (detect identical cells).
Finding identical cells in module `\sf_debug_top'.
Computing hashes of 683 cells of `\sf_debug_top'.
Finding duplicate cells in `\sf_debug_top'.
Removed a total of 0 cells.

9.14.20. Executing OPT_DFF pass (perform DFF optimizations).

9.14.21. Executing OPT_CLEAN pass (remove unused cells and wires).
Finding unused cells or wires in module \sf_debug_top..

9.14.22. Executing OPT_EXPR pass (perform const folding).
Optimizing module sf_debug_top.

9.14.23. Finished fast OPT passes. (There is nothing left to do.)

9.15. Executing WREDUCE pass (reducing word size of cells).
Removed top 1 bits (of 2) from port B of cell sf_debug_top.$auto$opt_dff.cc:320:make_patterns_logic$4873 ($ne).
Removed top 1 bits (of 2) from port B of cell sf_debug_top.$auto$opt_dff.cc:320:make_patterns_logic$4705 ($ne).
Removed top 1 bits (of 2) from port B of cell sf_debug_top.$auto$opt_dff.cc:320:make_patterns_logic$4692 ($ne).
Removed top 1 bits (of 2) from port B of cell sf_debug_top.$auto$opt_dff.cc:320:make_patterns_logic$4679 ($ne).
Removed top 1 bits (of 2) from port B of cell sf_debug_top.$auto$opt_dff.cc:320:make_patterns_logic$4666 ($ne).
Removed top 3 bits (of 4) from port B of cell sf_debug_top.$auto$opt_dff.cc:320:make_patterns_logic$4506 ($ne).
Removed top 2 bits (of 3) from port B of cell sf_debug_top.$auto$opt_dff.cc:320:make_patterns_logic$4497 ($ne).
Removed top 1 bits (of 2) from port B of cell sf_debug_top.$auto$opt_dff.cc:320:make_patterns_logic$4484 ($ne).
Removed top 1 bits (of 2) from port B of cell sf_debug_top.$auto$opt_dff.cc:320:make_patterns_logic$4461 ($ne).
Removed top 5 bits (of 7) from port B of cell sf_debug_top.$auto$fsm_map.cc:77:implement_pattern_cache$4277 ($eq).
Removed top 30 bits (of 32) from port B of cell sf_debug_top.$flatten\u_link.\u_uart.$sub$E:\EDA_Race\Cangku\new\SigFlow_FPGA\rtl\debug/sf_uart_link.sv:98$371 ($sub).
Removed top 30 bits (of 32) from port B of cell sf_debug_top.$flatten\u_link.\u_uart.$sub$E:\EDA_Race\Cangku\new\SigFlow_FPGA\rtl\debug/sf_uart_link.sv:55$361 ($sub).
Removed top 3 bits (of 4) from port B of cell sf_debug_top.$flatten\u_link.\u_uart.$add$E:\EDA_Race\Cangku\new\SigFlow_FPGA\rtl\debug/sf_uart_link.sv:52$360 ($add).
Removed top 3 bits (of 4) from port B of cell sf_debug_top.$flatten\u_link.\u_uart.$add$E:\EDA_Race\Cangku\new\SigFlow_FPGA\rtl\debug/sf_uart_link.sv:112$375 ($add).
Removed top 5 bits (of 8) from port A of cell sf_debug_top.$flatten\u_link.$add$E:\EDA_Race\Cangku\new\SigFlow_FPGA\rtl\debug/sf_debug_link.sv:347$495 ($add).
Removed top 30 bits (of 32) from port B of cell sf_debug_top.$flatten\u_link.$add$E:\EDA_Race\Cangku\new\SigFlow_FPGA\rtl\debug/sf_debug_link.sv:450$563 ($add).
Removed top 24 bits (of 32) from port Y of cell sf_debug_top.$flatten\u_link.$add$E:\EDA_Race\Cangku\new\SigFlow_FPGA\rtl\debug/sf_debug_link.sv:450$563 ($add).
Removed top 7 bits (of 8) from port B of cell sf_debug_top.$flatten\u_link.$eq$E:\EDA_Race\Cangku\new\SigFlow_FPGA\rtl\debug/sf_debug_link.sv:142$517 ($eq).
Removed top 7 bits (of 8) from port B of cell sf_debug_top.$flatten\u_link.$eq$E:\EDA_Race\Cangku\new\SigFlow_FPGA\rtl\debug/sf_debug_link.sv:142$574 ($eq).
Removed top 7 bits (of 8) from port B of cell sf_debug_top.$flatten\u_link.$eq$E:\EDA_Race\Cangku\new\SigFlow_FPGA\rtl\debug/sf_debug_link.sv:142$602 ($eq).
Removed top 6 bits (of 8) from port B of cell sf_debug_top.$flatten\u_link.$eq$E:\EDA_Race\Cangku\new\SigFlow_FPGA\rtl\debug/sf_debug_link.sv:144$519 ($eq).
Removed top 6 bits (of 8) from port B of cell sf_debug_top.$flatten\u_link.$eq$E:\EDA_Race\Cangku\new\SigFlow_FPGA\rtl\debug/sf_debug_link.sv:144$576 ($eq).
Removed top 6 bits (of 8) from port B of cell sf_debug_top.$flatten\u_link.$eq$E:\EDA_Race\Cangku\new\SigFlow_FPGA\rtl\debug/sf_debug_link.sv:144$604 ($eq).
Removed top 6 bits (of 8) from port B of cell sf_debug_top.$flatten\u_link.$eq$E:\EDA_Race\Cangku\new\SigFlow_FPGA\rtl\debug/sf_debug_link.sv:146$521 ($eq).
Removed top 6 bits (of 8) from port B of cell sf_debug_top.$flatten\u_link.$eq$E:\EDA_Race\Cangku\new\SigFlow_FPGA\rtl\debug/sf_debug_link.sv:146$578 ($eq).
Removed top 6 bits (of 8) from port B of cell sf_debug_top.$flatten\u_link.$eq$E:\EDA_Race\Cangku\new\SigFlow_FPGA\rtl\debug/sf_debug_link.sv:146$606 ($eq).
Removed top 7 bits (of 8) from port B of cell sf_debug_top.$flatten\u_link.$eq$E:\EDA_Race\Cangku\new\SigFlow_FPGA\rtl\debug/sf_debug_link.sv:270$435 ($eq).
Removed top 7 bits (of 8) from port B of cell sf_debug_top.$flatten\u_link.$eq$E:\EDA_Race\Cangku\new\SigFlow_FPGA\rtl\debug/sf_debug_link.sv:282$439 ($eq).
Removed top 7 bits (of 8) from port B of cell sf_debug_top.$flatten\u_link.$eq$E:\EDA_Race\Cangku\new\SigFlow_FPGA\rtl\debug/sf_debug_link.sv:304$448 ($eq).
Removed top 7 bits (of 8) from port B of cell sf_debug_top.$flatten\u_link.$eq$E:\EDA_Race\Cangku\new\SigFlow_FPGA\rtl\debug/sf_debug_link.sv:309$487 ($eq).
Removed top 7 bits (of 8) from port B of cell sf_debug_top.$flatten\u_link.$eq$E:\EDA_Race\Cangku\new\SigFlow_FPGA\rtl\debug/sf_debug_link.sv:342$491 ($eq).
Removed top 4 bits (of 8) from port B of cell sf_debug_top.$flatten\u_link.$eq$E:\EDA_Race\Cangku\new\SigFlow_FPGA\rtl\debug/sf_debug_link.sv:366$500 ($eq).
Removed top 29 bits (of 32) from port B of cell sf_debug_top.$flatten\u_link.$ge$E:\EDA_Race\Cangku\new\SigFlow_FPGA\rtl\debug/sf_debug_link.sv:346$493 ($ge).
Removed top 29 bits (of 32) from port B of cell sf_debug_top.$flatten\u_link.$ge$E:\EDA_Race\Cangku\new\SigFlow_FPGA\rtl\debug/sf_debug_link.sv:384$501 ($ge).
Removed top 7 bits (of 8) from mux cell sf_debug_top.$flatten\u_link.$procmux$1023 ($mux).
Removed top 4 bits (of 8) from port B of cell sf_debug_top.$flatten\u_link.$procmux$1195_CMP0 ($eq).
Removed top 4 bits (of 8) from port B of cell sf_debug_top.$flatten\u_link.$procmux$1196_CMP0 ($eq).
Removed top 4 bits (of 8) from port B of cell sf_debug_top.$flatten\u_link.$procmux$1197_CMP0 ($eq).
Removed top 4 bits (of 8) from port B of cell sf_debug_top.$flatten\u_link.$procmux$1198_CMP0 ($eq).
Removed top 5 bits (of 8) from port B of cell sf_debug_top.$flatten\u_link.$procmux$1230_CMP0 ($eq).
Removed top 5 bits (of 8) from port B of cell sf_debug_top.$flatten\u_link.$procmux$1231_CMP0 ($eq).
Removed top 1 bits (of 8) from mux cell sf_debug_top.$flatten\u_link.$procmux$1261 ($pmux).
Removed top 3 bits (of 8) from port B of cell sf_debug_top.$flatten\u_link.$procmux$1262_CMP0 ($eq).
Removed top 4 bits (of 8) from port B of cell sf_debug_top.$flatten\u_link.$procmux$1263_CMP0 ($eq).
Removed top 4 bits (of 8) from port B of cell sf_debug_top.$flatten\u_link.$procmux$1264_CMP0 ($eq).
Removed top 5 bits (of 8) from port B of cell sf_debug_top.$flatten\u_link.$procmux$1265_CMP0 ($eq).
Removed top 7 bits (of 8) from mux cell sf_debug_top.$flatten\u_link.$procmux$1295 ($mux).
Removed top 4 bits (of 8) from port B of cell sf_debug_top.$flatten\u_link.$procmux$1444_CMP0 ($eq).
Removed top 4 bits (of 8) from port B of cell sf_debug_top.$flatten\u_link.$procmux$1445_CMP0 ($eq).
Removed top 4 bits (of 8) from port B of cell sf_debug_top.$flatten\u_link.$procmux$1446_CMP0 ($eq).
Removed top 4 bits (of 8) from port B of cell sf_debug_top.$flatten\u_link.$procmux$1447_CMP0 ($eq).
Removed top 5 bits (of 8) from port B of cell sf_debug_top.$flatten\u_link.$procmux$1486_CMP0 ($eq).
Removed top 5 bits (of 8) from port B of cell sf_debug_top.$flatten\u_link.$procmux$1487_CMP0 ($eq).
Removed top 1 bits (of 8) from mux cell sf_debug_top.$flatten\u_link.$procmux$1524 ($pmux).
Removed top 3 bits (of 8) from port B of cell sf_debug_top.$flatten\u_link.$procmux$1525_CMP0 ($eq).
Removed top 4 bits (of 8) from port B of cell sf_debug_top.$flatten\u_link.$procmux$1526_CMP0 ($eq).
Removed top 4 bits (of 8) from port B of cell sf_debug_top.$flatten\u_link.$procmux$1527_CMP0 ($eq).
Removed top 5 bits (of 8) from port B of cell sf_debug_top.$flatten\u_link.$procmux$1528_CMP0 ($eq).
Removed top 7 bits (of 8) from mux cell sf_debug_top.$flatten\u_link.$procmux$1565 ($mux).
Removed top 4 bits (of 8) from port B of cell sf_debug_top.$flatten\u_link.$procmux$1846_CMP0 ($eq).
Removed top 4 bits (of 8) from port B of cell sf_debug_top.$flatten\u_link.$procmux$1870_CMP0 ($eq).
Removed top 4 bits (of 8) from port B of cell sf_debug_top.$flatten\u_link.$procmux$1898_CMP0 ($eq).
Removed top 4 bits (of 8) from port B of cell sf_debug_top.$flatten\u_link.$procmux$1927_CMP0 ($eq).
Removed top 4 bits (of 8) from port B of cell sf_debug_top.$flatten\u_link.$procmux$1957_CMP0 ($eq).
Removed top 5 bits (of 8) from port B of cell sf_debug_top.$flatten\u_link.$procmux$1989_CMP0 ($eq).
Removed top 5 bits (of 8) from port B of cell sf_debug_top.$flatten\u_link.$procmux$2090_CMP0 ($eq).
Removed top 5 bits (of 8) from port B of cell sf_debug_top.$flatten\u_link.$procmux$2452_CMP0 ($eq).
Removed top 4 bits (of 8) from port B of cell sf_debug_top.$flatten\u_link.$procmux$2680_CMP0 ($eq).
Removed top 6 bits (of 8) from port B of cell sf_debug_top.$flatten\u_link.$procmux$2685_CMP0 ($eq).
Removed top 7 bits (of 8) from port B of cell sf_debug_top.$flatten\u_link.$procmux$2686_CMP0 ($eq).
Removed top 4 bits (of 8) from port B of cell sf_debug_top.$flatten\u_link.$procmux$2730_CMP0 ($eq).
Removed top 4 bits (of 8) from port B of cell sf_debug_top.$flatten\u_link.$procmux$2755_CMP0 ($eq).
Removed top 4 bits (of 8) from port B of cell sf_debug_top.$flatten\u_link.$procmux$2781_CMP0 ($eq).
Removed top 5 bits (of 8) from port B of cell sf_debug_top.$flatten\u_link.$procmux$2812_CMP0 ($eq).
Removed top 5 bits (of 8) from port B of cell sf_debug_top.$flatten\u_link.$procmux$2866_CMP0 ($eq).
Removed top 6 bits (of 8) from port B of cell sf_debug_top.$flatten\u_link.$procmux$2901_CMP0 ($eq).
Removed top 6 bits (of 8) from port B of cell sf_debug_top.$flatten\u_link.$procmux$2940_CMP0 ($eq).
Removed top 7 bits (of 8) from port B of cell sf_debug_top.$flatten\u_link.$procmux$2980_CMP0 ($eq).
Removed top 3 bits (of 5) from mux cell sf_debug_top.$flatten\u_link.$procmux$3249 ($mux).
Removed top 3 bits (of 5) from mux cell sf_debug_top.$flatten\u_link.$procmux$3252 ($mux).
Removed top 1 bits (of 5) from port B of cell sf_debug_top.$flatten\u_link.$procmux$3267_CMP0 ($eq).
Removed top 1 bits (of 5) from port B of cell sf_debug_top.$flatten\u_link.$procmux$3270_CMP0 ($eq).
Removed top 1 bits (of 5) from port B of cell sf_debug_top.$flatten\u_link.$procmux$3273_CMP0 ($eq).
Removed top 1 bits (of 5) from port B of cell sf_debug_top.$flatten\u_link.$procmux$3278_CMP0 ($eq).
Removed top 1 bits (of 5) from port B of cell sf_debug_top.$flatten\u_link.$procmux$3279_CMP0 ($eq).
Removed top 1 bits (of 5) from port B of cell sf_debug_top.$flatten\u_link.$procmux$3280_CMP0 ($eq).
Removed top 2 bits (of 5) from port B of cell sf_debug_top.$flatten\u_link.$procmux$3281_CMP0 ($eq).
Removed top 1 bits (of 5) from mux cell sf_debug_top.$flatten\u_link.$procmux$3287 ($mux).
Removed top 4 bits (of 8) from port B of cell sf_debug_top.$flatten\u_link.$procmux$3290_CMP0 ($eq).
Removed top 1 bits (of 5) from mux cell sf_debug_top.$flatten\u_link.$procmux$3292 ($mux).
Removed top 5 bits (of 8) from port B of cell sf_debug_top.$flatten\u_link.$procmux$3294_CMP0 ($eq).
Removed top 2 bits (of 5) from port B of cell sf_debug_top.$flatten\u_link.$procmux$3297_CMP0 ($eq).
Removed top 2 bits (of 5) from port B of cell sf_debug_top.$flatten\u_link.$procmux$3298_CMP0 ($eq).
Removed top 2 bits (of 5) from port B of cell sf_debug_top.$flatten\u_link.$procmux$3299_CMP0 ($eq).
Removed top 3 bits (of 5) from mux cell sf_debug_top.$flatten\u_link.$procmux$3301 ($mux).
Removed top 3 bits (of 5) from port B of cell sf_debug_top.$flatten\u_link.$procmux$3305_CMP0 ($eq).
Removed top 2 bits (of 5) from mux cell sf_debug_top.$flatten\u_link.$procmux$3307 ($mux).
Removed top 3 bits (of 5) from port B of cell sf_debug_top.$flatten\u_link.$procmux$3311_CMP0 ($eq).
Removed top 4 bits (of 5) from port B of cell sf_debug_top.$flatten\u_link.$procmux$3317_CMP0 ($eq).
Removed top 1 bits (of 5) from port B of cell sf_debug_top.$flatten\u_link.$procmux$3333_CMP0 ($eq).
Removed top 1 bits (of 5) from port B of cell sf_debug_top.$flatten\u_link.$procmux$3337_CMP0 ($eq).
Removed top 4 bits (of 8) from port B of cell sf_debug_top.$flatten\u_link.$procmux$917_CMP0 ($eq).
Removed top 4 bits (of 8) from port B of cell sf_debug_top.$flatten\u_link.$procmux$918_CMP0 ($eq).
Removed top 4 bits (of 8) from port B of cell sf_debug_top.$flatten\u_link.$procmux$919_CMP0 ($eq).
Removed top 4 bits (of 8) from port B of cell sf_debug_top.$flatten\u_link.$procmux$920_CMP0 ($eq).
Removed top 5 bits (of 8) from port B of cell sf_debug_top.$flatten\u_link.$procmux$954_CMP0 ($eq).
Removed top 5 bits (of 8) from port B of cell sf_debug_top.$flatten\u_link.$procmux$955_CMP0 ($eq).
Removed top 1 bits (of 8) from mux cell sf_debug_top.$flatten\u_link.$procmux$987 ($pmux).
Removed top 3 bits (of 8) from port B of cell sf_debug_top.$flatten\u_link.$procmux$988_CMP0 ($eq).
Removed top 4 bits (of 8) from port B of cell sf_debug_top.$flatten\u_link.$procmux$989_CMP0 ($eq).
Removed top 4 bits (of 8) from port B of cell sf_debug_top.$flatten\u_link.$procmux$990_CMP0 ($eq).
Removed top 5 bits (of 8) from port B of cell sf_debug_top.$flatten\u_link.$procmux$991_CMP0 ($eq).
Removed top 4 bits (of 5) from mux cell sf_debug_top.$flatten\u_link.$ternary$E:\EDA_Race\Cangku\new\SigFlow_FPGA\rtl\debug/sf_debug_link.sv:270$436 ($mux).
Removed top 4 bits (of 5) from mux cell sf_debug_top.$flatten\u_link.$ternary$E:\EDA_Race\Cangku\new\SigFlow_FPGA\rtl\debug/sf_debug_link.sv:282$440 ($mux).
Removed top 4 bits (of 5) from mux cell sf_debug_top.$flatten\u_link.$ternary$E:\EDA_Race\Cangku\new\SigFlow_FPGA\rtl\debug/sf_debug_link.sv:342$492 ($mux).
Removed top 3 bits (of 16) from mux cell sf_debug_top.$flatten\u_link.$ternary$E:\EDA_Race\Cangku\new\SigFlow_FPGA\rtl\debug/sf_debug_link.sv:85$458 ($mux).
Removed top 3 bits (of 16) from mux cell sf_debug_top.$flatten\u_link.$ternary$E:\EDA_Race\Cangku\new\SigFlow_FPGA\rtl\debug/sf_debug_link.sv:85$462 ($mux).
Removed top 3 bits (of 16) from mux cell sf_debug_top.$flatten\u_link.$ternary$E:\EDA_Race\Cangku\new\SigFlow_FPGA\rtl\debug/sf_debug_link.sv:85$466 ($mux).
Removed top 3 bits (of 16) from mux cell sf_debug_top.$flatten\u_link.$ternary$E:\EDA_Race\Cangku\new\SigFlow_FPGA\rtl\debug/sf_debug_link.sv:85$470 ($mux).
Removed top 3 bits (of 16) from mux cell sf_debug_top.$flatten\u_link.$ternary$E:\EDA_Race\Cangku\new\SigFlow_FPGA\rtl\debug/sf_debug_link.sv:85$474 ($mux).
Removed top 3 bits (of 16) from mux cell sf_debug_top.$flatten\u_link.$ternary$E:\EDA_Race\Cangku\new\SigFlow_FPGA\rtl\debug/sf_debug_link.sv:85$478 ($mux).
Removed top 3 bits (of 16) from mux cell sf_debug_top.$flatten\u_link.$ternary$E:\EDA_Race\Cangku\new\SigFlow_FPGA\rtl\debug/sf_debug_link.sv:85$482 ($mux).
Removed top 3 bits (of 16) from mux cell sf_debug_top.$flatten\u_link.$ternary$E:\EDA_Race\Cangku\new\SigFlow_FPGA\rtl\debug/sf_debug_link.sv:85$486 ($mux).
Removed top 3 bits (of 16) from mux cell sf_debug_top.$flatten\u_link.$ternary$E:\EDA_Race\Cangku\new\SigFlow_FPGA\rtl\debug/sf_debug_link.sv:85$533 ($mux).
Removed top 3 bits (of 16) from mux cell sf_debug_top.$flatten\u_link.$ternary$E:\EDA_Race\Cangku\new\SigFlow_FPGA\rtl\debug/sf_debug_link.sv:85$537 ($mux).
Removed top 3 bits (of 16) from mux cell sf_debug_top.$flatten\u_link.$ternary$E:\EDA_Race\Cangku\new\SigFlow_FPGA\rtl\debug/sf_debug_link.sv:85$541 ($mux).
Removed top 3 bits (of 16) from mux cell sf_debug_top.$flatten\u_link.$ternary$E:\EDA_Race\Cangku\new\SigFlow_FPGA\rtl\debug/sf_debug_link.sv:85$545 ($mux).
Removed top 3 bits (of 16) from mux cell sf_debug_top.$flatten\u_link.$ternary$E:\EDA_Race\Cangku\new\SigFlow_FPGA\rtl\debug/sf_debug_link.sv:85$549 ($mux).
Removed top 3 bits (of 16) from mux cell sf_debug_top.$flatten\u_link.$ternary$E:\EDA_Race\Cangku\new\SigFlow_FPGA\rtl\debug/sf_debug_link.sv:85$553 ($mux).
Removed top 3 bits (of 16) from mux cell sf_debug_top.$flatten\u_link.$ternary$E:\EDA_Race\Cangku\new\SigFlow_FPGA\rtl\debug/sf_debug_link.sv:85$557 ($mux).
Removed top 3 bits (of 16) from mux cell sf_debug_top.$flatten\u_link.$ternary$E:\EDA_Race\Cangku\new\SigFlow_FPGA\rtl\debug/sf_debug_link.sv:85$561 ($mux).
Removed top 15 bits (of 16) from port B of cell sf_debug_top.$flatten\u_ila.$add$E:\EDA_Race\Cangku\new\SigFlow_FPGA\rtl\debug/sf_micro_ila.sv:129$675 ($add).
Removed top 7 bits (of 8) from port B of cell sf_debug_top.$flatten\u_ila.$add$E:\EDA_Race\Cangku\new\SigFlow_FPGA\rtl\debug/sf_micro_ila.sv:164$692 ($add).
Removed top 7 bits (of 8) from port B of cell sf_debug_top.$flatten\u_ila.$le$E:\EDA_Race\Cangku\new\SigFlow_FPGA\rtl\debug/sf_micro_ila.sv:159$689 ($le).
Removed top 15 bits (of 16) from port B of cell sf_debug_top.$flatten\u_ila.$le$E:\EDA_Race\Cangku\new\SigFlow_FPGA\rtl\debug/sf_micro_ila.sv:86$629 ($le).
Removed top 1 bits (of 3) from port B of cell sf_debug_top.$flatten\u_ila.$procmux$901_CMP0 ($eq).
Removed top 1 bits (of 3) from port B of cell sf_debug_top.$flatten\u_ila.$procmux$902_CMP0 ($eq).
Removed top 2 bits (of 3) from port B of cell sf_debug_top.$flatten\u_ila.$procmux$903_CMP0 ($eq).
Removed top 15 bits (of 16) from port B of cell sf_debug_top.$flatten\u_ila.$sub$E:\EDA_Race\Cangku\new\SigFlow_FPGA\rtl\debug/sf_micro_ila.sv:107$654 ($sub).
Removed top 7 bits (of 8) from port B of cell sf_debug_top.$flatten\u_ila.$sub$E:\EDA_Race\Cangku\new\SigFlow_FPGA\rtl\debug/sf_micro_ila.sv:161$690 ($sub).
Removed top 3 bits (of 4) from port B of cell sf_debug_top.$flatten\u_dut.$add$E:/EDA_Race/Cangku/new/SigFlow_FPGA/examples/tracebridge_tangnano9k/rtl/min_led_uart_top.v:20$345 ($add).
Removed top 31 bits (of 32) from port B of cell sf_debug_top.$flatten\u_dut.$add$E:/EDA_Race/Cangku/new/SigFlow_FPGA/examples/tracebridge_tangnano9k/rtl/min_led_uart_top.v:33$349 ($add).
Removed top 15 bits (of 16) from port B of cell sf_debug_top.$flatten\u_dut.$add$E:/EDA_Race/Cangku/new/SigFlow_FPGA/examples/tracebridge_tangnano9k/rtl/min_led_uart_top.v:43$351 ($add).
Removed top 3 bits (of 4) from port B of cell sf_debug_top.$flatten\u_dut.$add$E:/EDA_Race/Cangku/new/SigFlow_FPGA/examples/tracebridge_tangnano9k/rtl/min_led_uart_top.v:46$353 ($add).
Removed top 13 bits (of 32) from port B of cell sf_debug_top.$flatten\u_dut.$ge$E:/EDA_Race/Cangku/new/SigFlow_FPGA/examples/tracebridge_tangnano9k/rtl/min_led_uart_top.v:34$350 ($ge).
Removed top 4 bits (of 16) from port B of cell sf_debug_top.$flatten\u_dut.$ge$E:/EDA_Race/Cangku/new/SigFlow_FPGA/examples/tracebridge_tangnano9k/rtl/min_led_uart_top.v:44$352 ($ge).
Removed top 3 bits (of 4) from port B of cell sf_debug_top.$flatten\u_dut.$procmux$700_CMP1 ($eq).
Removed top 2 bits (of 4) from port B of cell sf_debug_top.$flatten\u_dut.$procmux$700_CMP2 ($eq).
Removed top 2 bits (of 4) from port B of cell sf_debug_top.$flatten\u_dut.$procmux$700_CMP3 ($eq).
Removed top 1 bits (of 4) from port B of cell sf_debug_top.$flatten\u_dut.$procmux$700_CMP4 ($eq).
Removed top 1 bits (of 4) from port B of cell sf_debug_top.$flatten\u_dut.$procmux$700_CMP5 ($eq).
Removed top 1 bits (of 4) from port B of cell sf_debug_top.$flatten\u_dut.$procmux$700_CMP6 ($eq).
Removed top 1 bits (of 4) from port B of cell sf_debug_top.$flatten\u_dut.$procmux$700_CMP7 ($eq).
Removed top 4 bits (of 5) from wire sf_debug_top.$flatten\u_link.$ternary$E:\EDA_Race\Cangku\new\SigFlow_FPGA\rtl\debug/sf_debug_link.sv:342$492_Y.
Removed top 4 bits (of 5) from wire sf_debug_top.$flatten\u_link.$ternary$E:\EDA_Race\Cangku\new\SigFlow_FPGA\rtl\debug/sf_debug_link.sv:282$440_Y.
Removed top 4 bits (of 5) from wire sf_debug_top.$flatten\u_link.$ternary$E:\EDA_Race\Cangku\new\SigFlow_FPGA\rtl\debug/sf_debug_link.sv:270$436_Y.
Removed top 3 bits (of 5) from wire sf_debug_top.$flatten\u_link.$procmux$3249_Y.
Removed top 3 bits (of 5) from wire sf_debug_top.$flatten\u_link.$procmux$3252_Y.
Removed top 24 bits (of 32) from wire sf_debug_top.$flatten\u_link.$add$E:\EDA_Race\Cangku\new\SigFlow_FPGA\rtl\debug/sf_debug_link.sv:450$563_Y.
Removed top 1 bits (of 8) from wire sf_debug_top.$flatten\u_link.$12\response_byte$func$E:\EDA_Race\Cangku\new\SigFlow_FPGA\rtl\debug/sf_debug_link.sv:502$380.$result[7:0]$611.
Removed top 1 bits (of 8) from wire sf_debug_top.$flatten\u_link.$12\response_byte$func$E:\EDA_Race\Cangku\new\SigFlow_FPGA\rtl\debug/sf_debug_link.sv:447$377.$result[7:0]$526.
Removed top 7 bits (of 8) from wire sf_debug_top.$flatten\u_link.$11\response_byte$func$E:\EDA_Race\Cangku\new\SigFlow_FPGA\rtl\debug/sf_debug_link.sv:502$380.$result[7:0]$610.
Removed top 1 bits (of 8) from wire sf_debug_top.$flatten\u_link.$11\response_byte$func$E:\EDA_Race\Cangku\new\SigFlow_FPGA\rtl\debug/sf_debug_link.sv:490$379.$result[7:0]$583.
Removed top 7 bits (of 8) from wire sf_debug_top.$flatten\u_link.$11\response_byte$func$E:\EDA_Race\Cangku\new\SigFlow_FPGA\rtl\debug/sf_debug_link.sv:447$377.$result[7:0]$525.
Removed top 7 bits (of 8) from wire sf_debug_top.$flatten\u_link.$10\response_byte$func$E:\EDA_Race\Cangku\new\SigFlow_FPGA\rtl\debug/sf_debug_link.sv:490$379.$result[7:0]$582.
Removed top 1 bits (of 5) from wire sf_debug_top.$flatten\u_link.$procmux$3287_Y.
Removed top 1 bits (of 5) from wire sf_debug_top.$flatten\u_link.$procmux$3292_Y.
Removed top 3 bits (of 5) from wire sf_debug_top.$flatten\u_link.$procmux$3301_Y.
Removed top 2 bits (of 5) from wire sf_debug_top.$flatten\u_link.$procmux$3307_Y.

9.16. Executing PEEPOPT pass (run peephole optimizers).

9.17. Executing OPT_CLEAN pass (remove unused cells and wires).
Finding unused cells or wires in module \sf_debug_top..
Removed 0 unused cells and 30 unused wires.
<suppressed ~1 debug messages>

9.18. Executing SHARE pass (SAT-based resource sharing).

9.19. Executing TECHMAP pass (map to technology primitives).

9.19.1. Executing Verilog-2005 frontend: E:\EDA_Race\Cangku\new\SigFlow_FPGA_Cmake\external\fpga-tools\runtime\yosys\bin\..\share\mul2dsp.v
Parsing Verilog input from `E:\EDA_Race\Cangku\new\SigFlow_FPGA_Cmake\external\fpga-tools\runtime\yosys\bin\..\share\mul2dsp.v' to AST representation.
Generating RTLIL representation for module `\_80_mul'.
Generating RTLIL representation for module `\_90_soft_mul'.
Successfully finished Verilog frontend.

9.19.2. Continuing TECHMAP pass.
No more expansions possible.
<suppressed ~4 debug messages>

9.20. Executing TECHMAP pass (map to technology primitives).

9.20.1. Executing Verilog-2005 frontend: E:\EDA_Race\Cangku\new\SigFlow_FPGA_Cmake\external\fpga-tools\runtime\yosys\bin\..\share\mul2dsp.v
Parsing Verilog input from `E:\EDA_Race\Cangku\new\SigFlow_FPGA_Cmake\external\fpga-tools\runtime\yosys\bin\..\share\mul2dsp.v' to AST representation.
Generating RTLIL representation for module `\_80_mul'.
Generating RTLIL representation for module `\_90_soft_mul'.
Successfully finished Verilog frontend.

9.20.2. Continuing TECHMAP pass.
No more expansions possible.
<suppressed ~4 debug messages>

9.21. Executing TECHMAP pass (map to technology primitives).

9.21.1. Executing Verilog-2005 frontend: E:\EDA_Race\Cangku\new\SigFlow_FPGA_Cmake\external\fpga-tools\runtime\yosys\bin\..\share\mul2dsp.v
Parsing Verilog input from `E:\EDA_Race\Cangku\new\SigFlow_FPGA_Cmake\external\fpga-tools\runtime\yosys\bin\..\share\mul2dsp.v' to AST representation.
Generating RTLIL representation for module `\_80_mul'.
Generating RTLIL representation for module `\_90_soft_mul'.
Successfully finished Verilog frontend.

9.21.2. Continuing TECHMAP pass.
No more expansions possible.
<suppressed ~4 debug messages>

9.22. Executing TECHMAP pass (map to technology primitives).

9.22.1. Executing Verilog-2005 frontend: E:\EDA_Race\Cangku\new\SigFlow_FPGA_Cmake\external\fpga-tools\runtime\yosys\bin\..\share\mul2dsp.v
Parsing Verilog input from `E:\EDA_Race\Cangku\new\SigFlow_FPGA_Cmake\external\fpga-tools\runtime\yosys\bin\..\share\mul2dsp.v' to AST representation.
Generating RTLIL representation for module `\_80_mul'.
Generating RTLIL representation for module `\_90_soft_mul'.
Successfully finished Verilog frontend.

9.22.2. Continuing TECHMAP pass.
No more expansions possible.
<suppressed ~4 debug messages>

9.23. Executing TECHMAP pass (map to technology primitives).

9.23.1. Executing Verilog-2005 frontend: E:\EDA_Race\Cangku\new\SigFlow_FPGA_Cmake\external\fpga-tools\runtime\yosys\bin\..\share\gowin/dsp_map.v
Parsing Verilog input from `E:\EDA_Race\Cangku\new\SigFlow_FPGA_Cmake\external\fpga-tools\runtime\yosys\bin\..\share\gowin/dsp_map.v' to AST representation.
Generating RTLIL representation for module `$__MUL9X9'.
Generating RTLIL representation for module `$__MUL18X18'.
Generating RTLIL representation for module `$__MUL36X36'.
Successfully finished Verilog frontend.

9.23.2. Continuing TECHMAP pass.
No more expansions possible.
<suppressed ~5 debug messages>

9.24. Executing ALUMACC pass (create $alu and $macc cells).
Extracting $alu and $macc cells in module sf_debug_top:
  creating $macc model for $flatten\u_link.$sub$E:\EDA_Race\Cangku\new\SigFlow_FPGA\rtl\debug/sf_debug_link.sv:494$590 ($sub).
  creating $macc model for $flatten\u_link.$sub$E:\EDA_Race\Cangku\new\SigFlow_FPGA\rtl\debug/sf_debug_link.sv:341$490 ($sub).
  creating $macc model for $flatten\u_link.$sub$E:\EDA_Race\Cangku\new\SigFlow_FPGA\rtl\debug/sf_debug_link.sv:281$438 ($sub).
  creating $macc model for $flatten\u_link.$sub$E:\EDA_Race\Cangku\new\SigFlow_FPGA\rtl\debug/sf_debug_link.sv:269$434 ($sub).
  creating $macc model for $flatten\u_ila.$add$E:\EDA_Race\Cangku\new\SigFlow_FPGA\rtl\debug/sf_micro_ila.sv:179$695 ($add).
  creating $macc model for $flatten\u_ila.$add$E:\EDA_Race\Cangku\new\SigFlow_FPGA\rtl\debug/sf_micro_ila.sv:164$692 ($add).
  creating $macc model for $flatten\u_ila.$add$E:\EDA_Race\Cangku\new\SigFlow_FPGA\rtl\debug/sf_micro_ila.sv:129$675 ($add).
  creating $macc model for $flatten\u_ila.$sub$E:\EDA_Race\Cangku\new\SigFlow_FPGA\rtl\debug/sf_micro_ila.sv:107$654 ($sub).
  creating $macc model for $flatten\u_ila.$sub$E:\EDA_Race\Cangku\new\SigFlow_FPGA\rtl\debug/sf_micro_ila.sv:161$690 ($sub).
  creating $macc model for $flatten\u_dut.$add$E:/EDA_Race/Cangku/new/SigFlow_FPGA/examples/tracebridge_tangnano9k/rtl/min_led_uart_top.v:20$345 ($add).
  creating $macc model for $flatten\u_dut.$add$E:/EDA_Race/Cangku/new/SigFlow_FPGA/examples/tracebridge_tangnano9k/rtl/min_led_uart_top.v:33$349 ($add).
  creating $macc model for $flatten\u_dut.$add$E:/EDA_Race/Cangku/new/SigFlow_FPGA/examples/tracebridge_tangnano9k/rtl/min_led_uart_top.v:43$351 ($add).
  creating $macc model for $flatten\u_dut.$add$E:/EDA_Race/Cangku/new/SigFlow_FPGA/examples/tracebridge_tangnano9k/rtl/min_led_uart_top.v:46$353 ($add).
  creating $macc model for $flatten\u_link.$add$E:\EDA_Race\Cangku\new\SigFlow_FPGA\rtl\debug/sf_debug_link.sv:507$616 ($add).
  creating $macc model for $flatten\u_link.$add$E:\EDA_Race\Cangku\new\SigFlow_FPGA\rtl\debug/sf_debug_link.sv:494$591 ($add).
  creating $macc model for $flatten\u_link.$add$E:\EDA_Race\Cangku\new\SigFlow_FPGA\rtl\debug/sf_debug_link.sv:491$589 ($add).
  creating $macc model for $flatten\u_link.$add$E:\EDA_Race\Cangku\new\SigFlow_FPGA\rtl\debug/sf_debug_link.sv:481$566 ($add).
  creating $macc model for $flatten\u_link.$add$E:\EDA_Race\Cangku\new\SigFlow_FPGA\rtl\debug/sf_debug_link.sv:450$563 ($add).
  creating $macc model for $flatten\u_link.$add$E:\EDA_Race\Cangku\new\SigFlow_FPGA\rtl\debug/sf_debug_link.sv:448$562 ($add).
  creating $macc model for $flatten\u_link.$add$E:\EDA_Race\Cangku\new\SigFlow_FPGA\rtl\debug/sf_debug_link.sv:347$495 ($add).
  creating $macc model for $flatten\u_link.$add$E:\EDA_Race\Cangku\new\SigFlow_FPGA\rtl\debug/sf_debug_link.sv:336$489 ($add).
  creating $macc model for $flatten\u_link.$add$E:\EDA_Race\Cangku\new\SigFlow_FPGA\rtl\debug/sf_debug_link.sv:332$488 ($add).
  creating $macc model for $flatten\u_link.$add$E:\EDA_Race\Cangku\new\SigFlow_FPGA\rtl\debug/sf_debug_link.sv:138$597 ($add).
  creating $macc model for $flatten\u_link.\u_uart.$add$E:\EDA_Race\Cangku\new\SigFlow_FPGA\rtl\debug/sf_uart_link.sv:112$375 ($add).
  creating $macc model for $flatten\u_link.\u_uart.$add$E:\EDA_Race\Cangku\new\SigFlow_FPGA\rtl\debug/sf_uart_link.sv:52$360 ($add).
  creating $macc model for $flatten\u_link.\u_uart.$sub$E:\EDA_Race\Cangku\new\SigFlow_FPGA\rtl\debug/sf_uart_link.sv:55$361 ($sub).
  creating $macc model for $flatten\u_link.\u_uart.$sub$E:\EDA_Race\Cangku\new\SigFlow_FPGA\rtl\debug/sf_uart_link.sv:98$371 ($sub).
  merging $macc model for $flatten\u_link.$sub$E:\EDA_Race\Cangku\new\SigFlow_FPGA\rtl\debug/sf_debug_link.sv:494$590 into $flatten\u_link.$add$E:\EDA_Race\Cangku\new\SigFlow_FPGA\rtl\debug/sf_debug_link.sv:494$591.
  creating $alu model for $macc $flatten\u_link.\u_uart.$sub$E:\EDA_Race\Cangku\new\SigFlow_FPGA\rtl\debug/sf_uart_link.sv:55$361.
  creating $alu model for $macc $flatten\u_link.\u_uart.$add$E:\EDA_Race\Cangku\new\SigFlow_FPGA\rtl\debug/sf_uart_link.sv:52$360.
  creating $alu model for $macc $flatten\u_link.\u_uart.$add$E:\EDA_Race\Cangku\new\SigFlow_FPGA\rtl\debug/sf_uart_link.sv:112$375.
  creating $alu model for $macc $flatten\u_link.$add$E:\EDA_Race\Cangku\new\SigFlow_FPGA\rtl\debug/sf_debug_link.sv:138$597.
  creating $alu model for $macc $flatten\u_link.$add$E:\EDA_Race\Cangku\new\SigFlow_FPGA\rtl\debug/sf_debug_link.sv:332$488.
  creating $alu model for $macc $flatten\u_link.$add$E:\EDA_Race\Cangku\new\SigFlow_FPGA\rtl\debug/sf_debug_link.sv:336$489.
  creating $alu model for $macc $flatten\u_link.$add$E:\EDA_Race\Cangku\new\SigFlow_FPGA\rtl\debug/sf_debug_link.sv:347$495.
  creating $alu model for $macc $flatten\u_link.$add$E:\EDA_Race\Cangku\new\SigFlow_FPGA\rtl\debug/sf_debug_link.sv:448$562.
  creating $alu model for $macc $flatten\u_link.$add$E:\EDA_Race\Cangku\new\SigFlow_FPGA\rtl\debug/sf_debug_link.sv:450$563.
  creating $alu model for $macc $flatten\u_link.$add$E:\EDA_Race\Cangku\new\SigFlow_FPGA\rtl\debug/sf_debug_link.sv:481$566.
  creating $alu model for $macc $flatten\u_link.$add$E:\EDA_Race\Cangku\new\SigFlow_FPGA\rtl\debug/sf_debug_link.sv:491$589.
  creating $alu model for $macc $flatten\u_link.$add$E:\EDA_Race\Cangku\new\SigFlow_FPGA\rtl\debug/sf_debug_link.sv:507$616.
  creating $alu model for $macc $flatten\u_dut.$add$E:/EDA_Race/Cangku/new/SigFlow_FPGA/examples/tracebridge_tangnano9k/rtl/min_led_uart_top.v:46$353.
  creating $alu model for $macc $flatten\u_dut.$add$E:/EDA_Race/Cangku/new/SigFlow_FPGA/examples/tracebridge_tangnano9k/rtl/min_led_uart_top.v:43$351.
  creating $alu model for $macc $flatten\u_dut.$add$E:/EDA_Race/Cangku/new/SigFlow_FPGA/examples/tracebridge_tangnano9k/rtl/min_led_uart_top.v:33$349.
  creating $alu model for $macc $flatten\u_dut.$add$E:/EDA_Race/Cangku/new/SigFlow_FPGA/examples/tracebridge_tangnano9k/rtl/min_led_uart_top.v:20$345.
  creating $alu model for $macc $flatten\u_ila.$sub$E:\EDA_Race\Cangku\new\SigFlow_FPGA\rtl\debug/sf_micro_ila.sv:161$690.
  creating $alu model for $macc $flatten\u_ila.$sub$E:\EDA_Race\Cangku\new\SigFlow_FPGA\rtl\debug/sf_micro_ila.sv:107$654.
  creating $alu model for $macc $flatten\u_ila.$add$E:\EDA_Race\Cangku\new\SigFlow_FPGA\rtl\debug/sf_micro_ila.sv:129$675.
  creating $alu model for $macc $flatten\u_ila.$add$E:\EDA_Race\Cangku\new\SigFlow_FPGA\rtl\debug/sf_micro_ila.sv:164$692.
  creating $alu model for $macc $flatten\u_ila.$add$E:\EDA_Race\Cangku\new\SigFlow_FPGA\rtl\debug/sf_micro_ila.sv:179$695.
  creating $alu model for $macc $flatten\u_link.$sub$E:\EDA_Race\Cangku\new\SigFlow_FPGA\rtl\debug/sf_debug_link.sv:269$434.
  creating $alu model for $macc $flatten\u_link.$sub$E:\EDA_Race\Cangku\new\SigFlow_FPGA\rtl\debug/sf_debug_link.sv:281$438.
  creating $alu model for $macc $flatten\u_link.$sub$E:\EDA_Race\Cangku\new\SigFlow_FPGA\rtl\debug/sf_debug_link.sv:341$490.
  creating $alu model for $macc $flatten\u_link.\u_uart.$sub$E:\EDA_Race\Cangku\new\SigFlow_FPGA\rtl\debug/sf_uart_link.sv:98$371.
  creating $macc cell for $flatten\u_link.$add$E:\EDA_Race\Cangku\new\SigFlow_FPGA\rtl\debug/sf_debug_link.sv:494$591: $auto$alumacc.cc:382:replace_macc$4959
  creating $alu model for $flatten\u_ila.$ge$E:\EDA_Race\Cangku\new\SigFlow_FPGA\rtl\debug/sf_micro_ila.sv:161$691 ($ge): new $alu
  creating $alu model for $flatten\u_ila.$le$E:\EDA_Race\Cangku\new\SigFlow_FPGA\rtl\debug/sf_micro_ila.sv:159$689 ($le): merged with $flatten\u_ila.$sub$E:\EDA_Race\Cangku\new\SigFlow_FPGA\rtl\debug/sf_micro_ila.sv:161$690.
  creating $alu model for $flatten\u_ila.$le$E:\EDA_Race\Cangku\new\SigFlow_FPGA\rtl\debug/sf_micro_ila.sv:86$629 ($le): new $alu
  creating $alu model for $flatten\u_ila.$lt$E:\EDA_Race\Cangku\new\SigFlow_FPGA\rtl\debug/sf_micro_ila.sv:107$655 ($lt): new $alu
  creating $alu model for $flatten\u_link.$lt$E:\EDA_Race\Cangku\new\SigFlow_FPGA\rtl\debug/sf_debug_link.sv:505$614 ($lt): new $alu
  creating $alu model for $flatten\u_link.$lt$E:\EDA_Race\Cangku\new\SigFlow_FPGA\rtl\debug/sf_debug_link.sv:501$592 ($lt): new $alu
  creating $alu model for $flatten\u_link.$lt$E:\EDA_Race\Cangku\new\SigFlow_FPGA\rtl\debug/sf_debug_link.sv:490$586 ($lt): new $alu
  creating $alu model for $flatten\u_link.$lt$E:\EDA_Race\Cangku\new\SigFlow_FPGA\rtl\debug/sf_debug_link.sv:446$502 ($lt): new $alu
  creating $alu model for $flatten\u_link.$ge$E:\EDA_Race\Cangku\new\SigFlow_FPGA\rtl\debug/sf_debug_link.sv:384$501 ($ge): new $alu
  creating $alu model for $flatten\u_link.$ge$E:\EDA_Race\Cangku\new\SigFlow_FPGA\rtl\debug/sf_debug_link.sv:346$493 ($ge): new $alu
  creating $alu model for $flatten\u_dut.$ge$E:/EDA_Race/Cangku/new/SigFlow_FPGA/examples/tracebridge_tangnano9k/rtl/min_led_uart_top.v:34$350 ($ge): new $alu
  creating $alu model for $flatten\u_dut.$ge$E:/EDA_Race/Cangku/new/SigFlow_FPGA/examples/tracebridge_tangnano9k/rtl/min_led_uart_top.v:44$352 ($ge): new $alu
  creating $alu model for $flatten\u_link.\u_uart.$le$E:\EDA_Race\Cangku\new\SigFlow_FPGA\rtl\debug/sf_uart_link.sv:106$373 ($le): new $alu
  creating $alu model for $flatten\u_ila.$eq$E:\EDA_Race\Cangku\new\SigFlow_FPGA\rtl\debug/sf_micro_ila.sv:92$636 ($eq): merged with $flatten\u_ila.$lt$E:\EDA_Race\Cangku\new\SigFlow_FPGA\rtl\debug/sf_micro_ila.sv:107$655.
  creating $alu model for $flatten\u_link.$eq$E:\EDA_Race\Cangku\new\SigFlow_FPGA\rtl\debug/sf_debug_link.sv:342$491 ($eq): merged with $flatten\u_link.$sub$E:\EDA_Race\Cangku\new\SigFlow_FPGA\rtl\debug/sf_debug_link.sv:341$490.
  creating $alu model for $flatten\u_link.$eq$E:\EDA_Race\Cangku\new\SigFlow_FPGA\rtl\debug/sf_debug_link.sv:282$439 ($eq): merged with $flatten\u_link.$sub$E:\EDA_Race\Cangku\new\SigFlow_FPGA\rtl\debug/sf_debug_link.sv:281$438.
  creating $alu model for $flatten\u_link.$eq$E:\EDA_Race\Cangku\new\SigFlow_FPGA\rtl\debug/sf_debug_link.sv:270$435 ($eq): merged with $flatten\u_link.$sub$E:\EDA_Race\Cangku\new\SigFlow_FPGA\rtl\debug/sf_debug_link.sv:269$434.
  creating $alu model for $flatten\u_link.$eq$E:\EDA_Race\Cangku\new\SigFlow_FPGA\rtl\debug/sf_debug_link.sv:136$510 ($eq): merged with $flatten\u_link.$lt$E:\EDA_Race\Cangku\new\SigFlow_FPGA\rtl\debug/sf_debug_link.sv:446$502.
  creating $alu model for $flatten\u_link.\u_uart.$eq$E:\EDA_Race\Cangku\new\SigFlow_FPGA\rtl\debug/sf_uart_link.sv:109$374 ($eq): merged with $flatten\u_link.\u_uart.$le$E:\EDA_Race\Cangku\new\SigFlow_FPGA\rtl\debug/sf_uart_link.sv:106$373.
  creating $alu cell for $flatten\u_link.\u_uart.$le$E:\EDA_Race\Cangku\new\SigFlow_FPGA\rtl\debug/sf_uart_link.sv:106$373, $flatten\u_link.\u_uart.$eq$E:\EDA_Race\Cangku\new\SigFlow_FPGA\rtl\debug/sf_uart_link.sv:109$374: $auto$alumacc.cc:512:replace_alu$4972
  creating $alu cell for $flatten\u_dut.$ge$E:/EDA_Race/Cangku/new/SigFlow_FPGA/examples/tracebridge_tangnano9k/rtl/min_led_uart_top.v:44$352: $auto$alumacc.cc:512:replace_alu$4981
  creating $alu cell for $flatten\u_dut.$ge$E:/EDA_Race/Cangku/new/SigFlow_FPGA/examples/tracebridge_tangnano9k/rtl/min_led_uart_top.v:34$350: $auto$alumacc.cc:512:replace_alu$4994
  creating $alu cell for $flatten\u_link.$ge$E:\EDA_Race\Cangku\new\SigFlow_FPGA\rtl\debug/sf_debug_link.sv:346$493: $auto$alumacc.cc:512:replace_alu$5007
  creating $alu cell for $flatten\u_link.$ge$E:\EDA_Race\Cangku\new\SigFlow_FPGA\rtl\debug/sf_debug_link.sv:384$501: $auto$alumacc.cc:512:replace_alu$5020
  creating $alu cell for $flatten\u_link.$lt$E:\EDA_Race\Cangku\new\SigFlow_FPGA\rtl\debug/sf_debug_link.sv:446$502, $flatten\u_link.$eq$E:\EDA_Race\Cangku\new\SigFlow_FPGA\rtl\debug/sf_debug_link.sv:136$510: $auto$alumacc.cc:512:replace_alu$5033
  creating $alu cell for $flatten\u_link.$lt$E:\EDA_Race\Cangku\new\SigFlow_FPGA\rtl\debug/sf_debug_link.sv:490$586: $auto$alumacc.cc:512:replace_alu$5040
  creating $alu cell for $flatten\u_link.$lt$E:\EDA_Race\Cangku\new\SigFlow_FPGA\rtl\debug/sf_debug_link.sv:501$592: $auto$alumacc.cc:512:replace_alu$5045
  creating $alu cell for $flatten\u_link.$lt$E:\EDA_Race\Cangku\new\SigFlow_FPGA\rtl\debug/sf_debug_link.sv:505$614: $auto$alumacc.cc:512:replace_alu$5050
  creating $alu cell for $flatten\u_ila.$lt$E:\EDA_Race\Cangku\new\SigFlow_FPGA\rtl\debug/sf_micro_ila.sv:107$655, $flatten\u_ila.$eq$E:\EDA_Race\Cangku\new\SigFlow_FPGA\rtl\debug/sf_micro_ila.sv:92$636: $auto$alumacc.cc:512:replace_alu$5055
  creating $alu cell for $flatten\u_ila.$le$E:\EDA_Race\Cangku\new\SigFlow_FPGA\rtl\debug/sf_micro_ila.sv:86$629: $auto$alumacc.cc:512:replace_alu$5062
  creating $alu cell for $flatten\u_ila.$ge$E:\EDA_Race\Cangku\new\SigFlow_FPGA\rtl\debug/sf_micro_ila.sv:161$691: $auto$alumacc.cc:512:replace_alu$5071
  creating $alu cell for $flatten\u_link.\u_uart.$sub$E:\EDA_Race\Cangku\new\SigFlow_FPGA\rtl\debug/sf_uart_link.sv:98$371: $auto$alumacc.cc:512:replace_alu$5084
  creating $alu cell for $flatten\u_link.$sub$E:\EDA_Race\Cangku\new\SigFlow_FPGA\rtl\debug/sf_debug_link.sv:341$490, $flatten\u_link.$eq$E:\EDA_Race\Cangku\new\SigFlow_FPGA\rtl\debug/sf_debug_link.sv:342$491: $auto$alumacc.cc:512:replace_alu$5087
  creating $alu cell for $flatten\u_link.$sub$E:\EDA_Race\Cangku\new\SigFlow_FPGA\rtl\debug/sf_debug_link.sv:281$438, $flatten\u_link.$eq$E:\EDA_Race\Cangku\new\SigFlow_FPGA\rtl\debug/sf_debug_link.sv:282$439: $auto$alumacc.cc:512:replace_alu$5092
  creating $alu cell for $flatten\u_link.$sub$E:\EDA_Race\Cangku\new\SigFlow_FPGA\rtl\debug/sf_debug_link.sv:269$434, $flatten\u_link.$eq$E:\EDA_Race\Cangku\new\SigFlow_FPGA\rtl\debug/sf_debug_link.sv:270$435: $auto$alumacc.cc:512:replace_alu$5097
  creating $alu cell for $flatten\u_ila.$add$E:\EDA_Race\Cangku\new\SigFlow_FPGA\rtl\debug/sf_micro_ila.sv:179$695: $auto$alumacc.cc:512:replace_alu$5102
  creating $alu cell for $flatten\u_ila.$add$E:\EDA_Race\Cangku\new\SigFlow_FPGA\rtl\debug/sf_micro_ila.sv:164$692: $auto$alumacc.cc:512:replace_alu$5105
  creating $alu cell for $flatten\u_ila.$add$E:\EDA_Race\Cangku\new\SigFlow_FPGA\rtl\debug/sf_micro_ila.sv:129$675: $auto$alumacc.cc:512:replace_alu$5108
  creating $alu cell for $flatten\u_ila.$sub$E:\EDA_Race\Cangku\new\SigFlow_FPGA\rtl\debug/sf_micro_ila.sv:107$654: $auto$alumacc.cc:512:replace_alu$5111
  creating $alu cell for $flatten\u_ila.$sub$E:\EDA_Race\Cangku\new\SigFlow_FPGA\rtl\debug/sf_micro_ila.sv:161$690, $flatten\u_ila.$le$E:\EDA_Race\Cangku\new\SigFlow_FPGA\rtl\debug/sf_micro_ila.sv:159$689: $auto$alumacc.cc:512:replace_alu$5114
  creating $alu cell for $flatten\u_dut.$add$E:/EDA_Race/Cangku/new/SigFlow_FPGA/examples/tracebridge_tangnano9k/rtl/min_led_uart_top.v:20$345: $auto$alumacc.cc:512:replace_alu$5123
  creating $alu cell for $flatten\u_dut.$add$E:/EDA_Race/Cangku/new/SigFlow_FPGA/examples/tracebridge_tangnano9k/rtl/min_led_uart_top.v:33$349: $auto$alumacc.cc:512:replace_alu$5126
  creating $alu cell for $flatten\u_dut.$add$E:/EDA_Race/Cangku/new/SigFlow_FPGA/examples/tracebridge_tangnano9k/rtl/min_led_uart_top.v:43$351: $auto$alumacc.cc:512:replace_alu$5129
  creating $alu cell for $flatten\u_dut.$add$E:/EDA_Race/Cangku/new/SigFlow_FPGA/examples/tracebridge_tangnano9k/rtl/min_led_uart_top.v:46$353: $auto$alumacc.cc:512:replace_alu$5132
  creating $alu cell for $flatten\u_link.$add$E:\EDA_Race\Cangku\new\SigFlow_FPGA\rtl\debug/sf_debug_link.sv:507$616: $auto$alumacc.cc:512:replace_alu$5135
  creating $alu cell for $flatten\u_link.$add$E:\EDA_Race\Cangku\new\SigFlow_FPGA\rtl\debug/sf_debug_link.sv:491$589: $auto$alumacc.cc:512:replace_alu$5138
  creating $alu cell for $flatten\u_link.$add$E:\EDA_Race\Cangku\new\SigFlow_FPGA\rtl\debug/sf_debug_link.sv:481$566: $auto$alumacc.cc:512:replace_alu$5141
  creating $alu cell for $flatten\u_link.$add$E:\EDA_Race\Cangku\new\SigFlow_FPGA\rtl\debug/sf_debug_link.sv:450$563: $auto$alumacc.cc:512:replace_alu$5144
  creating $alu cell for $flatten\u_link.$add$E:\EDA_Race\Cangku\new\SigFlow_FPGA\rtl\debug/sf_debug_link.sv:448$562: $auto$alumacc.cc:512:replace_alu$5147
  creating $alu cell for $flatten\u_link.$add$E:\EDA_Race\Cangku\new\SigFlow_FPGA\rtl\debug/sf_debug_link.sv:347$495: $auto$alumacc.cc:512:replace_alu$5150
  creating $alu cell for $flatten\u_link.$add$E:\EDA_Race\Cangku\new\SigFlow_FPGA\rtl\debug/sf_debug_link.sv:336$489: $auto$alumacc.cc:512:replace_alu$5153
  creating $alu cell for $flatten\u_link.$add$E:\EDA_Race\Cangku\new\SigFlow_FPGA\rtl\debug/sf_debug_link.sv:332$488: $auto$alumacc.cc:512:replace_alu$5156
  creating $alu cell for $flatten\u_link.$add$E:\EDA_Race\Cangku\new\SigFlow_FPGA\rtl\debug/sf_debug_link.sv:138$597: $auto$alumacc.cc:512:replace_alu$5159
  creating $alu cell for $flatten\u_link.\u_uart.$add$E:\EDA_Race\Cangku\new\SigFlow_FPGA\rtl\debug/sf_uart_link.sv:112$375: $auto$alumacc.cc:512:replace_alu$5162
  creating $alu cell for $flatten\u_link.\u_uart.$add$E:\EDA_Race\Cangku\new\SigFlow_FPGA\rtl\debug/sf_uart_link.sv:52$360: $auto$alumacc.cc:512:replace_alu$5165
  creating $alu cell for $flatten\u_link.\u_uart.$sub$E:\EDA_Race\Cangku\new\SigFlow_FPGA\rtl\debug/sf_uart_link.sv:55$361: $auto$alumacc.cc:512:replace_alu$5168
  created 37 $alu and 1 $macc cells.

9.25. Executing OPT pass (performing simple optimizations).

9.25.1. Executing OPT_EXPR pass (perform const folding).
Optimizing module sf_debug_top.
<suppressed ~13 debug messages>

9.25.2. Executing OPT_MERGE pass (detect identical cells).
Finding identical cells in module `\sf_debug_top'.
Computing hashes of 719 cells of `\sf_debug_top'.
Finding duplicate cells in `\sf_debug_top'.
Removed a total of 0 cells.

9.25.3. Executing OPT_MUXTREE pass (detect dead branches in mux trees).
Running muxtree optimizer on module \sf_debug_top..
  Creating internal representation of mux trees.
  Evaluating internal representation of mux trees.
  Analyzing evaluation results.
Removed 0 multiplexer ports.
<suppressed ~308 debug messages>

9.25.4. Executing OPT_REDUCE pass (consolidate $*mux and $reduce_* inputs).
  Optimizing cells in module \sf_debug_top.
    New input vector for $reduce_or cell $auto$opt_dff.cc:362:combine_resets$4477: { $flatten\u_link.\u_uart.$eq$E:\EDA_Race\Cangku\new\SigFlow_FPGA\rtl\debug/sf_uart_link.sv:99$372_Y $flatten\u_link.\u_uart.$ne$E:\EDA_Race\Cangku\new\SigFlow_FPGA\rtl\debug/sf_uart_link.sv:97$370_Y $auto$rtlil.cc:3267:Not$4475 $auto$rtlil.cc:3267:Not$4976 $auto$rtlil.cc:3270:ReduceAnd$4978 }
  Optimizing cells in module \sf_debug_top.
Performed a total of 1 changes.

9.25.5. Executing OPT_MERGE pass (detect identical cells).
Finding identical cells in module `\sf_debug_top'.
Computing hashes of 719 cells of `\sf_debug_top'.
Finding duplicate cells in `\sf_debug_top'.
Removed a total of 0 cells.

9.25.6. Executing OPT_DFF pass (perform DFF optimizations).

9.25.7. Executing OPT_CLEAN pass (remove unused cells and wires).
Finding unused cells or wires in module \sf_debug_top..
Removed 1 unused cells and 21 unused wires.
<suppressed ~2 debug messages>

9.25.8. Executing OPT_EXPR pass (perform const folding).
Optimizing module sf_debug_top.

9.25.9. Rerunning OPT passes. (Maybe there is more to do..)

9.25.10. Executing OPT_MUXTREE pass (detect dead branches in mux trees).
Running muxtree optimizer on module \sf_debug_top..
  Creating internal representation of mux trees.
  Evaluating internal representation of mux trees.
  Analyzing evaluation results.
Removed 0 multiplexer ports.
<suppressed ~308 debug messages>

9.25.11. Executing OPT_REDUCE pass (consolidate $*mux and $reduce_* inputs).
  Optimizing cells in module \sf_debug_top.
Performed a total of 0 changes.

9.25.12. Executing OPT_MERGE pass (detect identical cells).
Finding identical cells in module `\sf_debug_top'.
Computing hashes of 718 cells of `\sf_debug_top'.
Finding duplicate cells in `\sf_debug_top'.
Removed a total of 0 cells.

9.25.13. Executing OPT_DFF pass (perform DFF optimizations).

9.25.14. Executing OPT_CLEAN pass (remove unused cells and wires).
Finding unused cells or wires in module \sf_debug_top..

9.25.15. Executing OPT_EXPR pass (perform const folding).
Optimizing module sf_debug_top.

9.25.16. Finished fast OPT passes. (There is nothing left to do.)

9.26. Executing MEMORY pass.

9.26.1. Executing OPT_MEM pass (optimize memories).
Performed a total of 0 transformations.

9.26.2. Executing OPT_MEM_PRIORITY pass (removing unnecessary memory write priority relations).
Performed a total of 0 transformations.

9.26.3. Executing OPT_MEM_FEEDBACK pass (finding memory read-to-write feedback paths).
  Analyzing sf_debug_top.u_ila.mem write port 0.

9.26.4. Executing MEMORY_BMUX2ROM pass (converting muxes to ROMs).

9.26.5. Executing MEMORY_DFF pass (merging $dff cells to $memrd).
Checking read port `\u_ila.mem'[0] in module `\sf_debug_top': merging output FF to cell.
    Write port 0: non-transparent.

9.26.6. Executing OPT_CLEAN pass (remove unused cells and wires).
Finding unused cells or wires in module \sf_debug_top..
Removed 1 unused cells and 33 unused wires.
<suppressed ~2 debug messages>

9.26.7. Executing MEMORY_SHARE pass (consolidating $memrd/$memwr cells).

9.26.8. Executing OPT_MEM_WIDEN pass (optimize memories where all ports are wide).
Performed a total of 0 transformations.

9.26.9. Executing OPT_CLEAN pass (remove unused cells and wires).
Finding unused cells or wires in module \sf_debug_top..

9.26.10. Executing MEMORY_COLLECT pass (generating $mem cells).

9.27. Executing OPT_CLEAN pass (remove unused cells and wires).
Finding unused cells or wires in module \sf_debug_top..

9.28. Executing MEMORY_LIBMAP pass (mapping memories to cells).
found attribute 'ram_style = block' on memory sf_debug_top.u_ila.mem, forced mapping to block RAM
mapping memory sf_debug_top.u_ila.mem via $__GOWIN_DP_
<suppressed ~245 debug messages>

9.29. Executing TECHMAP pass (map to technology primitives).

9.29.1. Executing Verilog-2005 frontend: E:\EDA_Race\Cangku\new\SigFlow_FPGA_Cmake\external\fpga-tools\runtime\yosys\bin\..\share\gowin/lutrams_map.v
Parsing Verilog input from `E:\EDA_Race\Cangku\new\SigFlow_FPGA_Cmake\external\fpga-tools\runtime\yosys\bin\..\share\gowin/lutrams_map.v' to AST representation.
Generating RTLIL representation for module `$__GOWIN_LUTRAM_'.
Successfully finished Verilog frontend.

9.29.2. Executing Verilog-2005 frontend: E:\EDA_Race\Cangku\new\SigFlow_FPGA_Cmake\external\fpga-tools\runtime\yosys\bin\..\share\gowin/brams_map.v
Parsing Verilog input from `E:\EDA_Race\Cangku\new\SigFlow_FPGA_Cmake\external\fpga-tools\runtime\yosys\bin\..\share\gowin/brams_map.v' to AST representation.
Generating RTLIL representation for module `$__GOWIN_SP_'.
Generating RTLIL representation for module `$__GOWIN_DP_'.
Generating RTLIL representation for module `$__GOWIN_SDP_'.
Successfully finished Verilog frontend.

9.29.3. Continuing TECHMAP pass.
Using template $paramod$2ed850b4184474c089263f7ba6c005514f99d093$__GOWIN_DP_ for cells of type $__GOWIN_DP_.
No more expansions possible.
<suppressed ~33 debug messages>

9.30. Executing OPT pass (performing simple optimizations).

9.30.1. Executing OPT_EXPR pass (perform const folding).
Optimizing module sf_debug_top.
<suppressed ~296 debug messages>

9.30.2. Executing OPT_MERGE pass (detect identical cells).
Finding identical cells in module `\sf_debug_top'.
Computing hashes of 631 cells of `\sf_debug_top'.
Finding duplicate cells in `\sf_debug_top'.
Computing hashes of 629 cells of `\sf_debug_top'.
Finding duplicate cells in `\sf_debug_top'.
<suppressed ~6 debug messages>
Removed a total of 2 cells.

9.30.3. Executing OPT_DFF pass (perform DFF optimizations).
Removing always-active EN on $auto$mem.cc:1169:emulate_transparency$5211 ($dffe) from module sf_debug_top.
Adding SRST signal on $auto$ff.cc:337:slice$4447 ($dffe) from module sf_debug_top (D = $flatten\u_link.\u_uart.$sub$E:\EDA_Race\Cangku\new\SigFlow_FPGA\rtl\debug/sf_uart_link.sv:55$361_Y, Q = \u_link.u_uart.tx_cnt, rval = 28).
Adding SRST signal on $auto$ff.cc:337:slice$4450 ($dffe) from module sf_debug_top (D = $flatten\u_link.\u_uart.$procmux$3450_Y, Q = \u_link.u_uart.tx_bits, rval = 4'0000).
Adding SRST signal on $auto$ff.cc:337:slice$4478 ($dffe) from module sf_debug_top (D = $flatten\u_link.\u_uart.$procmux$3373_Y, Q = \u_link.u_uart.rx_shift, rval = 8'00000000).
Adding SRST signal on $auto$ff.cc:337:slice$4489 ($dffe) from module sf_debug_top (D = $flatten\u_link.\u_uart.$procmux$3393_Y, Q = \u_link.u_uart.rx_bits, rval = 4'0000).
Adding SRST signal on $auto$ff.cc:337:slice$4500 ($dffe) from module sf_debug_top (D = { $flatten\u_link.\u_uart.$procmux$3410_Y [4] $flatten\u_link.\u_uart.$procmux$3410_Y [1] }, Q = { \u_link.u_uart.rx_cnt [4] \u_link.u_uart.rx_cnt [1] }, rval = 2'01).
Adding SRST signal on $auto$ff.cc:337:slice$4500 ($dffe) from module sf_debug_top (D = { $flatten\u_link.\u_uart.$sub$E:\EDA_Race\Cangku\new\SigFlow_FPGA\rtl\debug/sf_uart_link.sv:98$371_Y [31:5] $flatten\u_link.\u_uart.$sub$E:\EDA_Race\Cangku\new\SigFlow_FPGA\rtl\debug/sf_uart_link.sv:98$371_Y [3:2] $flatten\u_link.\u_uart.$sub$E:\EDA_Race\Cangku\new\SigFlow_FPGA\rtl\debug/sf_uart_link.sv:98$371_Y [0] }, Q = { \u_link.u_uart.rx_cnt [31:5] \u_link.u_uart.rx_cnt [3:2] \u_link.u_uart.rx_cnt [0] }, rval = 30'000000000000000000000000000110).
Adding SRST signal on $auto$ff.cc:337:slice$4544 ($dffe) from module sf_debug_top (D = $flatten\u_link.$procmux$3244_Y, Q = \u_link.rx_after_apply, rval = 5'00101).
Adding SRST signal on $auto$ff.cc:337:slice$4596 ($dffe) from module sf_debug_top (D = $flatten\u_link.$procmux$3170_Y, Q = \u_link.decoded_byte, rval = 8'00000000).
Adding SRST signal on $auto$ff.cc:337:slice$4609 ($dffe) from module sf_debug_top (D = $flatten\u_link.$procmux$3139_Y, Q = \u_link.tail0, rval = 8'00000000).
Adding SRST signal on $auto$ff.cc:337:slice$4618 ($dffe) from module sf_debug_top (D = $flatten\u_link.$procmux$3115_Y, Q = \u_link.tail1, rval = 8'00000000).
Adding SRST signal on $auto$ff.cc:337:slice$4627 ($dffe) from module sf_debug_top (D = $flatten\u_link.$add$E:\EDA_Race\Cangku\new\SigFlow_FPGA\rtl\debug/sf_debug_link.sv:336$489_Y, Q = \u_link.decoded_count, rval = 8'00000000).
Adding SRST signal on $auto$ff.cc:337:slice$4634 ($dffe) from module sf_debug_top (D = $flatten\u_link.$procmux$3074_Y, Q = \u_link.body_count, rval = 8'00000000).
Adding SRST signal on $auto$ff.cc:337:slice$4645 ($dffe) from module sf_debug_top (D = $flatten\u_link.$procmux$3050_Y, Q = \u_link.rx_crc, rval = 16'1111111111111111).
Adding SRST signal on $auto$ff.cc:337:slice$4656 ($dffe) from module sf_debug_top (D = $flatten\u_link.$procmux$3026_Y, Q = \u_link.version_ok, rval = 1'0).
Adding SRST signal on $auto$ff.cc:337:slice$4811 ($dffe) from module sf_debug_top (D = $flatten\u_link.$procmux$2658_Y, Q = \u_link.response_type, rval = 8'00001100).
Adding SRST signal on $auto$ff.cc:337:slice$4822 ($dffe) from module sf_debug_top (D = $flatten\u_link.$procmux$2629_Y, Q = \u_link.response_len, rval = 8'00001100).
Adding SRST signal on $auto$ff.cc:337:slice$4833 ($dffe) from module sf_debug_top (D = $flatten\u_link.$procmux$2600_Y, Q = \u_link.response_data_len, rval = 8'00001000).
Adding SRST signal on $auto$ff.cc:337:slice$4844 ($dffe) from module sf_debug_top (D = $flatten\u_link.$procmux$2569_Y, Q = \u_link.resp_crc, rval = 16'1111111111111111).
Adding SRST signal on $auto$ff.cc:337:slice$4851 ($dffe) from module sf_debug_top (D = $flatten\u_link.$procmux$2557_Y, Q = \u_link.resp_crc_idx, rval = 8'00000000).
Adding SRST signal on $auto$ff.cc:337:slice$4863 ($dffe) from module sf_debug_top (D = $flatten\u_link.$procmux$2506_Y, Q = \u_link.enc_src, rval = 8'00000000).

9.30.4. Executing OPT_CLEAN pass (remove unused cells and wires).
Finding unused cells or wires in module \sf_debug_top..
Removed 26 unused cells and 246 unused wires.
<suppressed ~27 debug messages>

9.30.5. Rerunning OPT passes. (Removed registers in this run.)

9.30.6. Executing OPT_EXPR pass (perform const folding).
Optimizing module sf_debug_top.
<suppressed ~16 debug messages>

9.30.7. Executing OPT_MERGE pass (detect identical cells).
Finding identical cells in module `\sf_debug_top'.
Computing hashes of 607 cells of `\sf_debug_top'.
Finding duplicate cells in `\sf_debug_top'.
Computing hashes of 606 cells of `\sf_debug_top'.
Finding duplicate cells in `\sf_debug_top'.
<suppressed ~3 debug messages>
Removed a total of 1 cells.

9.30.8. Executing OPT_DFF pass (perform DFF optimizations).
Adding SRST signal on $auto$ff.cc:337:slice$4457 ($dffe) from module sf_debug_top (D = \u_link.u_uart.tx_shift [1], Q = \u_link.u_uart.tx_shift [0], rval = 1'0).
Adding SRST signal on $auto$ff.cc:337:slice$5612 ($sdffce) from module sf_debug_top (D = $flatten\u_link.\u_uart.$add$E:\EDA_Race\Cangku\new\SigFlow_FPGA\rtl\debug/sf_uart_link.sv:112$375_Y [2:1], Q = \u_link.u_uart.rx_bits [2:1], rval = 2'00).
Adding SRST signal on $auto$ff.cc:337:slice$5612 ($sdffce) from module sf_debug_top (D = $flatten\u_link.\u_uart.$procmux$3382_Y [3], Q = \u_link.u_uart.rx_bits [3], rval = 1'0).
Setting constant 0-bit at position 4 on $auto$ff.cc:337:slice$4904 ($sdffe) from module sf_debug_top.
Setting constant 0-bit at position 5 on $auto$ff.cc:337:slice$4904 ($sdffe) from module sf_debug_top.
Setting constant 0-bit at position 6 on $auto$ff.cc:337:slice$4904 ($sdffe) from module sf_debug_top.
Setting constant 0-bit at position 7 on $auto$ff.cc:337:slice$4904 ($sdffe) from module sf_debug_top.
Setting constant 0-bit at position 8 on $auto$ff.cc:337:slice$4904 ($sdffe) from module sf_debug_top.
Setting constant 0-bit at position 9 on $auto$ff.cc:337:slice$4904 ($sdffe) from module sf_debug_top.
Setting constant 0-bit at position 10 on $auto$ff.cc:337:slice$4904 ($sdffe) from module sf_debug_top.
Setting constant 0-bit at position 11 on $auto$ff.cc:337:slice$4904 ($sdffe) from module sf_debug_top.
Setting constant 0-bit at position 12 on $auto$ff.cc:337:slice$4904 ($sdffe) from module sf_debug_top.
Setting constant 0-bit at position 13 on $auto$ff.cc:337:slice$4904 ($sdffe) from module sf_debug_top.
Setting constant 0-bit at position 14 on $auto$ff.cc:337:slice$4904 ($sdffe) from module sf_debug_top.
Setting constant 0-bit at position 15 on $auto$ff.cc:337:slice$4904 ($sdffe) from module sf_debug_top.
Setting constant 0-bit at position 16 on $auto$ff.cc:337:slice$4904 ($sdffe) from module sf_debug_top.
Setting constant 0-bit at position 17 on $auto$ff.cc:337:slice$4904 ($sdffe) from module sf_debug_top.
Setting constant 0-bit at position 18 on $auto$ff.cc:337:slice$4904 ($sdffe) from module sf_debug_top.
Setting constant 0-bit at position 19 on $auto$ff.cc:337:slice$4904 ($sdffe) from module sf_debug_top.
Setting constant 0-bit at position 20 on $auto$ff.cc:337:slice$4904 ($sdffe) from module sf_debug_top.
Setting constant 0-bit at position 21 on $auto$ff.cc:337:slice$4904 ($sdffe) from module sf_debug_top.
Setting constant 0-bit at position 22 on $auto$ff.cc:337:slice$4904 ($sdffe) from module sf_debug_top.
Setting constant 0-bit at position 23 on $auto$ff.cc:337:slice$4904 ($sdffe) from module sf_debug_top.
Setting constant 0-bit at position 24 on $auto$ff.cc:337:slice$4904 ($sdffe) from module sf_debug_top.
Setting constant 0-bit at position 25 on $auto$ff.cc:337:slice$4904 ($sdffe) from module sf_debug_top.
Setting constant 0-bit at position 26 on $auto$ff.cc:337:slice$4904 ($sdffe) from module sf_debug_top.
Setting constant 0-bit at position 27 on $auto$ff.cc:337:slice$4904 ($sdffe) from module sf_debug_top.
Setting constant 0-bit at position 28 on $auto$ff.cc:337:slice$4904 ($sdffe) from module sf_debug_top.
Setting constant 0-bit at position 29 on $auto$ff.cc:337:slice$4904 ($sdffe) from module sf_debug_top.
Setting constant 0-bit at position 30 on $auto$ff.cc:337:slice$4904 ($sdffe) from module sf_debug_top.
Setting constant 0-bit at position 31 on $auto$ff.cc:337:slice$4904 ($sdffe) from module sf_debug_top.
Setting constant 0-bit at position 3 on $auto$ff.cc:337:slice$5617 ($sdffce) from module sf_debug_top.
Setting constant 0-bit at position 4 on $auto$ff.cc:337:slice$5617 ($sdffce) from module sf_debug_top.
Setting constant 1-bit at position 4 on $auto$mem.cc:1646:emulate_read_first$5207 ($dff) from module sf_debug_top.
Setting constant 0-bit at position 5 on $auto$mem.cc:1646:emulate_read_first$5207 ($dff) from module sf_debug_top.
Setting constant 0-bit at position 6 on $auto$mem.cc:1646:emulate_read_first$5207 ($dff) from module sf_debug_top.
Setting constant 0-bit at position 7 on $auto$mem.cc:1646:emulate_read_first$5207 ($dff) from module sf_debug_top.
Setting constant 1-bit at position 8 on $auto$mem.cc:1646:emulate_read_first$5207 ($dff) from module sf_debug_top.
Setting constant 1-bit at position 9 on $auto$mem.cc:1646:emulate_read_first$5207 ($dff) from module sf_debug_top.
Setting constant 1-bit at position 10 on $auto$mem.cc:1646:emulate_read_first$5207 ($dff) from module sf_debug_top.
Setting constant 1-bit at position 11 on $auto$mem.cc:1646:emulate_read_first$5207 ($dff) from module sf_debug_top.
Setting constant 1-bit at position 12 on $auto$mem.cc:1646:emulate_read_first$5207 ($dff) from module sf_debug_top.
Setting constant 1-bit at position 13 on $auto$mem.cc:1646:emulate_read_first$5207 ($dff) from module sf_debug_top.
Setting constant 1-bit at position 14 on $auto$mem.cc:1646:emulate_read_first$5207 ($dff) from module sf_debug_top.
Setting constant 1-bit at position 15 on $auto$mem.cc:1646:emulate_read_first$5207 ($dff) from module sf_debug_top.
Setting constant 1-bit at position 16 on $auto$mem.cc:1646:emulate_read_first$5207 ($dff) from module sf_debug_top.
Setting constant 1-bit at position 17 on $auto$mem.cc:1646:emulate_read_first$5207 ($dff) from module sf_debug_top.
Setting constant 1-bit at position 18 on $auto$mem.cc:1646:emulate_read_first$5207 ($dff) from module sf_debug_top.
Setting constant 1-bit at position 19 on $auto$mem.cc:1646:emulate_read_first$5207 ($dff) from module sf_debug_top.
Setting constant 1-bit at position 20 on $auto$mem.cc:1646:emulate_read_first$5207 ($dff) from module sf_debug_top.
Setting constant 1-bit at position 21 on $auto$mem.cc:1646:emulate_read_first$5207 ($dff) from module sf_debug_top.
Setting constant 1-bit at position 22 on $auto$mem.cc:1646:emulate_read_first$5207 ($dff) from module sf_debug_top.
Setting constant 1-bit at position 23 on $auto$mem.cc:1646:emulate_read_first$5207 ($dff) from module sf_debug_top.
Setting constant 1-bit at position 24 on $auto$mem.cc:1646:emulate_read_first$5207 ($dff) from module sf_debug_top.
Setting constant 1-bit at position 25 on $auto$mem.cc:1646:emulate_read_first$5207 ($dff) from module sf_debug_top.
Setting constant 1-bit at position 26 on $auto$mem.cc:1646:emulate_read_first$5207 ($dff) from module sf_debug_top.
Setting constant 1-bit at position 27 on $auto$mem.cc:1646:emulate_read_first$5207 ($dff) from module sf_debug_top.
Setting constant 1-bit at position 28 on $auto$mem.cc:1646:emulate_read_first$5207 ($dff) from module sf_debug_top.
Setting constant 1-bit at position 29 on $auto$mem.cc:1646:emulate_read_first$5207 ($dff) from module sf_debug_top.
Setting constant 1-bit at position 30 on $auto$mem.cc:1646:emulate_read_first$5207 ($dff) from module sf_debug_top.
Setting constant 1-bit at position 31 on $auto$mem.cc:1646:emulate_read_first$5207 ($dff) from module sf_debug_top.

9.30.9. Executing OPT_CLEAN pass (remove unused cells and wires).
Finding unused cells or wires in module \sf_debug_top..
Removed 0 unused cells and 1 unused wires.
<suppressed ~1 debug messages>

9.30.10. Rerunning OPT passes. (Removed registers in this run.)

9.30.11. Executing OPT_EXPR pass (perform const folding).
Optimizing module sf_debug_top.
<suppressed ~7 debug messages>

9.30.12. Executing OPT_MERGE pass (detect identical cells).
Finding identical cells in module `\sf_debug_top'.
Computing hashes of 613 cells of `\sf_debug_top'.
Finding duplicate cells in `\sf_debug_top'.
Computing hashes of 611 cells of `\sf_debug_top'.
Finding duplicate cells in `\sf_debug_top'.
<suppressed ~6 debug messages>
Removed a total of 2 cells.

9.30.13. Executing OPT_DFF pass (perform DFF optimizations).
Setting constant 1-bit at position 4 on $auto$mem.cc:1169:emulate_transparency$5211 ($dff) from module sf_debug_top.
Setting constant 0-bit at position 5 on $auto$mem.cc:1169:emulate_transparency$5211 ($dff) from module sf_debug_top.
Setting constant 0-bit at position 6 on $auto$mem.cc:1169:emulate_transparency$5211 ($dff) from module sf_debug_top.
Setting constant 0-bit at position 7 on $auto$mem.cc:1169:emulate_transparency$5211 ($dff) from module sf_debug_top.
Setting constant 1-bit at position 8 on $auto$mem.cc:1169:emulate_transparency$5211 ($dff) from module sf_debug_top.
Setting constant 1-bit at position 9 on $auto$mem.cc:1169:emulate_transparency$5211 ($dff) from module sf_debug_top.
Setting constant 1-bit at position 10 on $auto$mem.cc:1169:emulate_transparency$5211 ($dff) from module sf_debug_top.
Setting constant 1-bit at position 11 on $auto$mem.cc:1169:emulate_transparency$5211 ($dff) from module sf_debug_top.
Setting constant 1-bit at position 12 on $auto$mem.cc:1169:emulate_transparency$5211 ($dff) from module sf_debug_top.
Setting constant 1-bit at position 13 on $auto$mem.cc:1169:emulate_transparency$5211 ($dff) from module sf_debug_top.
Setting constant 1-bit at position 14 on $auto$mem.cc:1169:emulate_transparency$5211 ($dff) from module sf_debug_top.
Setting constant 1-bit at position 15 on $auto$mem.cc:1169:emulate_transparency$5211 ($dff) from module sf_debug_top.
Setting constant 1-bit at position 16 on $auto$mem.cc:1169:emulate_transparency$5211 ($dff) from module sf_debug_top.
Setting constant 1-bit at position 17 on $auto$mem.cc:1169:emulate_transparency$5211 ($dff) from module sf_debug_top.
Setting constant 1-bit at position 18 on $auto$mem.cc:1169:emulate_transparency$5211 ($dff) from module sf_debug_top.
Setting constant 1-bit at position 19 on $auto$mem.cc:1169:emulate_transparency$5211 ($dff) from module sf_debug_top.
Setting constant 1-bit at position 20 on $auto$mem.cc:1169:emulate_transparency$5211 ($dff) from module sf_debug_top.
Setting constant 1-bit at position 21 on $auto$mem.cc:1169:emulate_transparency$5211 ($dff) from module sf_debug_top.
Setting constant 1-bit at position 22 on $auto$mem.cc:1169:emulate_transparency$5211 ($dff) from module sf_debug_top.
Setting constant 1-bit at position 23 on $auto$mem.cc:1169:emulate_transparency$5211 ($dff) from module sf_debug_top.
Setting constant 1-bit at position 24 on $auto$mem.cc:1169:emulate_transparency$5211 ($dff) from module sf_debug_top.
Setting constant 1-bit at position 25 on $auto$mem.cc:1169:emulate_transparency$5211 ($dff) from module sf_debug_top.
Setting constant 1-bit at position 26 on $auto$mem.cc:1169:emulate_transparency$5211 ($dff) from module sf_debug_top.
Setting constant 1-bit at position 27 on $auto$mem.cc:1169:emulate_transparency$5211 ($dff) from module sf_debug_top.
Setting constant 1-bit at position 28 on $auto$mem.cc:1169:emulate_transparency$5211 ($dff) from module sf_debug_top.
Setting constant 1-bit at position 29 on $auto$mem.cc:1169:emulate_transparency$5211 ($dff) from module sf_debug_top.
Setting constant 1-bit at position 30 on $auto$mem.cc:1169:emulate_transparency$5211 ($dff) from module sf_debug_top.
Setting constant 1-bit at position 31 on $auto$mem.cc:1169:emulate_transparency$5211 ($dff) from module sf_debug_top.

9.30.14. Executing OPT_CLEAN pass (remove unused cells and wires).
Finding unused cells or wires in module \sf_debug_top..
Removed 0 unused cells and 4 unused wires.
<suppressed ~1 debug messages>

9.30.15. Rerunning OPT passes. (Removed registers in this run.)

9.30.16. Executing OPT_EXPR pass (perform const folding).
Optimizing module sf_debug_top.

9.30.17. Executing OPT_MERGE pass (detect identical cells).
Finding identical cells in module `\sf_debug_top'.
Computing hashes of 611 cells of `\sf_debug_top'.
Finding duplicate cells in `\sf_debug_top'.
Removed a total of 0 cells.

9.30.18. Executing OPT_DFF pass (perform DFF optimizations).
Adding SRST signal on $auto$ff.cc:337:slice$4810 ($dffe) from module sf_debug_top (D = $auto$mem.cc:1185:emulate_transparency$5214 [7:5], Q = \u_link.read_data [7:5], rval = 3'000).

9.30.19. Executing OPT_CLEAN pass (remove unused cells and wires).
Finding unused cells or wires in module \sf_debug_top..

9.30.20. Rerunning OPT passes. (Removed registers in this run.)

9.30.21. Executing OPT_EXPR pass (perform const folding).
Optimizing module sf_debug_top.

9.30.22. Executing OPT_MERGE pass (detect identical cells).
Finding identical cells in module `\sf_debug_top'.
Computing hashes of 612 cells of `\sf_debug_top'.
Finding duplicate cells in `\sf_debug_top'.
Removed a total of 0 cells.

9.30.23. Executing OPT_DFF pass (perform DFF optimizations).

9.30.24. Executing OPT_CLEAN pass (remove unused cells and wires).
Finding unused cells or wires in module \sf_debug_top..

9.30.25. Finished fast OPT passes.

9.31. Executing MEMORY_MAP pass (converting memories to logic and flip-flops).

9.32. Executing OPT pass (performing simple optimizations).

9.32.1. Executing OPT_EXPR pass (perform const folding).
Optimizing module sf_debug_top.

9.32.2. Executing OPT_MERGE pass (detect identical cells).
Finding identical cells in module `\sf_debug_top'.
Computing hashes of 612 cells of `\sf_debug_top'.
Finding duplicate cells in `\sf_debug_top'.
Removed a total of 0 cells.

9.32.3. Executing OPT_MUXTREE pass (detect dead branches in mux trees).
Running muxtree optimizer on module \sf_debug_top..
  Creating internal representation of mux trees.
  Evaluating internal representation of mux trees.
  Analyzing evaluation results.
Removed 0 multiplexer ports.
<suppressed ~147 debug messages>

9.32.4. Executing OPT_REDUCE pass (consolidate $*mux and $reduce_* inputs).
  Optimizing cells in module \sf_debug_top.
    Consolidated identical input bits for $mux cell $flatten\u_link.$ternary$E:\EDA_Race\Cangku\new\SigFlow_FPGA\rtl\debug/sf_debug_link.sv:85$462:
      Old ports: A={ $flatten\u_link.$shl$E:\EDA_Race\Cangku\new\SigFlow_FPGA\rtl\debug/sf_debug_link.sv:85$459_Y [12:1] 1'0 }, B={ $auto$opt_expr.cc:206:group_cell_inputs$5531 [1] $flatten\u_link.$shl$E:\EDA_Race\Cangku\new\SigFlow_FPGA\rtl\debug/sf_debug_link.sv:85$459_Y [11:6] $auto$opt_expr.cc:206:group_cell_inputs$5531 [0] $flatten\u_link.$shl$E:\EDA_Race\Cangku\new\SigFlow_FPGA\rtl\debug/sf_debug_link.sv:85$459_Y [4:1] 1'1 }, Y=$flatten\u_link.$shl$E:\EDA_Race\Cangku\new\SigFlow_FPGA\rtl\debug/sf_debug_link.sv:85$463_Y [13:1]
      New ports: A={ $flatten\u_link.$shl$E:\EDA_Race\Cangku\new\SigFlow_FPGA\rtl\debug/sf_debug_link.sv:85$459_Y [12] $flatten\u_link.$shl$E:\EDA_Race\Cangku\new\SigFlow_FPGA\rtl\debug/sf_debug_link.sv:85$459_Y [5] 1'0 }, B={ $auto$opt_expr.cc:206:group_cell_inputs$5531 1'1 }, Y={ $flatten\u_link.$shl$E:\EDA_Race\Cangku\new\SigFlow_FPGA\rtl\debug/sf_debug_link.sv:85$463_Y [13] $flatten\u_link.$shl$E:\EDA_Race\Cangku\new\SigFlow_FPGA\rtl\debug/sf_debug_link.sv:85$463_Y [6] $flatten\u_link.$shl$E:\EDA_Race\Cangku\new\SigFlow_FPGA\rtl\debug/sf_debug_link.sv:85$463_Y [1] }
      New connections: { $flatten\u_link.$shl$E:\EDA_Race\Cangku\new\SigFlow_FPGA\rtl\debug/sf_debug_link.sv:85$463_Y [12:7] $flatten\u_link.$shl$E:\EDA_Race\Cangku\new\SigFlow_FPGA\rtl\debug/sf_debug_link.sv:85$463_Y [5:2] } = { $flatten\u_link.$shl$E:\EDA_Race\Cangku\new\SigFlow_FPGA\rtl\debug/sf_debug_link.sv:85$459_Y [11:6] $flatten\u_link.$shl$E:\EDA_Race\Cangku\new\SigFlow_FPGA\rtl\debug/sf_debug_link.sv:85$459_Y [4:1] }
    Consolidated identical input bits for $mux cell $flatten\u_link.$ternary$E:\EDA_Race\Cangku\new\SigFlow_FPGA\rtl\debug/sf_debug_link.sv:85$458:
      Old ports: A={ $auto$opt_expr.cc:206:group_cell_inputs$5524 [3:0] \u_link.rx_crc [7:0] 1'0 }, B={ $auto$opt_expr.cc:206:group_cell_inputs$5527 [1] $auto$opt_expr.cc:206:group_cell_inputs$5524 [2:0] \u_link.rx_crc [7:5] $auto$opt_expr.cc:206:group_cell_inputs$5527 [0] \u_link.rx_crc [3:0] 1'1 }, Y=$flatten\u_link.$shl$E:\EDA_Race\Cangku\new\SigFlow_FPGA\rtl\debug/sf_debug_link.sv:85$459_Y [13:1]
      New ports: A={ $auto$opt_expr.cc:206:group_cell_inputs$5524 [3] \u_link.rx_crc [4] 1'0 }, B={ $auto$opt_expr.cc:206:group_cell_inputs$5527 1'1 }, Y={ $flatten\u_link.$shl$E:\EDA_Race\Cangku\new\SigFlow_FPGA\rtl\debug/sf_debug_link.sv:85$459_Y [13] $flatten\u_link.$shl$E:\EDA_Race\Cangku\new\SigFlow_FPGA\rtl\debug/sf_debug_link.sv:85$459_Y [6] $flatten\u_link.$shl$E:\EDA_Race\Cangku\new\SigFlow_FPGA\rtl\debug/sf_debug_link.sv:85$459_Y [1] }
      New connections: { $flatten\u_link.$shl$E:\EDA_Race\Cangku\new\SigFlow_FPGA\rtl\debug/sf_debug_link.sv:85$459_Y [12:7] $flatten\u_link.$shl$E:\EDA_Race\Cangku\new\SigFlow_FPGA\rtl\debug/sf_debug_link.sv:85$459_Y [5:2] } = { $auto$opt_expr.cc:206:group_cell_inputs$5524 [2:0] \u_link.rx_crc [7:5] \u_link.rx_crc [3:0] }
    New ctrl vector for $pmux cell $flatten\u_link.$procmux$3254: { $flatten\u_link.$procmux$1015_CMP $auto$opt_reduce.cc:137:opt_pmux$5655 $flatten\u_link.$procmux$2493_CMP $flatten\u_link.$procmux$3270_CMP $flatten\u_link.$procmux$2465_CMP $flatten\u_link.$procmux$2561_CMP $auto$fsm_map.cc:74:implement_pattern_cache$4307 $flatten\u_link.$procmux$3280_CMP $flatten\u_link.$procmux$2711_CMP $flatten\u_link.$procmux$2456_CMP $flatten\u_link.$procmux$3207_CMP $flatten\u_link.$procmux$1854_CMP $flatten\u_link.$procmux$3166_CMP $flatten\u_link.$procmux$3172_CMP $flatten\u_link.$procmux$3219_CMP $flatten\u_link.$procmux$2912_CMP }
    Consolidated identical input bits for $mux cell $flatten\u_link.$ternary$E:\EDA_Race\Cangku\new\SigFlow_FPGA\rtl\debug/sf_debug_link.sv:85$486:
      Old ports: A={ $flatten\u_link.$shl$E:\EDA_Race\Cangku\new\SigFlow_FPGA\rtl\debug/sf_debug_link.sv:85$483_Y [12:1] 1'0 }, B={ $auto$opt_expr.cc:206:group_cell_inputs$5555 [1] $flatten\u_link.$shl$E:\EDA_Race\Cangku\new\SigFlow_FPGA\rtl\debug/sf_debug_link.sv:85$483_Y [11:6] $auto$opt_expr.cc:206:group_cell_inputs$5555 [0] $flatten\u_link.$shl$E:\EDA_Race\Cangku\new\SigFlow_FPGA\rtl\debug/sf_debug_link.sv:85$483_Y [4:1] 1'1 }, Y=$flatten\u_link.$procmux$3047_Y [12:0]
      New ports: A={ $flatten\u_link.$shl$E:\EDA_Race\Cangku\new\SigFlow_FPGA\rtl\debug/sf_debug_link.sv:85$483_Y [12] $flatten\u_link.$shl$E:\EDA_Race\Cangku\new\SigFlow_FPGA\rtl\debug/sf_debug_link.sv:85$483_Y [5] 1'0 }, B={ $auto$opt_expr.cc:206:group_cell_inputs$5555 1'1 }, Y={ $flatten\u_link.$procmux$3047_Y [12] $flatten\u_link.$procmux$3047_Y [5] $flatten\u_link.$procmux$3047_Y [0] }
      New connections: { $flatten\u_link.$procmux$3047_Y [11:6] $flatten\u_link.$procmux$3047_Y [4:1] } = { $flatten\u_link.$shl$E:\EDA_Race\Cangku\new\SigFlow_FPGA\rtl\debug/sf_debug_link.sv:85$483_Y [11:6] $flatten\u_link.$shl$E:\EDA_Race\Cangku\new\SigFlow_FPGA\rtl\debug/sf_debug_link.sv:85$483_Y [4:1] }
    Consolidated identical input bits for $mux cell $flatten\u_link.$procmux$3249:
      Old ports: A=2'11, B=2'00, Y=$auto$wreduce.cc:514:run$4946 [1:0]
      New ports: A=1'1, B=1'0, Y=$auto$wreduce.cc:514:run$4946 [0]
      New connections: $auto$wreduce.cc:514:run$4946 [1] = $auto$wreduce.cc:514:run$4946 [0]
    Consolidated identical input bits for $mux cell $flatten\u_link.$ternary$E:\EDA_Race\Cangku\new\SigFlow_FPGA\rtl\debug/sf_debug_link.sv:85$482:
      Old ports: A={ $flatten\u_link.$shl$E:\EDA_Race\Cangku\new\SigFlow_FPGA\rtl\debug/sf_debug_link.sv:85$479_Y [12:1] 1'0 }, B={ $auto$opt_expr.cc:206:group_cell_inputs$5551 [1] $flatten\u_link.$shl$E:\EDA_Race\Cangku\new\SigFlow_FPGA\rtl\debug/sf_debug_link.sv:85$479_Y [11:6] $auto$opt_expr.cc:206:group_cell_inputs$5551 [0] $flatten\u_link.$shl$E:\EDA_Race\Cangku\new\SigFlow_FPGA\rtl\debug/sf_debug_link.sv:85$479_Y [4:1] 1'1 }, Y={ $flatten\u_link.$procmux$3047_Y [13] $flatten\u_link.$shl$E:\EDA_Race\Cangku\new\SigFlow_FPGA\rtl\debug/sf_debug_link.sv:85$483_Y [12:1] }
      New ports: A={ $flatten\u_link.$shl$E:\EDA_Race\Cangku\new\SigFlow_FPGA\rtl\debug/sf_debug_link.sv:85$479_Y [12] $flatten\u_link.$shl$E:\EDA_Race\Cangku\new\SigFlow_FPGA\rtl\debug/sf_debug_link.sv:85$479_Y [5] 1'0 }, B={ $auto$opt_expr.cc:206:group_cell_inputs$5551 1'1 }, Y={ $flatten\u_link.$procmux$3047_Y [13] $flatten\u_link.$shl$E:\EDA_Race\Cangku\new\SigFlow_FPGA\rtl\debug/sf_debug_link.sv:85$483_Y [6] $flatten\u_link.$shl$E:\EDA_Race\Cangku\new\SigFlow_FPGA\rtl\debug/sf_debug_link.sv:85$483_Y [1] }
      New connections: { $flatten\u_link.$shl$E:\EDA_Race\Cangku\new\SigFlow_FPGA\rtl\debug/sf_debug_link.sv:85$483_Y [12:7] $flatten\u_link.$shl$E:\EDA_Race\Cangku\new\SigFlow_FPGA\rtl\debug/sf_debug_link.sv:85$483_Y [5:2] } = { $flatten\u_link.$shl$E:\EDA_Race\Cangku\new\SigFlow_FPGA\rtl\debug/sf_debug_link.sv:85$479_Y [11:6] $flatten\u_link.$shl$E:\EDA_Race\Cangku\new\SigFlow_FPGA\rtl\debug/sf_debug_link.sv:85$479_Y [4:1] }
    Consolidated identical input bits for $pmux cell $flatten\u_link.$procmux$2649:
      Old ports: A=8'00000110, B=40'0000001000000100000001100000100100000110, Y=$flatten\u_link.$procmux$2649_Y
      New ports: A=3'110, B=15'010100110001110, Y=$flatten\u_link.$procmux$2649_Y [2:0]
      New connections: $flatten\u_link.$procmux$2649_Y [7:3] = { 4'0000 $flatten\u_link.$procmux$2649_Y [0] }
    New ctrl vector for $pmux cell $flatten\u_link.$procmux$2649: { $flatten\u_link.$procmux$2593_CMP $flatten\u_link.$procmux$2598_CMP $flatten\u_link.$procmux$2599_CMP }
    Consolidated identical input bits for $mux cell $flatten\u_link.$ternary$E:\EDA_Race\Cangku\new\SigFlow_FPGA\rtl\debug/sf_debug_link.sv:85$478:
      Old ports: A={ $flatten\u_link.$shl$E:\EDA_Race\Cangku\new\SigFlow_FPGA\rtl\debug/sf_debug_link.sv:85$475_Y [12:1] 1'0 }, B={ $auto$opt_expr.cc:206:group_cell_inputs$5547 [1] $flatten\u_link.$shl$E:\EDA_Race\Cangku\new\SigFlow_FPGA\rtl\debug/sf_debug_link.sv:85$475_Y [11:6] $auto$opt_expr.cc:206:group_cell_inputs$5547 [0] $flatten\u_link.$shl$E:\EDA_Race\Cangku\new\SigFlow_FPGA\rtl\debug/sf_debug_link.sv:85$475_Y [4:1] 1'1 }, Y={ $flatten\u_link.$procmux$3047_Y [14] $flatten\u_link.$shl$E:\EDA_Race\Cangku\new\SigFlow_FPGA\rtl\debug/sf_debug_link.sv:85$479_Y [12:1] }
      New ports: A={ $flatten\u_link.$shl$E:\EDA_Race\Cangku\new\SigFlow_FPGA\rtl\debug/sf_debug_link.sv:85$475_Y [12] $flatten\u_link.$shl$E:\EDA_Race\Cangku\new\SigFlow_FPGA\rtl\debug/sf_debug_link.sv:85$475_Y [5] 1'0 }, B={ $auto$opt_expr.cc:206:group_cell_inputs$5547 1'1 }, Y={ $flatten\u_link.$procmux$3047_Y [14] $flatten\u_link.$shl$E:\EDA_Race\Cangku\new\SigFlow_FPGA\rtl\debug/sf_debug_link.sv:85$479_Y [6] $flatten\u_link.$shl$E:\EDA_Race\Cangku\new\SigFlow_FPGA\rtl\debug/sf_debug_link.sv:85$479_Y [1] }
      New connections: { $flatten\u_link.$shl$E:\EDA_Race\Cangku\new\SigFlow_FPGA\rtl\debug/sf_debug_link.sv:85$479_Y [12:7] $flatten\u_link.$shl$E:\EDA_Race\Cangku\new\SigFlow_FPGA\rtl\debug/sf_debug_link.sv:85$479_Y [5:2] } = { $flatten\u_link.$shl$E:\EDA_Race\Cangku\new\SigFlow_FPGA\rtl\debug/sf_debug_link.sv:85$475_Y [11:6] $flatten\u_link.$shl$E:\EDA_Race\Cangku\new\SigFlow_FPGA\rtl\debug/sf_debug_link.sv:85$475_Y [4:1] }
    Consolidated identical input bits for $mux cell $flatten\u_link.$ternary$E:\EDA_Race\Cangku\new\SigFlow_FPGA\rtl\debug/sf_debug_link.sv:85$474:
      Old ports: A={ $flatten\u_link.$shl$E:\EDA_Race\Cangku\new\SigFlow_FPGA\rtl\debug/sf_debug_link.sv:85$471_Y [12:1] 1'0 }, B={ $auto$opt_expr.cc:206:group_cell_inputs$5543 [1] $flatten\u_link.$shl$E:\EDA_Race\Cangku\new\SigFlow_FPGA\rtl\debug/sf_debug_link.sv:85$471_Y [11:6] $auto$opt_expr.cc:206:group_cell_inputs$5543 [0] $flatten\u_link.$shl$E:\EDA_Race\Cangku\new\SigFlow_FPGA\rtl\debug/sf_debug_link.sv:85$471_Y [4:1] 1'1 }, Y={ $flatten\u_link.$procmux$3047_Y [15] $flatten\u_link.$shl$E:\EDA_Race\Cangku\new\SigFlow_FPGA\rtl\debug/sf_debug_link.sv:85$475_Y [12:1] }
      New ports: A={ $flatten\u_link.$shl$E:\EDA_Race\Cangku\new\SigFlow_FPGA\rtl\debug/sf_debug_link.sv:85$471_Y [12] $flatten\u_link.$shl$E:\EDA_Race\Cangku\new\SigFlow_FPGA\rtl\debug/sf_debug_link.sv:85$471_Y [5] 1'0 }, B={ $auto$opt_expr.cc:206:group_cell_inputs$5543 1'1 }, Y={ $flatten\u_link.$procmux$3047_Y [15] $flatten\u_link.$shl$E:\EDA_Race\Cangku\new\SigFlow_FPGA\rtl\debug/sf_debug_link.sv:85$475_Y [6] $flatten\u_link.$shl$E:\EDA_Race\Cangku\new\SigFlow_FPGA\rtl\debug/sf_debug_link.sv:85$475_Y [1] }
      New connections: { $flatten\u_link.$shl$E:\EDA_Race\Cangku\new\SigFlow_FPGA\rtl\debug/sf_debug_link.sv:85$475_Y [12:7] $flatten\u_link.$shl$E:\EDA_Race\Cangku\new\SigFlow_FPGA\rtl\debug/sf_debug_link.sv:85$475_Y [5:2] } = { $flatten\u_link.$shl$E:\EDA_Race\Cangku\new\SigFlow_FPGA\rtl\debug/sf_debug_link.sv:85$471_Y [11:6] $flatten\u_link.$shl$E:\EDA_Race\Cangku\new\SigFlow_FPGA\rtl\debug/sf_debug_link.sv:85$471_Y [4:1] }
    Consolidated identical input bits for $pmux cell $flatten\u_link.$procmux$2620:
      Old ports: A=8'00000100, B=40'0000010100010001000001000000101000000100, Y=$flatten\u_link.$procmux$2620_Y
      New ports: A=4'0100, B=20'01011001010000100100, Y={ $flatten\u_link.$procmux$2620_Y [4] $flatten\u_link.$procmux$2620_Y [2:0] }
      New connections: { $flatten\u_link.$procmux$2620_Y [7:5] $flatten\u_link.$procmux$2620_Y [3] } = { 3'000 $flatten\u_link.$procmux$2620_Y [1] }
    New ctrl vector for $pmux cell $flatten\u_link.$procmux$2620: { $flatten\u_link.$procmux$2593_CMP $flatten\u_link.$procmux$2598_CMP $flatten\u_link.$procmux$2599_CMP }
    Consolidated identical input bits for $pmux cell $flatten\u_link.$procmux$1524:
      Old ports: A=7'0000000, B={ 21'000000100001000100000 \u_ila.done_reg \u_ila.triggered_reg \u_ila.running 4'0000 }, Y=$auto$wreduce.cc:514:run$4950 [6:0]
      New ports: A=5'00000, B={ 15'000010001001000 \u_ila.done_reg \u_ila.triggered_reg \u_ila.running 2'00 }, Y={ $auto$wreduce.cc:514:run$4950 [6:4] $auto$wreduce.cc:514:run$4950 [2] $auto$wreduce.cc:514:run$4950 [0] }
      New connections: { $auto$wreduce.cc:514:run$4950 [3] $auto$wreduce.cc:514:run$4950 [1] } = 2'00
    Consolidated identical input bits for $mux cell $flatten\u_link.$ternary$E:\EDA_Race\Cangku\new\SigFlow_FPGA\rtl\debug/sf_debug_link.sv:85$470:
      Old ports: A={ $flatten\u_link.$shl$E:\EDA_Race\Cangku\new\SigFlow_FPGA\rtl\debug/sf_debug_link.sv:85$467_Y [12:1] 1'0 }, B={ $auto$opt_expr.cc:206:group_cell_inputs$5539 [1] $flatten\u_link.$shl$E:\EDA_Race\Cangku\new\SigFlow_FPGA\rtl\debug/sf_debug_link.sv:85$467_Y [11:6] $auto$opt_expr.cc:206:group_cell_inputs$5539 [0] $flatten\u_link.$shl$E:\EDA_Race\Cangku\new\SigFlow_FPGA\rtl\debug/sf_debug_link.sv:85$467_Y [4:1] 1'1 }, Y=$flatten\u_link.$shl$E:\EDA_Race\Cangku\new\SigFlow_FPGA\rtl\debug/sf_debug_link.sv:85$471_Y [13:1]
      New ports: A={ $flatten\u_link.$shl$E:\EDA_Race\Cangku\new\SigFlow_FPGA\rtl\debug/sf_debug_link.sv:85$467_Y [12] $flatten\u_link.$shl$E:\EDA_Race\Cangku\new\SigFlow_FPGA\rtl\debug/sf_debug_link.sv:85$467_Y [5] 1'0 }, B={ $auto$opt_expr.cc:206:group_cell_inputs$5539 1'1 }, Y={ $flatten\u_link.$shl$E:\EDA_Race\Cangku\new\SigFlow_FPGA\rtl\debug/sf_debug_link.sv:85$471_Y [13] $flatten\u_link.$shl$E:\EDA_Race\Cangku\new\SigFlow_FPGA\rtl\debug/sf_debug_link.sv:85$471_Y [6] $flatten\u_link.$shl$E:\EDA_Race\Cangku\new\SigFlow_FPGA\rtl\debug/sf_debug_link.sv:85$471_Y [1] }
      New connections: { $flatten\u_link.$shl$E:\EDA_Race\Cangku\new\SigFlow_FPGA\rtl\debug/sf_debug_link.sv:85$471_Y [12:7] $flatten\u_link.$shl$E:\EDA_Race\Cangku\new\SigFlow_FPGA\rtl\debug/sf_debug_link.sv:85$471_Y [5:2] } = { $flatten\u_link.$shl$E:\EDA_Race\Cangku\new\SigFlow_FPGA\rtl\debug/sf_debug_link.sv:85$467_Y [11:6] $flatten\u_link.$shl$E:\EDA_Race\Cangku\new\SigFlow_FPGA\rtl\debug/sf_debug_link.sv:85$467_Y [4:1] }
    Consolidated identical input bits for $pmux cell $flatten\u_link.$procmux$2591:
      Old ports: A=8'00000000, B=40'0000000100001101000000000000011000000000, Y=$flatten\u_link.$procmux$2591_Y
      New ports: A=4'0000, B=20'00011101000001100000, Y=$flatten\u_link.$procmux$2591_Y [3:0]
      New connections: $flatten\u_link.$procmux$2591_Y [7:4] = 4'0000
    New ctrl vector for $pmux cell $flatten\u_link.$procmux$2591: { $flatten\u_link.$procmux$2593_CMP $flatten\u_link.$procmux$2598_CMP $flatten\u_link.$procmux$2599_CMP }
    Consolidated identical input bits for $mux cell $flatten\u_link.$procmux$3313:
      Old ports: A={ 4'0001 $auto$rtlil.cc:3270:ReduceAnd$5101 }, B=5'00000, Y=$flatten\u_link.$procmux$3313_Y
      New ports: A={ 1'1 $auto$rtlil.cc:3270:ReduceAnd$5101 }, B=2'00, Y=$flatten\u_link.$procmux$3313_Y [1:0]
      New connections: $flatten\u_link.$procmux$3313_Y [4:2] = 3'000
    Consolidated identical input bits for $mux cell $flatten\u_link.$procmux$3307:
      Old ports: A=3'100, B=3'000, Y=$auto$wreduce.cc:514:run$4958 [2:0]
      New ports: A=1'1, B=1'0, Y=$auto$wreduce.cc:514:run$4958 [2]
      New connections: $auto$wreduce.cc:514:run$4958 [1:0] = 2'00
    Consolidated identical input bits for $mux cell $flatten\u_link.$procmux$3301:
      Old ports: A=2'00, B=2'10, Y=$auto$wreduce.cc:514:run$4957 [1:0]
      New ports: A=1'0, B=1'1, Y=$auto$wreduce.cc:514:run$4957 [1]
      New connections: $auto$wreduce.cc:514:run$4957 [0] = 1'0
    Consolidated identical input bits for $pmux cell $flatten\u_link.$procmux$3261:
      Old ports: A=5'00000, B=10'1000001111, Y=$flatten\u_link.$procmux$3261_Y
      New ports: A=2'00, B=4'1001, Y={ $flatten\u_link.$procmux$3261_Y [4] $flatten\u_link.$procmux$3261_Y [0] }
      New connections: $flatten\u_link.$procmux$3261_Y [3:1] = { $flatten\u_link.$procmux$3261_Y [0] $flatten\u_link.$procmux$3261_Y [0] $flatten\u_link.$procmux$3261_Y [0] }
    Consolidated identical input bits for $mux cell $flatten\u_link.$procmux$3292:
      Old ports: A=4'0000, B=4'1010, Y=$auto$wreduce.cc:514:run$4956 [3:0]
      New ports: A=1'0, B=1'1, Y=$auto$wreduce.cc:514:run$4956 [1]
      New connections: { $auto$wreduce.cc:514:run$4956 [3:2] $auto$wreduce.cc:514:run$4956 [0] } = { $auto$wreduce.cc:514:run$4956 [1] 2'00 }
    Consolidated identical input bits for $pmux cell $flatten\u_link.$procmux$3289:
      Old ports: A=5'01010, B={ 1'0 $auto$wreduce.cc:514:run$4956 [3:0] 1'0 $auto$wreduce.cc:514:run$4955 [3:0] }, Y=$flatten\u_link.$procmux$3289_Y
      New ports: A=4'1010, B={ $auto$wreduce.cc:514:run$4956 [3:0] $auto$wreduce.cc:514:run$4955 [3:0] }, Y=$flatten\u_link.$procmux$3289_Y [3:0]
      New connections: $flatten\u_link.$procmux$3289_Y [4] = 1'0
    Consolidated identical input bits for $mux cell $flatten\u_link.$procmux$3287:
      Old ports: A=4'1010, B=4'0111, Y=$auto$wreduce.cc:514:run$4955 [3:0]
      New ports: A=2'10, B=2'01, Y={ $auto$wreduce.cc:514:run$4955 [3] $auto$wreduce.cc:514:run$4955 [0] }
      New connections: $auto$wreduce.cc:514:run$4955 [2:1] = { $auto$wreduce.cc:514:run$4955 [0] 1'1 }
    Consolidated identical input bits for $pmux cell $flatten\u_link.$procmux$1261:
      Old ports: A=7'0000000, B={ 21'000000100001000100000 \u_ila.done_reg \u_ila.triggered_reg \u_ila.running 4'0000 }, Y=$auto$wreduce.cc:514:run$4952 [6:0]
      New ports: A=5'00000, B={ 15'000010001001000 \u_ila.done_reg \u_ila.triggered_reg \u_ila.running 2'00 }, Y={ $auto$wreduce.cc:514:run$4952 [6:4] $auto$wreduce.cc:514:run$4952 [2] $auto$wreduce.cc:514:run$4952 [0] }
      New connections: { $auto$wreduce.cc:514:run$4952 [3] $auto$wreduce.cc:514:run$4952 [1] } = 2'00
    New ctrl vector for $pmux cell $flatten\u_ila.$procmux$899: { $flatten\u_ila.$procmux$833_CMP $flatten\u_ila.$procmux$832_CMP }
    Consolidated identical input bits for $pmux cell $flatten\u_link.$procmux$987:
      Old ports: A=7'0000000, B={ 21'000000100001000100000 \u_ila.done_reg \u_ila.triggered_reg \u_ila.running 4'0000 }, Y=$auto$wreduce.cc:514:run$4949 [6:0]
      New ports: A=5'00000, B={ 15'000010001001000 \u_ila.done_reg \u_ila.triggered_reg \u_ila.running 2'00 }, Y={ $auto$wreduce.cc:514:run$4949 [6:4] $auto$wreduce.cc:514:run$4949 [2] $auto$wreduce.cc:514:run$4949 [0] }
      New connections: { $auto$wreduce.cc:514:run$4949 [3] $auto$wreduce.cc:514:run$4949 [1] } = 2'00
    Consolidated identical input bits for $mux cell $flatten\u_link.$ternary$E:\EDA_Race\Cangku\new\SigFlow_FPGA\rtl\debug/sf_debug_link.sv:85$466:
      Old ports: A={ $flatten\u_link.$shl$E:\EDA_Race\Cangku\new\SigFlow_FPGA\rtl\debug/sf_debug_link.sv:85$463_Y [12:1] 1'0 }, B={ $auto$opt_expr.cc:206:group_cell_inputs$5535 [1] $flatten\u_link.$shl$E:\EDA_Race\Cangku\new\SigFlow_FPGA\rtl\debug/sf_debug_link.sv:85$463_Y [11:6] $auto$opt_expr.cc:206:group_cell_inputs$5535 [0] $flatten\u_link.$shl$E:\EDA_Race\Cangku\new\SigFlow_FPGA\rtl\debug/sf_debug_link.sv:85$463_Y [4:1] 1'1 }, Y=$flatten\u_link.$shl$E:\EDA_Race\Cangku\new\SigFlow_FPGA\rtl\debug/sf_debug_link.sv:85$467_Y [13:1]
      New ports: A={ $flatten\u_link.$shl$E:\EDA_Race\Cangku\new\SigFlow_FPGA\rtl\debug/sf_debug_link.sv:85$463_Y [12] $flatten\u_link.$shl$E:\EDA_Race\Cangku\new\SigFlow_FPGA\rtl\debug/sf_debug_link.sv:85$463_Y [5] 1'0 }, B={ $auto$opt_expr.cc:206:group_cell_inputs$5535 1'1 }, Y={ $flatten\u_link.$shl$E:\EDA_Race\Cangku\new\SigFlow_FPGA\rtl\debug/sf_debug_link.sv:85$467_Y [13] $flatten\u_link.$shl$E:\EDA_Race\Cangku\new\SigFlow_FPGA\rtl\debug/sf_debug_link.sv:85$467_Y [6] $flatten\u_link.$shl$E:\EDA_Race\Cangku\new\SigFlow_FPGA\rtl\debug/sf_debug_link.sv:85$467_Y [1] }
      New connections: { $flatten\u_link.$shl$E:\EDA_Race\Cangku\new\SigFlow_FPGA\rtl\debug/sf_debug_link.sv:85$467_Y [12:7] $flatten\u_link.$shl$E:\EDA_Race\Cangku\new\SigFlow_FPGA\rtl\debug/sf_debug_link.sv:85$467_Y [5:2] } = { $flatten\u_link.$shl$E:\EDA_Race\Cangku\new\SigFlow_FPGA\rtl\debug/sf_debug_link.sv:85$463_Y [11:6] $flatten\u_link.$shl$E:\EDA_Race\Cangku\new\SigFlow_FPGA\rtl\debug/sf_debug_link.sv:85$463_Y [4:1] }
    Consolidated identical input bits for $mux cell $flatten\u_link.$ternary$E:\EDA_Race\Cangku\new\SigFlow_FPGA\rtl\debug/sf_debug_link.sv:85$533:
      Old ports: A={ $auto$opt_expr.cc:206:group_cell_inputs$5559 [3:0] \u_link.resp_crc [7:0] 1'0 }, B={ $auto$opt_expr.cc:206:group_cell_inputs$5562 [1] $auto$opt_expr.cc:206:group_cell_inputs$5559 [2:0] \u_link.resp_crc [7:5] $auto$opt_expr.cc:206:group_cell_inputs$5562 [0] \u_link.resp_crc [3:0] 1'1 }, Y=$flatten\u_link.$shl$E:\EDA_Race\Cangku\new\SigFlow_FPGA\rtl\debug/sf_debug_link.sv:85$534_Y [13:1]
      New ports: A={ $auto$opt_expr.cc:206:group_cell_inputs$5559 [3] \u_link.resp_crc [4] 1'0 }, B={ $auto$opt_expr.cc:206:group_cell_inputs$5562 1'1 }, Y={ $flatten\u_link.$shl$E:\EDA_Race\Cangku\new\SigFlow_FPGA\rtl\debug/sf_debug_link.sv:85$534_Y [13] $flatten\u_link.$shl$E:\EDA_Race\Cangku\new\SigFlow_FPGA\rtl\debug/sf_debug_link.sv:85$534_Y [6] $flatten\u_link.$shl$E:\EDA_Race\Cangku\new\SigFlow_FPGA\rtl\debug/sf_debug_link.sv:85$534_Y [1] }
      New connections: { $flatten\u_link.$shl$E:\EDA_Race\Cangku\new\SigFlow_FPGA\rtl\debug/sf_debug_link.sv:85$534_Y [12:7] $flatten\u_link.$shl$E:\EDA_Race\Cangku\new\SigFlow_FPGA\rtl\debug/sf_debug_link.sv:85$534_Y [5:2] } = { $auto$opt_expr.cc:206:group_cell_inputs$5559 [2:0] \u_link.resp_crc [7:5] \u_link.resp_crc [3:0] }
    Consolidated identical input bits for $mux cell $flatten\u_link.$ternary$E:\EDA_Race\Cangku\new\SigFlow_FPGA\rtl\debug/sf_debug_link.sv:85$561:
      Old ports: A={ $flatten\u_link.$shl$E:\EDA_Race\Cangku\new\SigFlow_FPGA\rtl\debug/sf_debug_link.sv:85$558_Y [12:1] 1'0 }, B={ $auto$opt_expr.cc:206:group_cell_inputs$5590 [1] $flatten\u_link.$shl$E:\EDA_Race\Cangku\new\SigFlow_FPGA\rtl\debug/sf_debug_link.sv:85$558_Y [11:6] $auto$opt_expr.cc:206:group_cell_inputs$5590 [0] $flatten\u_link.$shl$E:\EDA_Race\Cangku\new\SigFlow_FPGA\rtl\debug/sf_debug_link.sv:85$558_Y [4:1] 1'1 }, Y=$flatten\u_link.$procmux$2569_Y [12:0]
      New ports: A={ $flatten\u_link.$shl$E:\EDA_Race\Cangku\new\SigFlow_FPGA\rtl\debug/sf_debug_link.sv:85$558_Y [12] $flatten\u_link.$shl$E:\EDA_Race\Cangku\new\SigFlow_FPGA\rtl\debug/sf_debug_link.sv:85$558_Y [5] 1'0 }, B={ $auto$opt_expr.cc:206:group_cell_inputs$5590 1'1 }, Y={ $flatten\u_link.$procmux$2569_Y [12] $flatten\u_link.$procmux$2569_Y [5] $flatten\u_link.$procmux$2569_Y [0] }
      New connections: { $flatten\u_link.$procmux$2569_Y [11:6] $flatten\u_link.$procmux$2569_Y [4:1] } = { $flatten\u_link.$shl$E:\EDA_Race\Cangku\new\SigFlow_FPGA\rtl\debug/sf_debug_link.sv:85$558_Y [11:6] $flatten\u_link.$shl$E:\EDA_Race\Cangku\new\SigFlow_FPGA\rtl\debug/sf_debug_link.sv:85$558_Y [4:1] }
    Consolidated identical input bits for $mux cell $flatten\u_link.$ternary$E:\EDA_Race\Cangku\new\SigFlow_FPGA\rtl\debug/sf_debug_link.sv:85$557:
      Old ports: A={ $flatten\u_link.$shl$E:\EDA_Race\Cangku\new\SigFlow_FPGA\rtl\debug/sf_debug_link.sv:85$554_Y [12:1] 1'0 }, B={ $auto$opt_expr.cc:206:group_cell_inputs$5586 [1] $flatten\u_link.$shl$E:\EDA_Race\Cangku\new\SigFlow_FPGA\rtl\debug/sf_debug_link.sv:85$554_Y [11:6] $auto$opt_expr.cc:206:group_cell_inputs$5586 [0] $flatten\u_link.$shl$E:\EDA_Race\Cangku\new\SigFlow_FPGA\rtl\debug/sf_debug_link.sv:85$554_Y [4:1] 1'1 }, Y={ $flatten\u_link.$procmux$2569_Y [13] $flatten\u_link.$shl$E:\EDA_Race\Cangku\new\SigFlow_FPGA\rtl\debug/sf_debug_link.sv:85$558_Y [12:1] }
      New ports: A={ $flatten\u_link.$shl$E:\EDA_Race\Cangku\new\SigFlow_FPGA\rtl\debug/sf_debug_link.sv:85$554_Y [12] $flatten\u_link.$shl$E:\EDA_Race\Cangku\new\SigFlow_FPGA\rtl\debug/sf_debug_link.sv:85$554_Y [5] 1'0 }, B={ $auto$opt_expr.cc:206:group_cell_inputs$5586 1'1 }, Y={ $flatten\u_link.$procmux$2569_Y [13] $flatten\u_link.$shl$E:\EDA_Race\Cangku\new\SigFlow_FPGA\rtl\debug/sf_debug_link.sv:85$558_Y [6] $flatten\u_link.$shl$E:\EDA_Race\Cangku\new\SigFlow_FPGA\rtl\debug/sf_debug_link.sv:85$558_Y [1] }
      New connections: { $flatten\u_link.$shl$E:\EDA_Race\Cangku\new\SigFlow_FPGA\rtl\debug/sf_debug_link.sv:85$558_Y [12:7] $flatten\u_link.$shl$E:\EDA_Race\Cangku\new\SigFlow_FPGA\rtl\debug/sf_debug_link.sv:85$558_Y [5:2] } = { $flatten\u_link.$shl$E:\EDA_Race\Cangku\new\SigFlow_FPGA\rtl\debug/sf_debug_link.sv:85$554_Y [11:6] $flatten\u_link.$shl$E:\EDA_Race\Cangku\new\SigFlow_FPGA\rtl\debug/sf_debug_link.sv:85$554_Y [4:1] }
    Consolidated identical input bits for $mux cell $flatten\u_link.$ternary$E:\EDA_Race\Cangku\new\SigFlow_FPGA\rtl\debug/sf_debug_link.sv:85$553:
      Old ports: A={ $flatten\u_link.$shl$E:\EDA_Race\Cangku\new\SigFlow_FPGA\rtl\debug/sf_debug_link.sv:85$550_Y [12:1] 1'0 }, B={ $auto$opt_expr.cc:206:group_cell_inputs$5582 [1] $flatten\u_link.$shl$E:\EDA_Race\Cangku\new\SigFlow_FPGA\rtl\debug/sf_debug_link.sv:85$550_Y [11:6] $auto$opt_expr.cc:206:group_cell_inputs$5582 [0] $flatten\u_link.$shl$E:\EDA_Race\Cangku\new\SigFlow_FPGA\rtl\debug/sf_debug_link.sv:85$550_Y [4:1] 1'1 }, Y={ $flatten\u_link.$procmux$2569_Y [14] $flatten\u_link.$shl$E:\EDA_Race\Cangku\new\SigFlow_FPGA\rtl\debug/sf_debug_link.sv:85$554_Y [12:1] }
      New ports: A={ $flatten\u_link.$shl$E:\EDA_Race\Cangku\new\SigFlow_FPGA\rtl\debug/sf_debug_link.sv:85$550_Y [12] $flatten\u_link.$shl$E:\EDA_Race\Cangku\new\SigFlow_FPGA\rtl\debug/sf_debug_link.sv:85$550_Y [5] 1'0 }, B={ $auto$opt_expr.cc:206:group_cell_inputs$5582 1'1 }, Y={ $flatten\u_link.$procmux$2569_Y [14] $flatten\u_link.$shl$E:\EDA_Race\Cangku\new\SigFlow_FPGA\rtl\debug/sf_debug_link.sv:85$554_Y [6] $flatten\u_link.$shl$E:\EDA_Race\Cangku\new\SigFlow_FPGA\rtl\debug/sf_debug_link.sv:85$554_Y [1] }
      New connections: { $flatten\u_link.$shl$E:\EDA_Race\Cangku\new\SigFlow_FPGA\rtl\debug/sf_debug_link.sv:85$554_Y [12:7] $flatten\u_link.$shl$E:\EDA_Race\Cangku\new\SigFlow_FPGA\rtl\debug/sf_debug_link.sv:85$554_Y [5:2] } = { $flatten\u_link.$shl$E:\EDA_Race\Cangku\new\SigFlow_FPGA\rtl\debug/sf_debug_link.sv:85$550_Y [11:6] $flatten\u_link.$shl$E:\EDA_Race\Cangku\new\SigFlow_FPGA\rtl\debug/sf_debug_link.sv:85$550_Y [4:1] }
    Consolidated identical input bits for $mux cell $flatten\u_link.$ternary$E:\EDA_Race\Cangku\new\SigFlow_FPGA\rtl\debug/sf_debug_link.sv:85$549:
      Old ports: A={ $flatten\u_link.$shl$E:\EDA_Race\Cangku\new\SigFlow_FPGA\rtl\debug/sf_debug_link.sv:85$546_Y [12:1] 1'0 }, B={ $auto$opt_expr.cc:206:group_cell_inputs$5578 [1] $flatten\u_link.$shl$E:\EDA_Race\Cangku\new\SigFlow_FPGA\rtl\debug/sf_debug_link.sv:85$546_Y [11:6] $auto$opt_expr.cc:206:group_cell_inputs$5578 [0] $flatten\u_link.$shl$E:\EDA_Race\Cangku\new\SigFlow_FPGA\rtl\debug/sf_debug_link.sv:85$546_Y [4:1] 1'1 }, Y={ $flatten\u_link.$procmux$2569_Y [15] $flatten\u_link.$shl$E:\EDA_Race\Cangku\new\SigFlow_FPGA\rtl\debug/sf_debug_link.sv:85$550_Y [12:1] }
      New ports: A={ $flatten\u_link.$shl$E:\EDA_Race\Cangku\new\SigFlow_FPGA\rtl\debug/sf_debug_link.sv:85$546_Y [12] $flatten\u_link.$shl$E:\EDA_Race\Cangku\new\SigFlow_FPGA\rtl\debug/sf_debug_link.sv:85$546_Y [5] 1'0 }, B={ $auto$opt_expr.cc:206:group_cell_inputs$5578 1'1 }, Y={ $flatten\u_link.$procmux$2569_Y [15] $flatten\u_link.$shl$E:\EDA_Race\Cangku\new\SigFlow_FPGA\rtl\debug/sf_debug_link.sv:85$550_Y [6] $flatten\u_link.$shl$E:\EDA_Race\Cangku\new\SigFlow_FPGA\rtl\debug/sf_debug_link.sv:85$550_Y [1] }
      New connections: { $flatten\u_link.$shl$E:\EDA_Race\Cangku\new\SigFlow_FPGA\rtl\debug/sf_debug_link.sv:85$550_Y [12:7] $flatten\u_link.$shl$E:\EDA_Race\Cangku\new\SigFlow_FPGA\rtl\debug/sf_debug_link.sv:85$550_Y [5:2] } = { $flatten\u_link.$shl$E:\EDA_Race\Cangku\new\SigFlow_FPGA\rtl\debug/sf_debug_link.sv:85$546_Y [11:6] $flatten\u_link.$shl$E:\EDA_Race\Cangku\new\SigFlow_FPGA\rtl\debug/sf_debug_link.sv:85$546_Y [4:1] }
    Consolidated identical input bits for $mux cell $flatten\u_link.$ternary$E:\EDA_Race\Cangku\new\SigFlow_FPGA\rtl\debug/sf_debug_link.sv:85$545:
      Old ports: A={ $flatten\u_link.$shl$E:\EDA_Race\Cangku\new\SigFlow_FPGA\rtl\debug/sf_debug_link.sv:85$542_Y [12:1] 1'0 }, B={ $auto$opt_expr.cc:206:group_cell_inputs$5574 [1] $flatten\u_link.$shl$E:\EDA_Race\Cangku\new\SigFlow_FPGA\rtl\debug/sf_debug_link.sv:85$542_Y [11:6] $auto$opt_expr.cc:206:group_cell_inputs$5574 [0] $flatten\u_link.$shl$E:\EDA_Race\Cangku\new\SigFlow_FPGA\rtl\debug/sf_debug_link.sv:85$542_Y [4:1] 1'1 }, Y=$flatten\u_link.$shl$E:\EDA_Race\Cangku\new\SigFlow_FPGA\rtl\debug/sf_debug_link.sv:85$546_Y [13:1]
      New ports: A={ $flatten\u_link.$shl$E:\EDA_Race\Cangku\new\SigFlow_FPGA\rtl\debug/sf_debug_link.sv:85$542_Y [12] $flatten\u_link.$shl$E:\EDA_Race\Cangku\new\SigFlow_FPGA\rtl\debug/sf_debug_link.sv:85$542_Y [5] 1'0 }, B={ $auto$opt_expr.cc:206:group_cell_inputs$5574 1'1 }, Y={ $flatten\u_link.$shl$E:\EDA_Race\Cangku\new\SigFlow_FPGA\rtl\debug/sf_debug_link.sv:85$546_Y [13] $flatten\u_link.$shl$E:\EDA_Race\Cangku\new\SigFlow_FPGA\rtl\debug/sf_debug_link.sv:85$546_Y [6] $flatten\u_link.$shl$E:\EDA_Race\Cangku\new\SigFlow_FPGA\rtl\debug/sf_debug_link.sv:85$546_Y [1] }
      New connections: { $flatten\u_link.$shl$E:\EDA_Race\Cangku\new\SigFlow_FPGA\rtl\debug/sf_debug_link.sv:85$546_Y [12:7] $flatten\u_link.$shl$E:\EDA_Race\Cangku\new\SigFlow_FPGA\rtl\debug/sf_debug_link.sv:85$546_Y [5:2] } = { $flatten\u_link.$shl$E:\EDA_Race\Cangku\new\SigFlow_FPGA\rtl\debug/sf_debug_link.sv:85$542_Y [11:6] $flatten\u_link.$shl$E:\EDA_Race\Cangku\new\SigFlow_FPGA\rtl\debug/sf_debug_link.sv:85$542_Y [4:1] }
    Consolidated identical input bits for $mux cell $flatten\u_link.$ternary$E:\EDA_Race\Cangku\new\SigFlow_FPGA\rtl\debug/sf_debug_link.sv:85$541:
      Old ports: A={ $flatten\u_link.$shl$E:\EDA_Race\Cangku\new\SigFlow_FPGA\rtl\debug/sf_debug_link.sv:85$538_Y [12:1] 1'0 }, B={ $auto$opt_expr.cc:206:group_cell_inputs$5570 [1] $flatten\u_link.$shl$E:\EDA_Race\Cangku\new\SigFlow_FPGA\rtl\debug/sf_debug_link.sv:85$538_Y [11:6] $auto$opt_expr.cc:206:group_cell_inputs$5570 [0] $flatten\u_link.$shl$E:\EDA_Race\Cangku\new\SigFlow_FPGA\rtl\debug/sf_debug_link.sv:85$538_Y [4:1] 1'1 }, Y=$flatten\u_link.$shl$E:\EDA_Race\Cangku\new\SigFlow_FPGA\rtl\debug/sf_debug_link.sv:85$542_Y [13:1]
      New ports: A={ $flatten\u_link.$shl$E:\EDA_Race\Cangku\new\SigFlow_FPGA\rtl\debug/sf_debug_link.sv:85$538_Y [12] $flatten\u_link.$shl$E:\EDA_Race\Cangku\new\SigFlow_FPGA\rtl\debug/sf_debug_link.sv:85$538_Y [5] 1'0 }, B={ $auto$opt_expr.cc:206:group_cell_inputs$5570 1'1 }, Y={ $flatten\u_link.$shl$E:\EDA_Race\Cangku\new\SigFlow_FPGA\rtl\debug/sf_debug_link.sv:85$542_Y [13] $flatten\u_link.$shl$E:\EDA_Race\Cangku\new\SigFlow_FPGA\rtl\debug/sf_debug_link.sv:85$542_Y [6] $flatten\u_link.$shl$E:\EDA_Race\Cangku\new\SigFlow_FPGA\rtl\debug/sf_debug_link.sv:85$542_Y [1] }
      New connections: { $flatten\u_link.$shl$E:\EDA_Race\Cangku\new\SigFlow_FPGA\rtl\debug/sf_debug_link.sv:85$542_Y [12:7] $flatten\u_link.$shl$E:\EDA_Race\Cangku\new\SigFlow_FPGA\rtl\debug/sf_debug_link.sv:85$542_Y [5:2] } = { $flatten\u_link.$shl$E:\EDA_Race\Cangku\new\SigFlow_FPGA\rtl\debug/sf_debug_link.sv:85$538_Y [11:6] $flatten\u_link.$shl$E:\EDA_Race\Cangku\new\SigFlow_FPGA\rtl\debug/sf_debug_link.sv:85$538_Y [4:1] }
    Consolidated identical input bits for $mux cell $flatten\u_link.$ternary$E:\EDA_Race\Cangku\new\SigFlow_FPGA\rtl\debug/sf_debug_link.sv:85$537:
      Old ports: A={ $flatten\u_link.$shl$E:\EDA_Race\Cangku\new\SigFlow_FPGA\rtl\debug/sf_debug_link.sv:85$534_Y [12:1] 1'0 }, B={ $auto$opt_expr.cc:206:group_cell_inputs$5566 [1] $flatten\u_link.$shl$E:\EDA_Race\Cangku\new\SigFlow_FPGA\rtl\debug/sf_debug_link.sv:85$534_Y [11:6] $auto$opt_expr.cc:206:group_cell_inputs$5566 [0] $flatten\u_link.$shl$E:\EDA_Race\Cangku\new\SigFlow_FPGA\rtl\debug/sf_debug_link.sv:85$534_Y [4:1] 1'1 }, Y=$flatten\u_link.$shl$E:\EDA_Race\Cangku\new\SigFlow_FPGA\rtl\debug/sf_debug_link.sv:85$538_Y [13:1]
      New ports: A={ $flatten\u_link.$shl$E:\EDA_Race\Cangku\new\SigFlow_FPGA\rtl\debug/sf_debug_link.sv:85$534_Y [12] $flatten\u_link.$shl$E:\EDA_Race\Cangku\new\SigFlow_FPGA\rtl\debug/sf_debug_link.sv:85$534_Y [5] 1'0 }, B={ $auto$opt_expr.cc:206:group_cell_inputs$5566 1'1 }, Y={ $flatten\u_link.$shl$E:\EDA_Race\Cangku\new\SigFlow_FPGA\rtl\debug/sf_debug_link.sv:85$538_Y [13] $flatten\u_link.$shl$E:\EDA_Race\Cangku\new\SigFlow_FPGA\rtl\debug/sf_debug_link.sv:85$538_Y [6] $flatten\u_link.$shl$E:\EDA_Race\Cangku\new\SigFlow_FPGA\rtl\debug/sf_debug_link.sv:85$538_Y [1] }
      New connections: { $flatten\u_link.$shl$E:\EDA_Race\Cangku\new\SigFlow_FPGA\rtl\debug/sf_debug_link.sv:85$538_Y [12:7] $flatten\u_link.$shl$E:\EDA_Race\Cangku\new\SigFlow_FPGA\rtl\debug/sf_debug_link.sv:85$538_Y [5:2] } = { $flatten\u_link.$shl$E:\EDA_Race\Cangku\new\SigFlow_FPGA\rtl\debug/sf_debug_link.sv:85$534_Y [11:6] $flatten\u_link.$shl$E:\EDA_Race\Cangku\new\SigFlow_FPGA\rtl\debug/sf_debug_link.sv:85$534_Y [4:1] }
    Consolidated identical input bits for $mux cell $flatten\u_link.\u_uart.$procmux$3463:
      Old ports: A={ 1'1 \u_link.tx_byte 1'0 }, B={ 1'1 \u_link.u_uart.tx_shift [9:1] }, Y=$flatten\u_link.\u_uart.$0\tx_shift[9:0]
      New ports: A={ \u_link.tx_byte 1'0 }, B=\u_link.u_uart.tx_shift [9:1], Y=$flatten\u_link.\u_uart.$0\tx_shift[9:0] [8:0]
      New connections: $flatten\u_link.\u_uart.$0\tx_shift[9:0] [9] = 1'1
  Optimizing cells in module \sf_debug_top.
    Consolidated identical input bits for $mux cell $flatten\u_link.$procmux$3252:
      Old ports: A=2'00, B=$auto$wreduce.cc:514:run$4946 [1:0], Y=$auto$wreduce.cc:514:run$4947 [1:0]
      New ports: A=1'0, B=$auto$wreduce.cc:514:run$4946 [0], Y=$auto$wreduce.cc:514:run$4947 [0]
      New connections: $auto$wreduce.cc:514:run$4947 [1] = $auto$wreduce.cc:514:run$4947 [0]
    Consolidated identical input bits for $mux cell $flatten\u_link.$procmux$3295:
      Old ports: A=5'00000, B=$flatten\u_link.$procmux$3289_Y, Y=$flatten\u_link.$procmux$3295_Y
      New ports: A=4'0000, B=$flatten\u_link.$procmux$3289_Y [3:0], Y=$flatten\u_link.$procmux$3295_Y [3:0]
      New connections: $flatten\u_link.$procmux$3295_Y [4] = 1'0
    Consolidated identical input bits for $pmux cell $flatten\u_link.$procmux$3289:
      Old ports: A=4'1010, B={ $auto$wreduce.cc:514:run$4956 [3:0] $auto$wreduce.cc:514:run$4955 [3:0] }, Y=$flatten\u_link.$procmux$3289_Y [3:0]
      New ports: A=3'110, B={ $auto$wreduce.cc:514:run$4956 [1] $auto$wreduce.cc:514:run$4956 [1] 1'0 $auto$wreduce.cc:514:run$4955 [3] 1'1 $auto$wreduce.cc:514:run$4955 [0] }, Y={ $flatten\u_link.$procmux$3289_Y [3] $flatten\u_link.$procmux$3289_Y [1:0] }
      New connections: $flatten\u_link.$procmux$3289_Y [2] = $flatten\u_link.$procmux$3289_Y [0]
  Optimizing cells in module \sf_debug_top.
    Consolidated identical input bits for $mux cell $flatten\u_link.$procmux$3295:
      Old ports: A=4'0000, B=$flatten\u_link.$procmux$3289_Y [3:0], Y=$flatten\u_link.$procmux$3295_Y [3:0]
      New ports: A=3'000, B={ $flatten\u_link.$procmux$3289_Y [3] $flatten\u_link.$procmux$3289_Y [1:0] }, Y={ $flatten\u_link.$procmux$3295_Y [3] $flatten\u_link.$procmux$3295_Y [1:0] }
      New connections: $flatten\u_link.$procmux$3295_Y [2] = $flatten\u_link.$procmux$3295_Y [0]
  Optimizing cells in module \sf_debug_top.
Performed a total of 40 changes.

9.32.5. Executing OPT_MERGE pass (detect identical cells).
Finding identical cells in module `\sf_debug_top'.
Computing hashes of 613 cells of `\sf_debug_top'.
Finding duplicate cells in `\sf_debug_top'.
Removed a total of 0 cells.

9.32.6. Executing OPT_DFF pass (perform DFF optimizations).

9.32.7. Executing OPT_CLEAN pass (remove unused cells and wires).
Finding unused cells or wires in module \sf_debug_top..
Removed 0 unused cells and 6 unused wires.
<suppressed ~1 debug messages>

9.32.8. Executing OPT_EXPR pass (perform const folding).
Optimizing module sf_debug_top.

9.32.9. Rerunning OPT passes. (Maybe there is more to do..)

9.32.10. Executing OPT_MUXTREE pass (detect dead branches in mux trees).
Running muxtree optimizer on module \sf_debug_top..
  Creating internal representation of mux trees.
  Evaluating internal representation of mux trees.
  Analyzing evaluation results.
Removed 0 multiplexer ports.
<suppressed ~147 debug messages>

9.32.11. Executing OPT_REDUCE pass (consolidate $*mux and $reduce_* inputs).
  Optimizing cells in module \sf_debug_top.
Performed a total of 0 changes.

9.32.12. Executing OPT_MERGE pass (detect identical cells).
Finding identical cells in module `\sf_debug_top'.
Computing hashes of 613 cells of `\sf_debug_top'.
Finding duplicate cells in `\sf_debug_top'.
Removed a total of 0 cells.

9.32.13. Executing OPT_DFF pass (perform DFF optimizations).
Setting constant 1-bit at position 8 on $auto$ff.cc:337:slice$5632 ($dffe) from module sf_debug_top.
Setting constant 0-bit at position 4 on $auto$ff.cc:337:slice$5627 ($sdffce) from module sf_debug_top.
Setting constant 0-bit at position 5 on $auto$ff.cc:337:slice$5627 ($sdffce) from module sf_debug_top.
Setting constant 0-bit at position 6 on $auto$ff.cc:337:slice$5627 ($sdffce) from module sf_debug_top.
Setting constant 0-bit at position 7 on $auto$ff.cc:337:slice$5627 ($sdffce) from module sf_debug_top.
Setting constant 0-bit at position 5 on $auto$ff.cc:337:slice$5626 ($sdffce) from module sf_debug_top.
Setting constant 0-bit at position 6 on $auto$ff.cc:337:slice$5626 ($sdffce) from module sf_debug_top.
Setting constant 0-bit at position 7 on $auto$ff.cc:337:slice$5626 ($sdffce) from module sf_debug_top.
Setting constant 0-bit at position 4 on $auto$ff.cc:337:slice$5625 ($sdffce) from module sf_debug_top.
Setting constant 0-bit at position 5 on $auto$ff.cc:337:slice$5625 ($sdffce) from module sf_debug_top.
Setting constant 0-bit at position 6 on $auto$ff.cc:337:slice$5625 ($sdffce) from module sf_debug_top.
Setting constant 0-bit at position 7 on $auto$ff.cc:337:slice$5625 ($sdffce) from module sf_debug_top.

9.32.14. Executing OPT_CLEAN pass (remove unused cells and wires).
Finding unused cells or wires in module \sf_debug_top..

9.32.15. Executing OPT_EXPR pass (perform const folding).
Optimizing module sf_debug_top.
<suppressed ~18 debug messages>

9.32.16. Rerunning OPT passes. (Maybe there is more to do..)

9.32.17. Executing OPT_MUXTREE pass (detect dead branches in mux trees).
Running muxtree optimizer on module \sf_debug_top..
  Creating internal representation of mux trees.
  Evaluating internal representation of mux trees.
  Analyzing evaluation results.
Removed 0 multiplexer ports.
<suppressed ~147 debug messages>

9.32.18. Executing OPT_REDUCE pass (consolidate $*mux and $reduce_* inputs).
  Optimizing cells in module \sf_debug_top.
Performed a total of 0 changes.

9.32.19. Executing OPT_MERGE pass (detect identical cells).
Finding identical cells in module `\sf_debug_top'.
Computing hashes of 613 cells of `\sf_debug_top'.
Finding duplicate cells in `\sf_debug_top'.
Removed a total of 0 cells.

9.32.20. Executing OPT_DFF pass (perform DFF optimizations).
Adding SRST signal on $auto$ff.cc:337:slice$5656 ($dffe) from module sf_debug_top (D = \u_link.tx_byte [7], Q = \u_link.u_uart.tx_shift [8], rval = 1'1).

9.32.21. Executing OPT_CLEAN pass (remove unused cells and wires).
Finding unused cells or wires in module \sf_debug_top..
Removed 0 unused cells and 4 unused wires.
<suppressed ~1 debug messages>

9.32.22. Executing OPT_EXPR pass (perform const folding).
Optimizing module sf_debug_top.

9.32.23. Rerunning OPT passes. (Maybe there is more to do..)

9.32.24. Executing OPT_MUXTREE pass (detect dead branches in mux trees).
Running muxtree optimizer on module \sf_debug_top..
  Creating internal representation of mux trees.
  Evaluating internal representation of mux trees.
  Analyzing evaluation results.
Removed 0 multiplexer ports.
<suppressed ~147 debug messages>

9.32.25. Executing OPT_REDUCE pass (consolidate $*mux and $reduce_* inputs).
  Optimizing cells in module \sf_debug_top.
Performed a total of 0 changes.

9.32.26. Executing OPT_MERGE pass (detect identical cells).
Finding identical cells in module `\sf_debug_top'.
Computing hashes of 614 cells of `\sf_debug_top'.
Finding duplicate cells in `\sf_debug_top'.
Removed a total of 0 cells.

9.32.27. Executing OPT_DFF pass (perform DFF optimizations).
Setting constant 0-bit at position 6 on $auto$ff.cc:337:slice$4858 ($dffe) from module sf_debug_top.
Setting constant 0-bit at position 7 on $auto$ff.cc:337:slice$4858 ($dffe) from module sf_debug_top.

9.32.28. Executing OPT_CLEAN pass (remove unused cells and wires).
Finding unused cells or wires in module \sf_debug_top..

9.32.29. Executing OPT_EXPR pass (perform const folding).
Optimizing module sf_debug_top.

9.32.30. Rerunning OPT passes. (Maybe there is more to do..)

9.32.31. Executing OPT_MUXTREE pass (detect dead branches in mux trees).
Running muxtree optimizer on module \sf_debug_top..
  Creating internal representation of mux trees.
  Evaluating internal representation of mux trees.
  Analyzing evaluation results.
Removed 0 multiplexer ports.
<suppressed ~147 debug messages>

9.32.32. Executing OPT_REDUCE pass (consolidate $*mux and $reduce_* inputs).
  Optimizing cells in module \sf_debug_top.
Performed a total of 0 changes.

9.32.33. Executing OPT_MERGE pass (detect identical cells).
Finding identical cells in module `\sf_debug_top'.
Computing hashes of 614 cells of `\sf_debug_top'.
Finding duplicate cells in `\sf_debug_top'.
Removed a total of 0 cells.

9.32.34. Executing OPT_DFF pass (perform DFF optimizations).

9.32.35. Executing OPT_CLEAN pass (remove unused cells and wires).
Finding unused cells or wires in module \sf_debug_top..

9.32.36. Executing OPT_EXPR pass (perform const folding).
Optimizing module sf_debug_top.

9.32.37. Finished fast OPT passes. (There is nothing left to do.)

9.33. Executing TECHMAP pass (map to technology primitives).

9.33.1. Executing Verilog-2005 frontend: E:\EDA_Race\Cangku\new\SigFlow_FPGA_Cmake\external\fpga-tools\runtime\yosys\bin\..\share\techmap.v
Parsing Verilog input from `E:\EDA_Race\Cangku\new\SigFlow_FPGA_Cmake\external\fpga-tools\runtime\yosys\bin\..\share\techmap.v' to AST representation.
Generating RTLIL representation for module `\_90_simplemap_bool_ops'.
Generating RTLIL representation for module `\_90_simplemap_reduce_ops'.
Generating RTLIL representation for module `\_90_simplemap_logic_ops'.
Generating RTLIL representation for module `\_90_simplemap_compare_ops'.
Generating RTLIL representation for module `\_90_simplemap_various'.
Generating RTLIL representation for module `\_90_simplemap_registers'.
Generating RTLIL representation for module `\_90_shift_ops_shr_shl_sshl_sshr'.
Generating RTLIL representation for module `\_90_shift_shiftx'.
Generating RTLIL representation for module `\_90_fa'.
Generating RTLIL representation for module `\_90_lcu_brent_kung'.
Generating RTLIL representation for module `\_90_alu'.
Generating RTLIL representation for module `\_90_macc'.
Generating RTLIL representation for module `\_90_alumacc'.
Generating RTLIL representation for module `$__div_mod_u'.
Generating RTLIL representation for module `$__div_mod_trunc'.
Generating RTLIL representation for module `\_90_div'.
Generating RTLIL representation for module `\_90_mod'.
Generating RTLIL representation for module `$__div_mod_floor'.
Generating RTLIL representation for module `\_90_divfloor'.
Generating RTLIL representation for module `\_90_modfloor'.
Generating RTLIL representation for module `\_90_pow'.
Generating RTLIL representation for module `\_90_demux'.
Generating RTLIL representation for module `\_90_lut'.
Generating RTLIL representation for module `$connect'.
Generating RTLIL representation for module `$input_port'.
Successfully finished Verilog frontend.

9.33.2. Executing Verilog-2005 frontend: E:\EDA_Race\Cangku\new\SigFlow_FPGA_Cmake\external\fpga-tools\runtime\yosys\bin\..\share\gowin/arith_map.v
Parsing Verilog input from `E:\EDA_Race\Cangku\new\SigFlow_FPGA_Cmake\external\fpga-tools\runtime\yosys\bin\..\share\gowin/arith_map.v' to AST representation.
Generating RTLIL representation for module `\_80_gw1n_alu'.
Successfully finished Verilog frontend.

9.33.3. Continuing TECHMAP pass.
Using extmapper simplemap for cells of type $dffe.
Using extmapper simplemap for cells of type $sdffce.
Using template $paramod$b18e16801adf491a64caa0542270798e5d4ac6b6\_80_gw1n_alu for cells of type $alu.
Using template $paramod$00298f3f8094950cb9a5ff2fda48d0d8bde8806c\_80_gw1n_alu for cells of type $alu.
Using extmapper simplemap for cells of type $reduce_or.
Using extmapper simplemap for cells of type $dff.
Using extmapper simplemap for cells of type $not.
Using extmapper simplemap for cells of type $sdffe.
Using extmapper simplemap for cells of type $reduce_and.
Using extmapper simplemap for cells of type $and.
Using extmapper simplemap for cells of type $xor.
Using extmapper simplemap for cells of type $mux.
Using extmapper simplemap for cells of type $eq.
Using template $paramod$050f15daba5036a0512adf25d3c6631f629623f7\_80_gw1n_alu for cells of type $alu.
Using template $paramod$32a7b7b86c07519b7537abc18e96f0331f97914d\_80_gw1n_alu for cells of type $alu.
Using template $paramod$c3cd1564c35d873179656addd6052d7ea8b6d991\_80_gw1n_alu for cells of type $alu.
Using template $paramod$32efbfac1c4dc57230cf86180788fdfd12e3b511\_80_gw1n_alu for cells of type $alu.
Using template $paramod$2af30114e9bd4ccb04dad757b3f0a8f6bf0615b0\_80_gw1n_alu for cells of type $alu.
Using template $paramod$6a42b6fefed750f8a1c58eab59479d960557103c\_80_gw1n_alu for cells of type $alu.
Using template $paramod$403a3c2fa431a154c52a6a5429d7a6260b5d144f\_80_gw1n_alu for cells of type $alu.
Using template $paramod$a1665ef28c749ebcdbe9aecd466e644647b56463\_80_gw1n_alu for cells of type $alu.
Using template $paramod$754650b284649a026620fc6856e5b6886cbfe794\_80_gw1n_alu for cells of type $alu.
Using extmapper simplemap for cells of type $or.
Using template $paramod$a1bc51c02ce12ac21eb18988e83292af48ed7d72\_80_gw1n_alu for cells of type $alu.
Using template $paramod$6df0329addda9228fcc2546de2aaf14ad26c98e1\_80_gw1n_alu for cells of type $alu.
Using template $paramod$a04dd9d4d8b430140c4ff94b50470fb380fda2a0\_80_gw1n_alu for cells of type $alu.
Using template $paramod$403e3b916c6203cefc86d5db164f41811de6a0e8\_80_gw1n_alu for cells of type $alu.
Using template $paramod$d432a0e4c9d3dc39a080b8856b238e9f4635c899\_80_gw1n_alu for cells of type $alu.
Using template $paramod$0b2756a5d86e3fad2b86338f6ccaf8e22cbf8b24\_80_gw1n_alu for cells of type $alu.
Using template $paramod$fc972a7a46956c1788f3cb5257b53c8f1df2d0cc\_90_alu for cells of type $alu.
Using extmapper maccmap for cells of type $macc_v2.
  add \u_link.enc_scan (8 bits, unsigned)
  sub \u_link.enc_src (8 bits, unsigned)
  add 8'00000001 (8 bits, unsigned)
Using extmapper simplemap for cells of type $sdff.
Using extmapper simplemap for cells of type $ne.
Using extmapper simplemap for cells of type $reduce_bool.
Using extmapper simplemap for cells of type $adffe.
Using extmapper simplemap for cells of type $logic_not.
Using extmapper simplemap for cells of type $logic_and.
Using extmapper simplemap for cells of type $pmux.
Using extmapper simplemap for cells of type $logic_or.
Using extmapper simplemap for cells of type $adff.
Using template $paramod$constmap:b13e0962bfc2f4c07324200cdc8c1bf21cdc1f5c$paramod$3e9aa5f6b7ad2b020647b46df1e4d7b7b7fa111e\_90_shift_shiftx for cells of type $shiftx.
Using template $paramod\_90_fa\WIDTH=32'00000000000000000000000000001000 for cells of type $fa.
Using extmapper simplemap for cells of type $pos.
Using template $paramod\_90_fa\WIDTH=32'00000000000000000000000000000001 for cells of type $fa.
Using template $paramod\_90_lcu_brent_kung\WIDTH=32'00000000000000000000000000000001 for cells of type $lcu.
No more expansions possible.
<suppressed ~1937 debug messages>

9.34. Executing OPT pass (performing simple optimizations).

9.34.1. Executing OPT_EXPR pass (perform const folding).
Optimizing module sf_debug_top.
<suppressed ~2796 debug messages>

9.34.2. Executing OPT_MERGE pass (detect identical cells).
Finding identical cells in module `\sf_debug_top'.
Computing hashes of 4346 cells of `\sf_debug_top'.
Finding duplicate cells in `\sf_debug_top'.
Computing hashes of 3948 cells of `\sf_debug_top'.
Finding duplicate cells in `\sf_debug_top'.
Computing hashes of 3781 cells of `\sf_debug_top'.
Finding duplicate cells in `\sf_debug_top'.
Computing hashes of 3775 cells of `\sf_debug_top'.
Finding duplicate cells in `\sf_debug_top'.
Computing hashes of 3771 cells of `\sf_debug_top'.
Finding duplicate cells in `\sf_debug_top'.
<suppressed ~1725 debug messages>
Removed a total of 575 cells.

9.34.3. Executing OPT_DFF pass (perform DFF optimizations).
Adding SRST signal on $auto$ff.cc:337:slice$7310 ($_DFFE_PP_) from module sf_debug_top (D = $auto$simplemap.cc:189:logic_reduce$11642, Q = \u_link.tx_byte [7], rval = 1'0).
Adding SRST signal on $auto$ff.cc:337:slice$7275 ($_DFFE_PP_) from module sf_debug_top (D = $auto$simplemap.cc:189:logic_reduce$11237, Q = \u_link.state [4], rval = 1'0).
Adding SRST signal on $auto$ff.cc:337:slice$6816 ($_DFFE_PP_) from module sf_debug_top (D = $auto$simplemap.cc:189:logic_reduce$10498, Q = \u_link.enc_scan [7], rval = 1'0).
Adding SRST signal on $auto$ff.cc:337:slice$5780 ($_SDFFCE_PP1P_) from module sf_debug_top (D = $auto$simplemap.cc:189:logic_reduce$10631, Q = \u_link.response_type [2], rval = 1'1).
Adding SRST signal on $auto$ff.cc:337:slice$5789 ($_SDFFCE_PP0P_) from module sf_debug_top (D = $auto$simplemap.cc:189:logic_reduce$10535, Q = \u_link.response_data_len [2], rval = 1'0).
Adding SRST signal on $auto$ff.cc:337:slice$6809 ($_DFFE_PP_) from module sf_debug_top (D = $auto$simplemap.cc:189:logic_reduce$10449, Q = \u_link.enc_scan [0], rval = 1'0).
Adding SRST signal on $auto$ff.cc:337:slice$6810 ($_DFFE_PP_) from module sf_debug_top (D = $auto$simplemap.cc:189:logic_reduce$10456, Q = \u_link.enc_scan [1], rval = 1'0).
Adding SRST signal on $auto$ff.cc:337:slice$6811 ($_DFFE_PP_) from module sf_debug_top (D = $auto$simplemap.cc:189:logic_reduce$10463, Q = \u_link.enc_scan [2], rval = 1'0).
Adding SRST signal on $auto$ff.cc:337:slice$6812 ($_DFFE_PP_) from module sf_debug_top (D = $auto$simplemap.cc:189:logic_reduce$10470, Q = \u_link.enc_scan [3], rval = 1'0).
Adding SRST signal on $auto$ff.cc:337:slice$6813 ($_DFFE_PP_) from module sf_debug_top (D = $auto$simplemap.cc:189:logic_reduce$10477, Q = \u_link.enc_scan [4], rval = 1'0).
Adding SRST signal on $auto$ff.cc:337:slice$6814 ($_DFFE_PP_) from module sf_debug_top (D = $auto$simplemap.cc:189:logic_reduce$10484, Q = \u_link.enc_scan [5], rval = 1'0).
Adding SRST signal on $auto$ff.cc:337:slice$6815 ($_DFFE_PP_) from module sf_debug_top (D = $auto$simplemap.cc:189:logic_reduce$10491, Q = \u_link.enc_scan [6], rval = 1'0).
Adding SRST signal on $auto$ff.cc:337:slice$7271 ($_DFFE_PP_) from module sf_debug_top (D = $auto$simplemap.cc:189:logic_reduce$11029, Q = \u_link.state [0], rval = 1'0).
Adding SRST signal on $auto$ff.cc:337:slice$7272 ($_DFFE_PP_) from module sf_debug_top (D = $auto$simplemap.cc:189:logic_reduce$11081, Q = \u_link.state [1], rval = 1'0).
Adding SRST signal on $auto$ff.cc:337:slice$7273 ($_DFFE_PP_) from module sf_debug_top (D = $auto$simplemap.cc:189:logic_reduce$11133, Q = \u_link.state [2], rval = 1'0).
Adding SRST signal on $auto$ff.cc:337:slice$7274 ($_DFFE_PP_) from module sf_debug_top (D = $auto$simplemap.cc:189:logic_reduce$11185, Q = \u_link.state [3], rval = 1'0).
Adding SRST signal on $auto$ff.cc:337:slice$7303 ($_DFFE_PP_) from module sf_debug_top (D = $auto$simplemap.cc:189:logic_reduce$11593, Q = \u_link.tx_byte [0], rval = 1'0).
Adding SRST signal on $auto$ff.cc:337:slice$7304 ($_DFFE_PP_) from module sf_debug_top (D = $auto$simplemap.cc:189:logic_reduce$11600, Q = \u_link.tx_byte [1], rval = 1'0).
Adding SRST signal on $auto$ff.cc:337:slice$7305 ($_DFFE_PP_) from module sf_debug_top (D = $auto$simplemap.cc:189:logic_reduce$11607, Q = \u_link.tx_byte [2], rval = 1'0).
Adding SRST signal on $auto$ff.cc:337:slice$7306 ($_DFFE_PP_) from module sf_debug_top (D = $auto$simplemap.cc:189:logic_reduce$11614, Q = \u_link.tx_byte [3], rval = 1'0).
Adding SRST signal on $auto$ff.cc:337:slice$7307 ($_DFFE_PP_) from module sf_debug_top (D = $auto$simplemap.cc:189:logic_reduce$11621, Q = \u_link.tx_byte [4], rval = 1'0).
Adding SRST signal on $auto$ff.cc:337:slice$7308 ($_DFFE_PP_) from module sf_debug_top (D = $auto$simplemap.cc:189:logic_reduce$11628, Q = \u_link.tx_byte [5], rval = 1'0).
Adding SRST signal on $auto$ff.cc:337:slice$7309 ($_DFFE_PP_) from module sf_debug_top (D = $auto$simplemap.cc:189:logic_reduce$11635, Q = \u_link.tx_byte [6], rval = 1'0).

9.34.4. Executing OPT_CLEAN pass (remove unused cells and wires).
Finding unused cells or wires in module \sf_debug_top..
Removed 292 unused cells and 2517 unused wires.
<suppressed ~293 debug messages>

9.34.5. Rerunning OPT passes. (Removed registers in this run.)

9.34.6. Executing OPT_EXPR pass (perform const folding).
Optimizing module sf_debug_top.
<suppressed ~2 debug messages>

9.34.7. Executing OPT_MERGE pass (detect identical cells).
Finding identical cells in module `\sf_debug_top'.
Computing hashes of 3481 cells of `\sf_debug_top'.
Finding duplicate cells in `\sf_debug_top'.
Computing hashes of 3480 cells of `\sf_debug_top'.
Finding duplicate cells in `\sf_debug_top'.
Computing hashes of 3479 cells of `\sf_debug_top'.
Finding duplicate cells in `\sf_debug_top'.
<suppressed ~6 debug messages>
Removed a total of 2 cells.

9.34.8. Executing OPT_DFF pass (perform DFF optimizations).
Adding SRST signal on $auto$ff.cc:337:slice$5787 ($_SDFFCE_PP0P_) from module sf_debug_top (D = $auto$simplemap.cc:189:logic_reduce$10501, Q = \u_link.response_data_len [0], rval = 1'0).

9.34.9. Executing OPT_CLEAN pass (remove unused cells and wires).
Finding unused cells or wires in module \sf_debug_top..
Removed 1 unused cells and 5 unused wires.
<suppressed ~2 debug messages>

9.34.10. Rerunning OPT passes. (Removed registers in this run.)

9.34.11. Executing OPT_EXPR pass (perform const folding).
Optimizing module sf_debug_top.

9.34.12. Executing OPT_MERGE pass (detect identical cells).
Finding identical cells in module `\sf_debug_top'.
Computing hashes of 3480 cells of `\sf_debug_top'.
Finding duplicate cells in `\sf_debug_top'.
Computing hashes of 3479 cells of `\sf_debug_top'.
Finding duplicate cells in `\sf_debug_top'.
Computing hashes of 3478 cells of `\sf_debug_top'.
Finding duplicate cells in `\sf_debug_top'.
<suppressed ~6 debug messages>
Removed a total of 2 cells.

9.34.13. Executing OPT_DFF pass (perform DFF optimizations).

9.34.14. Executing OPT_CLEAN pass (remove unused cells and wires).
Finding unused cells or wires in module \sf_debug_top..
Removed 0 unused cells and 2 unused wires.
<suppressed ~1 debug messages>

9.34.15. Finished fast OPT passes.

9.35. Executing IOPADMAP pass (mapping inputs/outputs to IO-PAD cells).
Mapping port sf_debug_top.clk using IBUF.
Mapping port sf_debug_top.dbg_rx using IBUF.
Mapping port sf_debug_top.dbg_tx using OBUF.
Mapping port sf_debug_top.led using OBUF.
Mapping port sf_debug_top.rst_n using IBUF.
Mapping port sf_debug_top.uart_tx using OBUF.

9.36. Executing OPT_CLEAN pass (remove unused cells and wires).
Finding unused cells or wires in module \sf_debug_top..
Removed 0 unused cells and 6 unused wires.
<suppressed ~1 debug messages>

9.37. Executing DFFLEGALIZE pass (convert FFs to types supported by the target).

9.38. Executing TECHMAP pass (map to technology primitives).

9.38.1. Executing Verilog-2005 frontend: E:\EDA_Race\Cangku\new\SigFlow_FPGA_Cmake\external\fpga-tools\runtime\yosys\bin\..\share\gowin/cells_map.v
Parsing Verilog input from `E:\EDA_Race\Cangku\new\SigFlow_FPGA_Cmake\external\fpga-tools\runtime\yosys\bin\..\share\gowin/cells_map.v' to AST representation.
Generating RTLIL representation for module `$_DFF_N_'.
Generating RTLIL representation for module `$_DFF_P_'.
Generating RTLIL representation for module `$_DFFE_PP_'.
Generating RTLIL representation for module `$_DFFE_NP_'.
Generating RTLIL representation for module `$_SDFF_PP0_'.
Generating RTLIL representation for module `$_SDFF_NP0_'.
Generating RTLIL representation for module `$_SDFFE_PP0P_'.
Generating RTLIL representation for module `$_SDFFE_NP0P_'.
Generating RTLIL representation for module `$_SDFF_PP1_'.
Generating RTLIL representation for module `$_SDFF_NP1_'.
Generating RTLIL representation for module `$_SDFFE_PP1P_'.
Generating RTLIL representation for module `$_SDFFE_NP1P_'.
Generating RTLIL representation for module `$_DFF_PP1_'.
Generating RTLIL representation for module `$_DFF_NP1_'.
Generating RTLIL representation for module `$_DFF_PP0_'.
Generating RTLIL representation for module `$_DFF_NP0_'.
Generating RTLIL representation for module `$_DFFE_PP1P_'.
Generating RTLIL representation for module `$_DFFE_NP1P_'.
Generating RTLIL representation for module `$_DFFE_PP0P_'.
Generating RTLIL representation for module `$_DFFE_NP0P_'.
Generating RTLIL representation for module `$lut'.
Successfully finished Verilog frontend.

9.38.2. Continuing TECHMAP pass.
Using template $_SDFFE_PP0P_ for cells of type $_SDFFE_PP0P_.
Using template $_SDFFE_PP1P_ for cells of type $_SDFFE_PP1P_.
Using template $_DFF_PP0_ for cells of type $_DFF_PP0_.
Using template $_DFF_P_ for cells of type $_DFF_P_.
Using template $_DFFE_PP_ for cells of type $_DFFE_PP_.
Using template $_SDFF_PP0_ for cells of type $_SDFF_PP0_.
Using template $_DFFE_PP1P_ for cells of type $_DFFE_PP1P_.
Using template $_DFFE_PP0P_ for cells of type $_DFFE_PP0P_.
Using template $_SDFF_PP1_ for cells of type $_SDFF_PP1_.
No more expansions possible.
<suppressed ~564 debug messages>

9.39. Executing TECHMAP pass (map to technology primitives).

9.39.1. Executing Verilog-2005 frontend: E:\EDA_Race\Cangku\new\SigFlow_FPGA_Cmake\external\fpga-tools\runtime\yosys\bin\..\share\gowin/cells_latch.v
Parsing Verilog input from `E:\EDA_Race\Cangku\new\SigFlow_FPGA_Cmake\external\fpga-tools\runtime\yosys\bin\..\share\gowin/cells_latch.v' to AST representation.
Generating RTLIL representation for module `$_DLATCH_P_'.
Generating RTLIL representation for module `$_DLATCH_N_'.
Generating RTLIL representation for module `$_DLATCH_PP0_'.
Generating RTLIL representation for module `$_DLATCH_NP0_'.
Generating RTLIL representation for module `$_DLATCH_PP1_'.
Generating RTLIL representation for module `$_DLATCH_NP1_'.
Successfully finished Verilog frontend.

9.39.2. Continuing TECHMAP pass.
No more expansions possible.
<suppressed ~8 debug messages>

9.40. Executing OPT_EXPR pass (perform const folding).
Optimizing module sf_debug_top.
<suppressed ~26 debug messages>

9.41. Executing SIMPLEMAP pass (map simple cells to gate primitives).

9.42. Executing SORT pass.

9.43. Executing Verilog-2005 frontend: E:\EDA_Race\Cangku\new\SigFlow_FPGA_Cmake\external\fpga-tools\runtime\yosys\bin\..\share\abc9_model.v
Parsing Verilog input from `E:\EDA_Race\Cangku\new\SigFlow_FPGA_Cmake\external\fpga-tools\runtime\yosys\bin\..\share\abc9_model.v' to AST representation.
Generating RTLIL representation for module `$__ABC9_DELAY'.
Generating RTLIL representation for module `$__ABC9_SCC_BREAKER'.
Generating RTLIL representation for module `$__DFF_N__$abc9_flop'.
Generating RTLIL representation for module `$__DFF_P__$abc9_flop'.
Successfully finished Verilog frontend.

9.44. Executing ABC9 pass.

9.44.1. Executing ABC9_OPS pass (helper functions for ABC9).

9.44.2. Executing ABC9_OPS pass (helper functions for ABC9).

9.44.3. Executing PROC pass (convert processes to netlists).

9.44.3.1. Executing PROC_CLEAN pass (remove empty switches from decision trees).
Found and cleaned up 1 empty switch in `$paramod\ALU\ALU_MODE=s32'00000000000000000000000000000010.$proc$E:\EDA_Race\Cangku\new\SigFlow_FPGA_Cmake\external\fpga-tools\runtime\yosys\bin\..\share\gowin/cells_sim.v:1064$16939'.
Cleaned up 1 empty switch.

9.44.3.2. Executing PROC_RMDEAD pass (remove dead branches from decision trees).
Removed a total of 0 dead cases.

9.44.3.3. Executing PROC_PRUNE pass (remove redundant assignments in processes).
Removed 0 redundant assignments.
Promoted 4 assignments to connections.

9.44.3.4. Executing PROC_INIT pass (extract init attributes).

9.44.3.5. Executing PROC_ARST pass (detect async resets in processes).

9.44.3.6. Executing PROC_ROM pass (convert switches to ROMs).
Converted 0 switches.

9.44.3.7. Executing PROC_MUX pass (convert decision trees to multiplexers).
Creating decoders for process `$paramod\ALU\ALU_MODE=s32'00000000000000000000000000000010.$proc$E:\EDA_Race\Cangku\new\SigFlow_FPGA_Cmake\external\fpga-tools\runtime\yosys\bin\..\share\gowin/cells_sim.v:1064$16939'.

9.44.3.8. Executing PROC_DLATCH pass (convert process syncs to latches).
No latch inferred for signal `$paramod\ALU\ALU_MODE=s32'00000000000000000000000000000010.\C' from process `$paramod\ALU\ALU_MODE=s32'00000000000000000000000000000010.$proc$E:\EDA_Race\Cangku\new\SigFlow_FPGA_Cmake\external\fpga-tools\runtime\yosys\bin\..\share\gowin/cells_sim.v:1064$16939'.
No latch inferred for signal `$paramod\ALU\ALU_MODE=s32'00000000000000000000000000000010.\S' from process `$paramod\ALU\ALU_MODE=s32'00000000000000000000000000000010.$proc$E:\EDA_Race\Cangku\new\SigFlow_FPGA_Cmake\external\fpga-tools\runtime\yosys\bin\..\share\gowin/cells_sim.v:1064$16939'.

9.44.3.9. Executing PROC_DFF pass (convert process syncs to FFs).

9.44.3.10. Executing PROC_MEMWR pass (convert process memory writes to cells).

9.44.3.11. Executing PROC_CLEAN pass (remove empty switches from decision trees).
Removing empty process `$paramod\ALU\ALU_MODE=s32'00000000000000000000000000000010.$proc$E:\EDA_Race\Cangku\new\SigFlow_FPGA_Cmake\external\fpga-tools\runtime\yosys\bin\..\share\gowin/cells_sim.v:1064$16939'.
Cleaned up 0 empty switches.

9.44.4. Executing PROC pass (convert processes to netlists).

9.44.4.1. Executing PROC_CLEAN pass (remove empty switches from decision trees).
Cleaned up 0 empty switches.

9.44.4.2. Executing PROC_RMDEAD pass (remove dead branches from decision trees).
Marked 1 switch rules as full_case in process $proc$E:\EDA_Race\Cangku\new\SigFlow_FPGA_Cmake\external\fpga-tools\runtime\yosys\bin\..\share\gowin/cells_sim.v:328$4108 in module DFFC.
Removed a total of 0 dead cases.

9.44.4.3. Executing PROC_PRUNE pass (remove redundant assignments in processes).
Removed 1 redundant assignment.
Promoted 1 assignment to connection.

9.44.4.4. Executing PROC_INIT pass (extract init attributes).
Found init rule in `\DFFC.$proc$E:\EDA_Race\Cangku\new\SigFlow_FPGA_Cmake\external\fpga-tools\runtime\yosys\bin\..\share\gowin/cells_sim.v:320$4109'.
  Set init value: \Q = 1'0

9.44.4.5. Executing PROC_ARST pass (detect async resets in processes).
Found async reset \CLEAR in `\DFFC.$proc$E:\EDA_Race\Cangku\new\SigFlow_FPGA_Cmake\external\fpga-tools\runtime\yosys\bin\..\share\gowin/cells_sim.v:328$4108'.

9.44.4.6. Executing PROC_ROM pass (convert switches to ROMs).
Converted 0 switches.

9.44.4.7. Executing PROC_MUX pass (convert decision trees to multiplexers).
Creating decoders for process `\DFFC.$proc$E:\EDA_Race\Cangku\new\SigFlow_FPGA_Cmake\external\fpga-tools\runtime\yosys\bin\..\share\gowin/cells_sim.v:320$4109'.
Creating decoders for process `\DFFC.$proc$E:\EDA_Race\Cangku\new\SigFlow_FPGA_Cmake\external\fpga-tools\runtime\yosys\bin\..\share\gowin/cells_sim.v:328$4108'.
     1/1: $0\Q[0:0]

9.44.4.8. Executing PROC_DLATCH pass (convert process syncs to latches).

9.44.4.9. Executing PROC_DFF pass (convert process syncs to FFs).
Creating register for signal `\DFFC.\Q' using process `\DFFC.$proc$E:\EDA_Race\Cangku\new\SigFlow_FPGA_Cmake\external\fpga-tools\runtime\yosys\bin\..\share\gowin/cells_sim.v:328$4108'.
  created $adff cell `$procdff$16946' with positive edge clock and positive level reset.

9.44.4.10. Executing PROC_MEMWR pass (convert process memory writes to cells).

9.44.4.11. Executing PROC_CLEAN pass (remove empty switches from decision trees).
Removing empty process `DFFC.$proc$E:\EDA_Race\Cangku\new\SigFlow_FPGA_Cmake\external\fpga-tools\runtime\yosys\bin\..\share\gowin/cells_sim.v:320$4109'.
Removing empty process `DFFC.$proc$E:\EDA_Race\Cangku\new\SigFlow_FPGA_Cmake\external\fpga-tools\runtime\yosys\bin\..\share\gowin/cells_sim.v:328$4108'.
Cleaned up 0 empty switches.

9.44.5. Executing PROC pass (convert processes to netlists).

9.44.5.1. Executing PROC_CLEAN pass (remove empty switches from decision trees).
Cleaned up 0 empty switches.

9.44.5.2. Executing PROC_RMDEAD pass (remove dead branches from decision trees).
Marked 1 switch rules as full_case in process $proc$E:\EDA_Race\Cangku\new\SigFlow_FPGA_Cmake\external\fpga-tools\runtime\yosys\bin\..\share\gowin/cells_sim.v:348$4110 in module DFFCE.
Removed a total of 0 dead cases.

9.44.5.3. Executing PROC_PRUNE pass (remove redundant assignments in processes).
Removed 0 redundant assignments.
Promoted 1 assignment to connection.

9.44.5.4. Executing PROC_INIT pass (extract init attributes).
Found init rule in `\DFFCE.$proc$E:\EDA_Race\Cangku\new\SigFlow_FPGA_Cmake\external\fpga-tools\runtime\yosys\bin\..\share\gowin/cells_sim.v:339$4111'.
  Set init value: \Q = 1'0

9.44.5.5. Executing PROC_ARST pass (detect async resets in processes).
Found async reset \CLEAR in `\DFFCE.$proc$E:\EDA_Race\Cangku\new\SigFlow_FPGA_Cmake\external\fpga-tools\runtime\yosys\bin\..\share\gowin/cells_sim.v:348$4110'.

9.44.5.6. Executing PROC_ROM pass (convert switches to ROMs).
Converted 0 switches.
<suppressed ~1 debug messages>

9.44.5.7. Executing PROC_MUX pass (convert decision trees to multiplexers).
Creating decoders for process `\DFFCE.$proc$E:\EDA_Race\Cangku\new\SigFlow_FPGA_Cmake\external\fpga-tools\runtime\yosys\bin\..\share\gowin/cells_sim.v:339$4111'.
Creating decoders for process `\DFFCE.$proc$E:\EDA_Race\Cangku\new\SigFlow_FPGA_Cmake\external\fpga-tools\runtime\yosys\bin\..\share\gowin/cells_sim.v:348$4110'.
     1/1: $0\Q[0:0]

9.44.5.8. Executing PROC_DLATCH pass (convert process syncs to latches).

9.44.5.9. Executing PROC_DFF pass (convert process syncs to FFs).
Creating register for signal `\DFFCE.\Q' using process `\DFFCE.$proc$E:\EDA_Race\Cangku\new\SigFlow_FPGA_Cmake\external\fpga-tools\runtime\yosys\bin\..\share\gowin/cells_sim.v:348$4110'.
  created $adff cell `$procdff$16951' with positive edge clock and positive level reset.

9.44.5.10. Executing PROC_MEMWR pass (convert process memory writes to cells).

9.44.5.11. Executing PROC_CLEAN pass (remove empty switches from decision trees).
Removing empty process `DFFCE.$proc$E:\EDA_Race\Cangku\new\SigFlow_FPGA_Cmake\external\fpga-tools\runtime\yosys\bin\..\share\gowin/cells_sim.v:339$4111'.
Found and cleaned up 1 empty switch in `\DFFCE.$proc$E:\EDA_Race\Cangku\new\SigFlow_FPGA_Cmake\external\fpga-tools\runtime\yosys\bin\..\share\gowin/cells_sim.v:348$4110'.
Removing empty process `DFFCE.$proc$E:\EDA_Race\Cangku\new\SigFlow_FPGA_Cmake\external\fpga-tools\runtime\yosys\bin\..\share\gowin/cells_sim.v:348$4110'.
Cleaned up 1 empty switch.

9.44.6. Executing PROC pass (convert processes to netlists).

9.44.6.1. Executing PROC_CLEAN pass (remove empty switches from decision trees).
Cleaned up 0 empty switches.

9.44.6.2. Executing PROC_RMDEAD pass (remove dead branches from decision trees).
Marked 1 switch rules as full_case in process $proc$E:\EDA_Race\Cangku\new\SigFlow_FPGA_Cmake\external\fpga-tools\runtime\yosys\bin\..\share\gowin/cells_sim.v:309$4106 in module DFFPE.
Removed a total of 0 dead cases.

9.44.6.3. Executing PROC_PRUNE pass (remove redundant assignments in processes).
Removed 0 redundant assignments.
Promoted 1 assignment to connection.

9.44.6.4. Executing PROC_INIT pass (extract init attributes).
Found init rule in `\DFFPE.$proc$E:\EDA_Race\Cangku\new\SigFlow_FPGA_Cmake\external\fpga-tools\runtime\yosys\bin\..\share\gowin/cells_sim.v:300$4107'.
  Set init value: \Q = 1'1

9.44.6.5. Executing PROC_ARST pass (detect async resets in processes).
Found async reset \PRESET in `\DFFPE.$proc$E:\EDA_Race\Cangku\new\SigFlow_FPGA_Cmake\external\fpga-tools\runtime\yosys\bin\..\share\gowin/cells_sim.v:309$4106'.

9.44.6.6. Executing PROC_ROM pass (convert switches to ROMs).
Converted 0 switches.
<suppressed ~1 debug messages>

9.44.6.7. Executing PROC_MUX pass (convert decision trees to multiplexers).
Creating decoders for process `\DFFPE.$proc$E:\EDA_Race\Cangku\new\SigFlow_FPGA_Cmake\external\fpga-tools\runtime\yosys\bin\..\share\gowin/cells_sim.v:300$4107'.
Creating decoders for process `\DFFPE.$proc$E:\EDA_Race\Cangku\new\SigFlow_FPGA_Cmake\external\fpga-tools\runtime\yosys\bin\..\share\gowin/cells_sim.v:309$4106'.
     1/1: $0\Q[0:0]

9.44.6.8. Executing PROC_DLATCH pass (convert process syncs to latches).

9.44.6.9. Executing PROC_DFF pass (convert process syncs to FFs).
Creating register for signal `\DFFPE.\Q' using process `\DFFPE.$proc$E:\EDA_Race\Cangku\new\SigFlow_FPGA_Cmake\external\fpga-tools\runtime\yosys\bin\..\share\gowin/cells_sim.v:309$4106'.
  created $adff cell `$procdff$16956' with positive edge clock and positive level reset.

9.44.6.10. Executing PROC_MEMWR pass (convert process memory writes to cells).

9.44.6.11. Executing PROC_CLEAN pass (remove empty switches from decision trees).
Removing empty process `DFFPE.$proc$E:\EDA_Race\Cangku\new\SigFlow_FPGA_Cmake\external\fpga-tools\runtime\yosys\bin\..\share\gowin/cells_sim.v:300$4107'.
Found and cleaned up 1 empty switch in `\DFFPE.$proc$E:\EDA_Race\Cangku\new\SigFlow_FPGA_Cmake\external\fpga-tools\runtime\yosys\bin\..\share\gowin/cells_sim.v:309$4106'.
Removing empty process `DFFPE.$proc$E:\EDA_Race\Cangku\new\SigFlow_FPGA_Cmake\external\fpga-tools\runtime\yosys\bin\..\share\gowin/cells_sim.v:309$4106'.
Cleaned up 1 empty switch.

9.44.7. Executing SCC pass (detecting logic loops).
Found 0 SCCs in module sf_debug_top.
Found 0 SCCs.

9.44.8. Executing ABC9_OPS pass (helper functions for ABC9).

9.44.9. Executing TECHMAP pass (map to technology primitives).

9.44.9.1. Executing Verilog-2005 frontend: E:\EDA_Race\Cangku\new\SigFlow_FPGA_Cmake\external\fpga-tools\runtime\yosys\bin\..\share\techmap.v
Parsing Verilog input from `E:\EDA_Race\Cangku\new\SigFlow_FPGA_Cmake\external\fpga-tools\runtime\yosys\bin\..\share\techmap.v' to AST representation.
Generating RTLIL representation for module `\_90_simplemap_bool_ops'.
Generating RTLIL representation for module `\_90_simplemap_reduce_ops'.
Generating RTLIL representation for module `\_90_simplemap_logic_ops'.
Generating RTLIL representation for module `\_90_simplemap_compare_ops'.
Generating RTLIL representation for module `\_90_simplemap_various'.
Generating RTLIL representation for module `\_90_simplemap_registers'.
Generating RTLIL representation for module `\_90_shift_ops_shr_shl_sshl_sshr'.
Generating RTLIL representation for module `\_90_shift_shiftx'.
Generating RTLIL representation for module `\_90_fa'.
Generating RTLIL representation for module `\_90_lcu_brent_kung'.
Generating RTLIL representation for module `\_90_alu'.
Generating RTLIL representation for module `\_90_macc'.
Generating RTLIL representation for module `\_90_alumacc'.
Generating RTLIL representation for module `$__div_mod_u'.
Generating RTLIL representation for module `$__div_mod_trunc'.
Generating RTLIL representation for module `\_90_div'.
Generating RTLIL representation for module `\_90_mod'.
Generating RTLIL representation for module `$__div_mod_floor'.
Generating RTLIL representation for module `\_90_divfloor'.
Generating RTLIL representation for module `\_90_modfloor'.
Generating RTLIL representation for module `\_90_pow'.
Generating RTLIL representation for module `\_90_demux'.
Generating RTLIL representation for module `\_90_lut'.
Generating RTLIL representation for module `$connect'.
Generating RTLIL representation for module `$input_port'.
Successfully finished Verilog frontend.

9.44.9.2. Continuing TECHMAP pass.
No more expansions possible.
<suppressed ~233 debug messages>

9.44.10. Executing OPT pass (performing simple optimizations).

9.44.10.1. Executing OPT_EXPR pass (perform const folding).
Optimizing module DFFC.
Optimizing module DFFCE.
Optimizing module DFFPE.

9.44.10.2. Executing OPT_MERGE pass (detect identical cells).
Finding identical cells in module `\DFFC'.
Computing hashes of 2 cells of `\DFFC'.
Finding duplicate cells in `\DFFC'.
Finding identical cells in module `\DFFCE'.
Computing hashes of 2 cells of `\DFFCE'.
Finding duplicate cells in `\DFFCE'.
Finding identical cells in module `\DFFPE'.
Computing hashes of 2 cells of `\DFFPE'.
Finding duplicate cells in `\DFFPE'.
Removed a total of 0 cells.

9.44.10.3. Executing OPT_MUXTREE pass (detect dead branches in mux trees).
Running muxtree optimizer on module \DFFC..
  Creating internal representation of mux trees.
  No muxes found in this module.
Running muxtree optimizer on module \DFFCE..
  Creating internal representation of mux trees.
  No muxes found in this module.
Running muxtree optimizer on module \DFFPE..
  Creating internal representation of mux trees.
  No muxes found in this module.
Removed 0 multiplexer ports.

9.44.10.4. Executing OPT_REDUCE pass (consolidate $*mux and $reduce_* inputs).
  Optimizing cells in module \DFFC.
  Optimizing cells in module \DFFCE.
  Optimizing cells in module \DFFPE.
Performed a total of 0 changes.

9.44.10.5. Executing OPT_MERGE pass (detect identical cells).
Finding identical cells in module `\DFFC'.
Computing hashes of 2 cells of `\DFFC'.
Finding duplicate cells in `\DFFC'.
Finding identical cells in module `\DFFCE'.
Computing hashes of 2 cells of `\DFFCE'.
Finding duplicate cells in `\DFFCE'.
Finding identical cells in module `\DFFPE'.
Computing hashes of 2 cells of `\DFFPE'.
Finding duplicate cells in `\DFFPE'.
Removed a total of 0 cells.

9.44.10.6. Executing OPT_DFF pass (perform DFF optimizations).

9.44.10.7. Executing OPT_CLEAN pass (remove unused cells and wires).
Finding unused cells or wires in module \DFFC..
Finding unused cells or wires in module \DFFCE..
Finding unused cells or wires in module \DFFPE..

9.44.10.8. Executing OPT_EXPR pass (perform const folding).
Optimizing module DFFC.
Optimizing module DFFCE.
Optimizing module DFFPE.

9.44.10.9. Finished fast OPT passes. (There is nothing left to do.)

9.44.11. Executing TECHMAP pass (map to technology primitives).

9.44.11.1. Executing Verilog-2005 frontend: E:\EDA_Race\Cangku\new\SigFlow_FPGA_Cmake\external\fpga-tools\runtime\yosys\bin\..\share\abc9_map.v
Parsing Verilog input from `E:\EDA_Race\Cangku\new\SigFlow_FPGA_Cmake\external\fpga-tools\runtime\yosys\bin\..\share\abc9_map.v' to AST representation.
Successfully finished Verilog frontend.

9.44.11.2. Continuing TECHMAP pass.
Using template DFFC for cells of type DFFC.
Using template DFFPE for cells of type DFFPE.
Using template DFFCE for cells of type DFFCE.
No more expansions possible.
<suppressed ~63 debug messages>

9.44.12. Executing Verilog-2005 frontend: E:\EDA_Race\Cangku\new\SigFlow_FPGA_Cmake\external\fpga-tools\runtime\yosys\bin\..\share\abc9_model.v
Parsing Verilog input from `E:\EDA_Race\Cangku\new\SigFlow_FPGA_Cmake\external\fpga-tools\runtime\yosys\bin\..\share\abc9_model.v' to AST representation.
Replacing existing blackbox module `$__ABC9_DELAY' at E:\EDA_Race\Cangku\new\SigFlow_FPGA_Cmake\external\fpga-tools\runtime\yosys\bin\..\share\abc9_model.v:2.1-7.10.
Generating RTLIL representation for module `$__ABC9_DELAY'.
Replacing existing blackbox module `$__ABC9_SCC_BREAKER' at E:\EDA_Race\Cangku\new\SigFlow_FPGA_Cmake\external\fpga-tools\runtime\yosys\bin\..\share\abc9_model.v:9.1-11.10.
Generating RTLIL representation for module `$__ABC9_SCC_BREAKER'.
Replacing existing module `$__DFF_N__$abc9_flop' at E:\EDA_Race\Cangku\new\SigFlow_FPGA_Cmake\external\fpga-tools\runtime\yosys\bin\..\share\abc9_model.v:14.1-20.10.
Generating RTLIL representation for module `$__DFF_N__$abc9_flop'.
Replacing existing module `$__DFF_P__$abc9_flop' at E:\EDA_Race\Cangku\new\SigFlow_FPGA_Cmake\external\fpga-tools\runtime\yosys\bin\..\share\abc9_model.v:23.1-29.10.
Generating RTLIL representation for module `$__DFF_P__$abc9_flop'.
Successfully finished Verilog frontend.

9.44.13. Executing ABC9_OPS pass (helper functions for ABC9).
<suppressed ~1184 debug messages>

9.44.14. Executing ABC9_OPS pass (helper functions for ABC9).

9.44.15. Executing ABC9_OPS pass (helper functions for ABC9).
<suppressed ~2 debug messages>

9.44.16. Executing TECHMAP pass (map to technology primitives).

9.44.16.1. Executing Verilog-2005 frontend: E:\EDA_Race\Cangku\new\SigFlow_FPGA_Cmake\external\fpga-tools\runtime\yosys\bin\..\share\techmap.v
Parsing Verilog input from `E:\EDA_Race\Cangku\new\SigFlow_FPGA_Cmake\external\fpga-tools\runtime\yosys\bin\..\share\techmap.v' to AST representation.
Generating RTLIL representation for module `\_90_simplemap_bool_ops'.
Generating RTLIL representation for module `\_90_simplemap_reduce_ops'.
Generating RTLIL representation for module `\_90_simplemap_logic_ops'.
Generating RTLIL representation for module `\_90_simplemap_compare_ops'.
Generating RTLIL representation for module `\_90_simplemap_various'.
Generating RTLIL representation for module `\_90_simplemap_registers'.
Generating RTLIL representation for module `\_90_shift_ops_shr_shl_sshl_sshr'.
Generating RTLIL representation for module `\_90_shift_shiftx'.
Generating RTLIL representation for module `\_90_fa'.
Generating RTLIL representation for module `\_90_lcu_brent_kung'.
Generating RTLIL representation for module `\_90_alu'.
Generating RTLIL representation for module `\_90_macc'.
Generating RTLIL representation for module `\_90_alumacc'.
Generating RTLIL representation for module `$__div_mod_u'.
Generating RTLIL representation for module `$__div_mod_trunc'.
Generating RTLIL representation for module `\_90_div'.
Generating RTLIL representation for module `\_90_mod'.
Generating RTLIL representation for module `$__div_mod_floor'.
Generating RTLIL representation for module `\_90_divfloor'.
Generating RTLIL representation for module `\_90_modfloor'.
Generating RTLIL representation for module `\_90_pow'.
Generating RTLIL representation for module `\_90_demux'.
Generating RTLIL representation for module `\_90_lut'.
Generating RTLIL representation for module `$connect'.
Generating RTLIL representation for module `$input_port'.
Successfully finished Verilog frontend.

9.44.16.2. Continuing TECHMAP pass.
Using template $paramod\ALU\ALU_MODE=s32'00000000000000000000000000000010 for cells of type $paramod\ALU\ALU_MODE=s32'00000000000000000000000000000010.
Using extmapper simplemap for cells of type $xor.
Using extmapper simplemap for cells of type $mux.
Using extmapper simplemap for cells of type $not.
No more expansions possible.
<suppressed ~242 debug messages>

9.44.17. Executing OPT pass (performing simple optimizations).

9.44.17.1. Executing OPT_EXPR pass (perform const folding).
Optimizing module sf_debug_top.

9.44.17.2. Executing OPT_MERGE pass (detect identical cells).
Finding identical cells in module `\sf_debug_top'.
Computing hashes of 14 cells of `\sf_debug_top'.
Finding duplicate cells in `\sf_debug_top'.
Removed a total of 0 cells.

9.44.17.3. Executing OPT_MUXTREE pass (detect dead branches in mux trees).
Running muxtree optimizer on module \sf_debug_top..
  Creating internal representation of mux trees.
  No muxes found in this module.
Removed 0 multiplexer ports.

9.44.17.4. Executing OPT_REDUCE pass (consolidate $*mux and $reduce_* inputs).
  Optimizing cells in module \sf_debug_top.
Performed a total of 0 changes.

9.44.17.5. Executing OPT_MERGE pass (detect identical cells).
Finding identical cells in module `\sf_debug_top'.
Computing hashes of 14 cells of `\sf_debug_top'.
Finding duplicate cells in `\sf_debug_top'.
Removed a total of 0 cells.

9.44.17.6. Executing OPT_DFF pass (perform DFF optimizations).

9.44.17.7. Executing OPT_CLEAN pass (remove unused cells and wires).
Finding unused cells or wires in module \sf_debug_top..
Removed 0 unused cells and 16 unused wires.
<suppressed ~1 debug messages>

9.44.17.8. Executing OPT_EXPR pass (perform const folding).
Optimizing module sf_debug_top.

9.44.17.9. Rerunning OPT passes. (Maybe there is more to do..)

9.44.17.10. Executing OPT_MUXTREE pass (detect dead branches in mux trees).
Running muxtree optimizer on module \sf_debug_top..
  Creating internal representation of mux trees.
  No muxes found in this module.
Removed 0 multiplexer ports.

9.44.17.11. Executing OPT_REDUCE pass (consolidate $*mux and $reduce_* inputs).
  Optimizing cells in module \sf_debug_top.
Performed a total of 0 changes.

9.44.17.12. Executing OPT_MERGE pass (detect identical cells).
Finding identical cells in module `\sf_debug_top'.
Computing hashes of 14 cells of `\sf_debug_top'.
Finding duplicate cells in `\sf_debug_top'.
Removed a total of 0 cells.

9.44.17.13. Executing OPT_DFF pass (perform DFF optimizations).

9.44.17.14. Executing OPT_CLEAN pass (remove unused cells and wires).
Finding unused cells or wires in module \sf_debug_top..

9.44.17.15. Executing OPT_EXPR pass (perform const folding).
Optimizing module sf_debug_top.

9.44.17.16. Finished fast OPT passes. (There is nothing left to do.)

9.44.18. Executing AIGMAP pass (map logic to AIG).
Module sf_debug_top: replaced 5 cells with 35 new cells, skipped 9 cells.
  replaced 2 cell types:
       2 $_MUX_
       3 $_XOR_
  not replaced 2 cell types:
       1 $_NOT_
       8 $specify2

9.44.19. Executing AIGMAP pass (map logic to AIG).
Module sf_debug_top: replaced 1638 cells with 8204 new cells, skipped 3510 cells.
  replaced 4 cell types:
     477 $_MUX_
     148 $_ORNOT_
     890 $_OR_
     123 $_XOR_
  not replaced 21 cell types:
     704 $_AND_
     600 $_NOT_
       4 $scopeinfo
      31 DFF
       3 IBUF
       1 DFFPE_$abc9_byp
      52 DFFCE_$abc9_byp
       5 DFFC_$abc9_byp
     410 $paramod\ALU\ALU_MODE=s32'00000000000000000000000000000010
     483 $paramod$__ABC9_DELAY\DELAY=32'00000000000000000000001001000000
     699 $paramod$__ABC9_DELAY\DELAY=32'00000000000000000000000000111111
     201 DFFE
       1 DFFS
      45 DFFSE
       3 DFFR
     202 DFFRE
       1 DFFPE
       5 DFFC
      52 DFFCE
       6 OBUF
       2 DPX9B

9.44.19.1. Executing ABC9_OPS pass (helper functions for ABC9).

9.44.19.2. Executing ABC9_OPS pass (helper functions for ABC9).

9.44.19.3. Executing XAIGER backend.
<suppressed ~552 debug messages>
Extracted 3542 AND gates and 12424 wires from module `sf_debug_top' to a netlist network with 585 inputs and 1374 outputs.

9.44.19.4. Executing ABC9_EXE pass (technology mapping using ABC9).

9.44.19.5. Executing ABC9.
Running ABC command: "<yosys-exe-dir>/yosys-abc" -s -f <abc-temp-dir>/abc.script 2>&1
ABC: ======== ABC command line "source <abc-temp-dir>/abc.script"
ABC: + read_lut <abc-temp-dir>/input.lut 
ABC: + read_box <abc-temp-dir>/input.box 
ABC: + &read <abc-temp-dir>/input.xaig 
ABC: + &ps 
ABC: <abc-temp-dir>/input : i/o =    585/   1374  and =    2760  lev =   33 (   1.79)  mem = 0.14 MB  box = 1650  bb = 1240
ABC: Warning: AIG with boxes has internal fanout in 0 complex flops and 4 carries.
ABC: + &scorr 
ABC: Warning: The network is combinational.
ABC: + &sweep 
ABC: + &dc2 
ABC: + &dch -f -r 
ABC: + &ps 
ABC: <abc-temp-dir>/input : i/o =    585/   1374  and =    3329  lev =   39 (   1.44)  mem = 0.14 MB  ch =  363  box = 1633  bb = 1240
ABC: cst =       0  cls =    302  lit =     363  unused =    5275  proof =     0
ABC: Warning: AIG with boxes has internal fanout in 0 complex flops and 4 carries.
ABC: + &if -W 500 -v 
ABC: K = 8. Memory (bytes): Truth =    0. Cut =   80. Obj =  160. Set =  816. CutMin = no
ABC: Node =    3329.  Ch =   302.  Total mem =    1.71 MB. Peak cut mem =    0.09 MB.
ABC: P:  Del = 12220.00.  Ar =    5158.0.  Edge =     3673.  Cut =    36965.  T =     0.01 sec
ABC: P:  Del = 12220.00.  Ar =    4846.0.  Edge =     3561.  Cut =    37201.  T =     0.01 sec
ABC: P:  Del = 12220.00.  Ar =    1768.0.  Edge =     2886.  Cut =    88848.  T =     0.01 sec
ABC: F:  Del = 12220.00.  Ar =    1071.0.  Edge =     2673.  Cut =    77482.  T =     0.01 sec
ABC: A:  Del = 12192.00.  Ar =     941.0.  Edge =     2462.  Cut =    72413.  T =     0.02 sec
ABC: A:  Del = 12192.00.  Ar =     933.0.  Edge =     2455.  Cut =    72954.  T =     0.02 sec
ABC: Total time =     0.09 sec
ABC: + &write -n <abc-temp-dir>/output.aig 
ABC: + &mfs 
ABC: + &ps -l 
ABC: <abc-temp-dir>/input : i/o =    585/   1374  and =    2323  lev =   25 (   1.58)  mem = 0.13 MB  box = 1633  bb = 1240
ABC: Mapping (K=8)  :  lut =    688  edge =    2425  lev =    8 (0.88)  levB =   37  mem = 0.05 MB
ABC: LUT = 688 : 2=169 24.6 %  3=132 19.2 %  4=278 40.4 %  5=91 13.2 %  6=8 1.2 %  7=4 0.6 %  8=6 0.9 %  Ave = 3.52
ABC: Warning: AIG with boxes has internal fanout in 0 complex flops and 4 carries.
ABC: + &write -n <abc-temp-dir>/output.aig 
ABC: + &verify 
ABC: Networks are equivalent.  Time =     0.15 sec
ABC: + time 
ABC: elapse: 0.68 seconds, total: 0.68 seconds

9.44.19.6. Executing AIGER frontend.
<suppressed ~11 debug messages>
Removed 3334 unused cells and 10049 unused wires.

9.44.19.7. Executing ABC_OPS_REINTEGRATE pass (reintegrate ABC mapped design into module).
ABC RESULTS:              $lut cells:      702
ABC RESULTS:   \DFFPE_$abc9_byp cells:        1
ABC RESULTS:   \DFFCE_$abc9_byp cells:       52
ABC RESULTS:   \DFFC_$abc9_byp cells:        5
ABC RESULTS:   $paramod\ALU\ALU_MODE=s32'00000000000000000000000000000010 cells:      393
ABC RESULTS:           input signals:      122
ABC RESULTS:          output signals:     1292
<suppressed ~3935 debug messages>
Removing temp directory.

9.44.20. Executing TECHMAP pass (map to technology primitives).

9.44.20.1. Executing Verilog-2005 frontend: E:\EDA_Race\Cangku\new\SigFlow_FPGA_Cmake\external\fpga-tools\runtime\yosys\bin\..\share\abc9_unmap.v
Parsing Verilog input from `E:\EDA_Race\Cangku\new\SigFlow_FPGA_Cmake\external\fpga-tools\runtime\yosys\bin\..\share\abc9_unmap.v' to AST representation.
Generating RTLIL representation for module `$__DFF_x__$abc9_flop'.
Generating RTLIL representation for module `$__ABC9_SCC_BREAKER'.
Successfully finished Verilog frontend.

9.44.20.2. Continuing TECHMAP pass.
Using template DFFCE_$abc9_byp for cells of type DFFCE_$abc9_byp.
Using template $paramod\ALU\ALU_MODE=s32'00000000000000000000000000000010 for cells of type $paramod\ALU\ALU_MODE=s32'00000000000000000000000000000010.
Using template DFFC_$abc9_byp for cells of type DFFC_$abc9_byp.
Using template DFFPE_$abc9_byp for cells of type DFFPE_$abc9_byp.
No more expansions possible.
<suppressed ~460 debug messages>
Removed 92 unused cells and 19434 unused wires.

9.45. Executing TECHMAP pass (map to technology primitives).

9.45.1. Executing Verilog-2005 frontend: E:\EDA_Race\Cangku\new\SigFlow_FPGA_Cmake\external\fpga-tools\runtime\yosys\bin\..\share\gowin/cells_map.v
Parsing Verilog input from `E:\EDA_Race\Cangku\new\SigFlow_FPGA_Cmake\external\fpga-tools\runtime\yosys\bin\..\share\gowin/cells_map.v' to AST representation.
Generating RTLIL representation for module `$_DFF_N_'.
Generating RTLIL representation for module `$_DFF_P_'.
Generating RTLIL representation for module `$_DFFE_PP_'.
Generating RTLIL representation for module `$_DFFE_NP_'.
Generating RTLIL representation for module `$_SDFF_PP0_'.
Generating RTLIL representation for module `$_SDFF_NP0_'.
Generating RTLIL representation for module `$_SDFFE_PP0P_'.
Generating RTLIL representation for module `$_SDFFE_NP0P_'.
Generating RTLIL representation for module `$_SDFF_PP1_'.
Generating RTLIL representation for module `$_SDFF_NP1_'.
Generating RTLIL representation for module `$_SDFFE_PP1P_'.
Generating RTLIL representation for module `$_SDFFE_NP1P_'.
Generating RTLIL representation for module `$_DFF_PP1_'.
Generating RTLIL representation for module `$_DFF_NP1_'.
Generating RTLIL representation for module `$_DFF_PP0_'.
Generating RTLIL representation for module `$_DFF_NP0_'.
Generating RTLIL representation for module `$_DFFE_PP1P_'.
Generating RTLIL representation for module `$_DFFE_NP1P_'.
Generating RTLIL representation for module `$_DFFE_PP0P_'.
Generating RTLIL representation for module `$_DFFE_NP0P_'.
Generating RTLIL representation for module `$lut'.
Successfully finished Verilog frontend.

9.45.2. Continuing TECHMAP pass.
Using template $paramod$lut\WIDTH=32'00000000000000000000000000000010\LUT=4'1011 for cells of type $lut.
Using template $paramod$lut\WIDTH=32'00000000000000000000000000000010\LUT=4'1001 for cells of type $lut.
Using template $paramod$lut\WIDTH=32'00000000000000000000000000000010\LUT=4'0110 for cells of type $lut.
Using template $paramod$658b9ed803f0d3d335616d3858b53e0a2522f1e8$lut for cells of type $lut.
Using template $paramod$lut\WIDTH=32'00000000000000000000000000000011\LUT=8'00100000 for cells of type $lut.
Using template $paramod$lut\WIDTH=32'00000000000000000000000000000011\LUT=8'10000000 for cells of type $lut.
Using template $paramod$lut\WIDTH=32'00000000000000000000000000000011\LUT=8'01000000 for cells of type $lut.
Using template $paramod$f8f63b209b7230e81958663ff24fef1613156af7$lut for cells of type $lut.
Using template $paramod$lut\WIDTH=32'00000000000000000000000000000010\LUT=4'0001 for cells of type $lut.
Using template $paramod$6d6beead1425af15cf78b27fd9b11b41b5d4bce8$lut for cells of type $lut.
Using template $paramod$873c285bdccf0ac2b60d2304ea5cd14bf211d2a6$lut for cells of type $lut.
Using template $paramod$364c9ffbffac467d60dfec81bba4e18476c15602$lut for cells of type $lut.
Using template $paramod$a743caf801766df40bcc22d49baa12a0bdc2f7fe$lut for cells of type $lut.
Using template $paramod$66caeb00a39d236782a97659e3bd99621b74681b$lut for cells of type $lut.
Using template $paramod$lut\WIDTH=32'00000000000000000000000000000010\LUT=4'1000 for cells of type $lut.
Using template $paramod$lut\WIDTH=32'00000000000000000000000000000011\LUT=8'00000001 for cells of type $lut.
Using template $paramod$571404c0889eaf57f492cb5e37f8acb5df5852f9$lut for cells of type $lut.
Using template $paramod$e57bcb018bfe8170bc04f13a73befe2def28cdf3$lut for cells of type $lut.
Using template $paramod$25003f26a78bb2f583f23824f1e0b8cc16b88761$lut for cells of type $lut.
Using template $paramod$07620d52cb536ce2865a3d1bba2ad2f7a88140f9$lut for cells of type $lut.
Using template $paramod$e3e4230bb990723642112b292aa705ee0cbad0d4$lut for cells of type $lut.
Using template $paramod$lut\WIDTH=32'00000000000000000000000000000011\LUT=8'10010000 for cells of type $lut.
Using template $paramod$2d07c1a6c53c7b878509360922c4fa5ebedc3011$lut for cells of type $lut.
Using template $paramod$a6597eda4608f36e684c1dd07ed552fcbec112b2$lut for cells of type $lut.
Using template $paramod$df196ed0a1da5c4a58c5e08a1dac304fd3fccaab$lut for cells of type $lut.
Using template $paramod$lut\WIDTH=32'00000000000000000000000000000011\LUT=8'00010011 for cells of type $lut.
Using template $paramod$47a8214374025465e226fa66bee690ff33268a25$lut for cells of type $lut.
Using template $paramod$lut\WIDTH=32'00000000000000000000000000000010\LUT=4'0100 for cells of type $lut.
Using template $paramod$lut\WIDTH=32'00000000000000000000000000000011\LUT=8'10001100 for cells of type $lut.
Using template $paramod$3ce8bb5aea3714dfc0e9a5889ba4514bbd94628d$lut for cells of type $lut.
Using template $paramod$f3ada871809f362efd8eb0c4fb952bb5c98f0750$lut for cells of type $lut.
Using template $paramod$lut\WIDTH=32'00000000000000000000000000000011\LUT=8'00101010 for cells of type $lut.
Using template $paramod$179512a187da069f3b79ef6612a41e494e7d54b6$lut for cells of type $lut.
Using template $paramod$411456c818123bb6bf92dc678013eaca36b016e1$lut for cells of type $lut.
Using template $paramod$7a21181b520061a57d085272ec4974dd5a53d6e3$lut for cells of type $lut.
Using template $paramod$lut\WIDTH=32'00000000000000000000000000000011\LUT=8'01110000 for cells of type $lut.
Using template $paramod$41326ad8644342a66dfb051d050f2b6fbf15015b$lut for cells of type $lut.
Using template $paramod$8ae5e24171bca0b8d12d43741a6723f274290f92$lut for cells of type $lut.
Using template $paramod$3427de03640437352391c1e3a751e193e8ef5801$lut for cells of type $lut.
Using template $paramod$06e62c2045624c211a1abe4f2f36c8f22c688165$lut for cells of type $lut.
Using template $paramod$097592bb16245531f0716c5ddb18d7090f9c7d9d$lut for cells of type $lut.
Using template $paramod$ddace04fba544e6adc4cdda6a50048ddd7c111af$lut for cells of type $lut.
Using template $paramod$5261207cc7fef698a41d5b5e99e1153492aafdc8$lut for cells of type $lut.
Using template $paramod$d28c007f5f10b98689681fa7da5208c9de5b5cca$lut for cells of type $lut.
Using template $paramod$426b63f0fdc5d69f5640e54d0092c568829f1297$lut for cells of type $lut.
Using template $paramod$e5d8846bfbea92985a44b14eab280992a4716321$lut for cells of type $lut.
Using template $paramod$c0a4d9417755c1bd5ec9a311325000b8535d91ad$lut for cells of type $lut.
Using template $paramod$f2205f755af0133582ab9501b9afaef94116da12$lut for cells of type $lut.
Using template $paramod$32ccf65669c41e1e3bce1f16051f6d60ad96a2a0$lut for cells of type $lut.
Using template $paramod$b86b68a00733dbecb31d58a14a13683475a2002a$lut for cells of type $lut.
Using template $paramod$86d1a43c2f1d620ff2cef866448dd1258c868fad$lut for cells of type $lut.
Using template $paramod$b287726797d0722f64e731f1134f7c05af8f1578$lut for cells of type $lut.
Using template $paramod$a2078492a93db2b736e3f44dc8f19641566d846d$lut for cells of type $lut.
Using template $paramod$b089060a61c5d29ddce66d73edb5ee493ec9de27$lut for cells of type $lut.
Using template $paramod$96676f91588288ab807784b21de3e7b368e3725f$lut for cells of type $lut.
Using template $paramod$7d35f3eb4056e6484203c99fe42cfcf1dfaba704$lut for cells of type $lut.
Using template $paramod$lut\WIDTH=32'00000000000000000000000000000011\LUT=8'00010000 for cells of type $lut.
Using template $paramod$65d5d5c1e01bf41ee659754efba932f3d99198e5$lut for cells of type $lut.
Using template $paramod$lut\WIDTH=32'00000000000000000000000000000010\LUT=4'0010 for cells of type $lut.
Using template $paramod$deb4f121bbf3d55ed9a98f692fd112e0918f51b5$lut for cells of type $lut.
Using template $paramod$992bdc10cff2c6edd722994f0e1044bc863f79f7$lut for cells of type $lut.
Using template $paramod$8d7a8d6e3356de09670738ba85f2c6b874f6b06d$lut for cells of type $lut.
Using template $paramod$6d7cc275871d0ceead401cadfae2ff1124665ec4$lut for cells of type $lut.
Using template $paramod$lut\WIDTH=32'00000000000000000000000000000011\LUT=8'00000100 for cells of type $lut.
Using template $paramod$332a399730bfc61adea04021a76b1c4e4030f37d$lut for cells of type $lut.
Using template $paramod$7187575eba6b1b57c39e107c781a1d13e510a61d$lut for cells of type $lut.
Using template $paramod$272652f6c6fbe9a75eff76e45cc7e2788835518b$lut for cells of type $lut.
Using template $paramod$e51a8a571bee774247b38f52d6e85fd62ae52cea$lut for cells of type $lut.
Using template $paramod$eaea85d27cc0950ed001348e061727a194f5cf9c$lut for cells of type $lut.
Using template $paramod$f07e8a9c88f9f5be8f1c8e37472aa1d47f52231b$lut for cells of type $lut.
Using template $paramod$lut\WIDTH=32'00000000000000000000000000000010\LUT=4'0111 for cells of type $lut.
Using template $paramod$6e238df02989b317f10820a22773676e71120644$lut for cells of type $lut.
Using template $paramod$609ff53b8e25fddda2f58be8d19c2d47b81baf45$lut for cells of type $lut.
Using template $paramod$b9d624dbe839e39c45d0dde834f22ddb49c65874$lut for cells of type $lut.
Using template $paramod$f503ae6dd13af4ce255f26a38c5b2bb42d3444fc$lut for cells of type $lut.
Using template $paramod$0e1b316ea32e9bcc061707b9b6522b832baadf53$lut for cells of type $lut.
Using template $paramod$ba59a6d7bdd6d02f4b42514d6555f56c3dbd5a43$lut for cells of type $lut.
Using template $paramod$lut\WIDTH=32'00000000000000000000000000000010\LUT=4'1101 for cells of type $lut.
Using template $paramod$lut\WIDTH=32'00000000000000000000000000000010\LUT=4'1110 for cells of type $lut.
Using template $paramod$f81ecf3eb88491df8fecf1e071b57debc429282a$lut for cells of type $lut.
Using template $paramod$382d345e672da8cc8340533492f7be26810533bd$lut for cells of type $lut.
Using template $paramod$17c2f243a1da896c622c9087a9b7432bee6819fa$lut for cells of type $lut.
Using template $paramod$ec4a21f896d8babdcea50998bb320a7741366e32$lut for cells of type $lut.
Using template $paramod$e277a522d8a930c8c8c8cdb56d33d42914aefec4$lut for cells of type $lut.
Using template $paramod$lut\WIDTH=32'00000000000000000000000000000011\LUT=8'00010101 for cells of type $lut.
Using template $paramod$284844fb5ff399d55151be0f10209da7902774b3$lut for cells of type $lut.
Using template $paramod$baa939b0bd5b3e0c8760492528669bd58f640542$lut for cells of type $lut.
Using template $paramod$lut\WIDTH=32'00000000000000000000000000000011\LUT=8'11100000 for cells of type $lut.
Using template $paramod$8921e608da57eb3483e6390a11938d2bd4d7314d$lut for cells of type $lut.
Using template $paramod$e01a027fedb28671a20c130493a89c7afd4e87d3$lut for cells of type $lut.
Using template $paramod$e9c77024ca501b890c641f9c0b10e27242db8730$lut for cells of type $lut.
Using template $paramod$a9ba23df824f693c44e722629fd8c1fae157385c$lut for cells of type $lut.
Using template $paramod$4af8cd2809a45490066246b2a759c1d448c0976e$lut for cells of type $lut.
Using template $paramod$c4a4cf1f67c598049dd5cb5cdb183838e000e772$lut for cells of type $lut.
Using template $paramod$fe89c52e83c5b0456317806a3190c48a5e8494e5$lut for cells of type $lut.
Using template $paramod$bae8d582def711e97ac5ceb1b4d6a73af433f62d$lut for cells of type $lut.
Using template $paramod$7bb6a37e65823eeb4b38c370fec30ab082759a14$lut for cells of type $lut.
Using template $paramod$a5bfe6fb7024cc9ecff96075272edbfb7fb40d5e$lut for cells of type $lut.
Using template $paramod$267c31f5e04c85610990a41f04aa812147409fa6$lut for cells of type $lut.
Using template $paramod$e23d3b8629d6d0f35775b4528835df67b2aac236$lut for cells of type $lut.
Using template $paramod$43987c9cc87683fa7a6ecfc84dddb93414b52f9f$lut for cells of type $lut.
Using template $paramod$cefa779dfb7f52809ea9b963bdc0286151f688dd$lut for cells of type $lut.
Using template $paramod$8268380aa1dc53d15b0ce945bb53fcdcac37f420$lut for cells of type $lut.
Using template $paramod$464d286cc302627c2e44b6c4a8450c9bebc28389$lut for cells of type $lut.
Using template $paramod$3a76ae1ac16567d84de882ad5b89dd62763f5d7e$lut for cells of type $lut.
Using template $paramod$63e3dfc669f1d4289cb743e89c076050008f92d1$lut for cells of type $lut.
Using template $paramod$50ae037bea16070af222263fc6c06efd57346ae1$lut for cells of type $lut.
Using template $paramod$581d7e5f451b6b3ddd4ad06c99f094a0a6e88e05$lut for cells of type $lut.
Using template $paramod$8829675bb8c52553aed9f101ec0d5ef0c865e5c7$lut for cells of type $lut.
Using template $paramod$20235ca863361fbc253329cfc7eeea38c77404dc$lut for cells of type $lut.
Using template $paramod$fc5eedd89f821f507f010dab5bfa75eafc22d226$lut for cells of type $lut.
Using template $paramod$bd6c69bc5b35ecaebc852c0e33740c86577e69c5$lut for cells of type $lut.
Using template $paramod$b3087485eade60082875891d5f7e45e5a2f17d79$lut for cells of type $lut.
Using template $paramod$lut\WIDTH=32'00000000000000000000000000000011\LUT=8'11001110 for cells of type $lut.
Using template $paramod$eba7de026ff587370e320127e266317dae097a89$lut for cells of type $lut.
Using template $paramod$eb764785a67ae0903625e17df40813438d0457e8$lut for cells of type $lut.
Using template $paramod$lut\WIDTH=32'00000000000000000000000000000011\LUT=8'00000111 for cells of type $lut.
Using template $paramod$6b0849254d6c87461fb93e37cc18f089f61eb912$lut for cells of type $lut.
Using template $paramod$150ee00bee81b2fcb159e621f4ef27bccb5ede20$lut for cells of type $lut.
Using template $paramod$be48d952fcad8a16b8d84daa4c48a3065f343e5e$lut for cells of type $lut.
Using template $paramod$048d747237dc7c0c9b3ac38b28fd102440b9c369$lut for cells of type $lut.
Using template $paramod$5dc745bb48e2cf535179547ba13f0fe5364d6d54$lut for cells of type $lut.
Using template $paramod$lut\WIDTH=32'00000000000000000000000000000011\LUT=8'11011000 for cells of type $lut.
Using template $paramod$b3b5cad4a8d1fcdc5e4c7aa27a4d43090669fc00$lut for cells of type $lut.
Using template $paramod$620586420e818d3afa7e5b51fcf19f5c6ea83ad4$lut for cells of type $lut.
Using template $paramod$58bd588a49a6a3b9d057d75f907cb4932e1635f6$lut for cells of type $lut.
Using template $paramod$4acaad3481bccc123482c4010bb095c9612e3455$lut for cells of type $lut.
Using template $paramod$02dd0c7255abbf2be79f291bff1a8fbaca2ddeb5$lut for cells of type $lut.
Using template $paramod$fe9754af63d20bdb417825ff01e159662576fc21$lut for cells of type $lut.
Using template $paramod$adc0b354bb960519a616db7423a6274fc380540e$lut for cells of type $lut.
Using template $paramod$101238f3d8d49ab12a9b49a2f01cd503b26e9c61$lut for cells of type $lut.
Using template $paramod$21f957a7073b1ba634cad0df400394ca323de2fc$lut for cells of type $lut.
Using template $paramod$c64dec5f9cba92e7fb1a4ba3987a6ac85d9a3898$lut for cells of type $lut.
Using template $paramod$66e741791413519a466d4f44240bc83d3a191818$lut for cells of type $lut.
Using template $paramod$lut\WIDTH=32'00000000000000000000000000000011\LUT=8'11100010 for cells of type $lut.
Using template $paramod$lut\WIDTH=32'00000000000000000000000000000011\LUT=8'11100100 for cells of type $lut.
Using template $paramod$acc979ad90e2f1ed9f6238886529e973d27831d6$lut for cells of type $lut.
Using template $paramod$5c7d886f3b88971ac55fed4bca034a87bf180f7d$lut for cells of type $lut.
Using template $paramod$lut\WIDTH=32'00000000000000000000000000000011\LUT=8'01010110 for cells of type $lut.
Using template $paramod$34130a2583c0530ca8b8853e64a2a0ddd2e81d2e$lut for cells of type $lut.
Using template $paramod$45f38ba475248d57a3881056c828432d1006f864$lut for cells of type $lut.
Using template $paramod$54fd68dde2089dcac788d36b249e09b77cedd32c$lut for cells of type $lut.
Using template $paramod$fca001e3e0b52158a872e76e56c01ec10dfbb1de$lut for cells of type $lut.
Using template $paramod$15b1be980a14edac79713e171a9494e1b4bd5060$lut for cells of type $lut.
Using template $paramod$4290a2fd98c4f4556af8402349df51df3d9c9688$lut for cells of type $lut.
Using template $paramod$475cbfa5a31c47f0aac91d900e0bbe5afcf99162$lut for cells of type $lut.
Using template $paramod$ef26adabe6060e01077b576cfe34e95e55a26aef$lut for cells of type $lut.
Using template $paramod$lut\WIDTH=32'00000000000000000000000000000011\LUT=8'01101001 for cells of type $lut.
Using template $paramod$lut\WIDTH=32'00000000000000000000000000000011\LUT=8'10010110 for cells of type $lut.
Using template $paramod$fd904e9e35cfd343a9df248824bd3f1408724879$lut for cells of type $lut.
Using template $paramod$b26fbfdb68e98cf016d61a8611b449e9f4a30f3c$lut for cells of type $lut.
Using template $paramod$59c595af41d4a5cce2d588c3a5f1342749ce7a77$lut for cells of type $lut.
Using template $paramod$8512f4fb47fa9596f76cdbe5b407a5b54df368e7$lut for cells of type $lut.
Using template $paramod$b058f043223f367483fccc310d27705643ee6eb4$lut for cells of type $lut.
Using template $paramod$31ea13c99f8c296e67f95293fb140f4f62d02eff$lut for cells of type $lut.
Using template $paramod$lut\WIDTH=32'00000000000000000000000000000011\LUT=8'00001011 for cells of type $lut.
Using template $paramod$bebf8444124024a0831f057325f07567a55eff66$lut for cells of type $lut.
Using template $paramod$09194da5f2c8e08bed8f609fd0e254d8629b24b3$lut for cells of type $lut.
Using template $paramod$bba54c1ef87367812b4c15f4aed5ac70773df775$lut for cells of type $lut.
Using template $paramod$04540c4dced855b8d7a911c80dafe81eb111273b$lut for cells of type $lut.
Using template $paramod$2a4b250d89be3556c74aa0e719a4f6242369d42f$lut for cells of type $lut.
Using template $paramod$lut\WIDTH=32'00000000000000000000000000000011\LUT=8'11010000 for cells of type $lut.
Using template $paramod$c382a202074b493632d7b9001d4646006113fc7c$lut for cells of type $lut.
Using template $paramod$4b5d257530fa12ff4b3e0a1d28c546245c15fa23$lut for cells of type $lut.
Using template $paramod$d8d22121d136f5734c27aec4cdcd1ca0c2b6b198$lut for cells of type $lut.
Using template $paramod$7da7d7bde408365fd9edb48231a23e665dbb7ed8$lut for cells of type $lut.
Using template $paramod$7d813eb49700f971f2635a434700eafdfa816bc3$lut for cells of type $lut.
Using template $paramod$adce9c89515a4e83641fc3471eb3c01ec7b082ff$lut for cells of type $lut.
Using template $paramod$a3b54fd28d229f374eacdb8562ed95c032f234ab$lut for cells of type $lut.
Using template $paramod$cc3ac83c345ca9b6a429ff5056cad4bb4aa9782c$lut for cells of type $lut.
Using template $paramod$f9aa1b8da423db0272d580553c37e28bd5da8a55$lut for cells of type $lut.
Using template $paramod$bb0d0bd94b1fac4d1a8b85eec3e98be21c24b4a6$lut for cells of type $lut.
Using template $paramod$70b1aabbe1a6326086a06a2b9234ee4ca37049a9$lut for cells of type $lut.
Using template $paramod$c6c6522c7c24f55587a9b57af5b43cdbcd722b91$lut for cells of type $lut.
Using template $paramod$7f1ac77c5d84ef62fa0ac317f9798af74d02a33d$lut for cells of type $lut.
Using template $paramod$ba4b1c9b57f942a38af35848615a2f06189d3bfe$lut for cells of type $lut.
Using template $paramod$1be3a10aca64bc8b3d140a9dcfb9bac7a6744be9$lut for cells of type $lut.
Using template $paramod$90dc599eed99da511e64ad217d69e7ff2c1e56cc$lut for cells of type $lut.
Using template $paramod$7a9b7d7d96d5349b2a3f800b325795fd17e50692$lut for cells of type $lut.
Using template $paramod$0251a609ad29c20a8fbd13346ccf5b9397350859$lut for cells of type $lut.
Using template $paramod$b01353f443470743d2f3cf9ab36833a1a5a5b253$lut for cells of type $lut.
Using template $paramod$17394a16756ab4296b24483db0589ecfc483a316$lut for cells of type $lut.
Using template $paramod$7fbd797f3ba6d78dbfca52dd75c07d76b1e7afd5$lut for cells of type $lut.
Using template $paramod$853ec8bd5019ee8e604ce834d5d6f8a55cc22cf5$lut for cells of type $lut.
Using template $paramod$46e5a46fc022d339d84b612b823e00d514be17b1$lut for cells of type $lut.
Using template $paramod$lut\WIDTH=32'00000000000000000000000000000011\LUT=8'00100011 for cells of type $lut.
Using template $paramod$daac9b1e7bb2ac018f7132a3fbe0026ddd7b1a71$lut for cells of type $lut.
Using template $paramod$82b4a585d1edcb5c6e755dc9bd3392228a1c1304$lut for cells of type $lut.
Using template $paramod$d6ab46c46758740afec17d2e888d65cb4a8e0635$lut for cells of type $lut.
Using template $paramod$5907383a0538c8be5e946719b5cfe093ed1320d4$lut for cells of type $lut.
Using template $paramod$lut\WIDTH=32'00000000000000000000000000000001\LUT=2'01 for cells of type $lut.
Using template $paramod$83c1b6108170249166239e09804c5f4542556524$lut for cells of type $lut.
Using template $paramod$a9579ee6945670e687aa63d8d55dd4cf839ae00c$lut for cells of type $lut.
Using template $paramod$cdc5bba2585477f1744fd1f869bebc8beb23d707$lut for cells of type $lut.
Using template $paramod$5396c54442dad8b5b1b0cf2a8879c9d9fd868ee7$lut for cells of type $lut.
Using template $paramod$01b2242760200c8ff34cd9f5733801dc77b6a5f4$lut for cells of type $lut.
Using template $paramod$03da3dcc7c75ea9c9148a6fc634f76a9d0cbefef$lut for cells of type $lut.
Using template $paramod$764f077a69bdc32449880eb7993086f6ef26b3ee$lut for cells of type $lut.
Using template $paramod$lut\WIDTH=32'00000000000000000000000000000011\LUT=8'10001010 for cells of type $lut.
Using template $paramod$23da582b86241546eace0c8bedadb42614eea4c1$lut for cells of type $lut.
Using template $paramod$lut\WIDTH=32'00000000000000000000000000000011\LUT=8'00000010 for cells of type $lut.
Using template $paramod$694c95659b447cef99dd4cdbd49b87dfd5f6c806$lut for cells of type $lut.
Using template $paramod$d6ca727e39f31d51d29072e0f33aa09c65e37336$lut for cells of type $lut.
Using template $paramod$lut\WIDTH=32'00000000000000000000000000000011\LUT=8'01110010 for cells of type $lut.
Using template $paramod$d3b30a0effa5a23826427034769cd75f6624060c$lut for cells of type $lut.
Using template $paramod$85293a187e64a7d319b8040354f55f1019abf10a$lut for cells of type $lut.
Using template $paramod$d7c634c964a868577f926c0690c937ab5b147f6e$lut for cells of type $lut.
Using template $paramod$ff315d5084ed3c80e34901fe05add0db5feb0b93$lut for cells of type $lut.
Using template $paramod$43779580bfffd5d5a9f321249a174febf1dac288$lut for cells of type $lut.
Using template $paramod$lut\WIDTH=32'00000000000000000000000000000011\LUT=8'01010001 for cells of type $lut.
Using template $paramod$lut\WIDTH=32'00000000000000000000000000000011\LUT=8'00001000 for cells of type $lut.
Using template $paramod$5e9374f44a27c3f8a1c38af244ec43ceb4fb8d4f$lut for cells of type $lut.
Using template $paramod$286d6b18e782cb14d345c8422500571fedf77570$lut for cells of type $lut.
Using template $paramod$b4f85a6321a00b090afc4e21d68e7b99eb94d149$lut for cells of type $lut.
Using template $paramod$52b969f858b3742d4a1c5e2e1f7de6301b827ff4$lut for cells of type $lut.
Using template $paramod$31355df6e553d8cd6fcd0bf57a837c84b61d1970$lut for cells of type $lut.
Using template $paramod$lut\WIDTH=32'00000000000000000000000000000011\LUT=8'11001010 for cells of type $lut.
Using template $paramod$lut\WIDTH=32'00000000000000000000000000000011\LUT=8'10101100 for cells of type $lut.
Using template $paramod$lut\WIDTH=32'00000000000000000000000000000011\LUT=8'10100010 for cells of type $lut.
Using template $paramod$aaf2ef5cf75121bbc717334d538c8a2de3e26e03$lut for cells of type $lut.
Using template $paramod$9664483609d9e726df9697364de1aad825ad3979$lut for cells of type $lut.
Using template $paramod$7b7427d74887f8dc094460f11745df07de0efb05$lut for cells of type $lut.
Using template $paramod$83aab6cebb13b8af299bee819de5052b5d2f450b$lut for cells of type $lut.
Using template $paramod$05ead97b9d1cf6e2fa97a9a7d0958aaae41a52fb$lut for cells of type $lut.
Using template $paramod$d086e8f1f3bfd7e66df07f3ba1328b709ecd9785$lut for cells of type $lut.
Using template $paramod$091bf7005ef0ab776ce3db4d43f0a7ed1b0fba32$lut for cells of type $lut.
Using template $paramod$6d3c2515d53a7df8edaabc7c845bc0c97fe2bd9e$lut for cells of type $lut.
Using template $paramod$3a32a7587b9f95b908af04fb9b75cd3eae00b58e$lut for cells of type $lut.
Using template $paramod$bcff4bc3009f0f700fa0b92beb881b3d7d69d9fc$lut for cells of type $lut.
Using template $paramod$759a69f4ab222e76e22022c2e77ce9c8116f17e1$lut for cells of type $lut.
Using template $paramod$04ae10f7d848c17f6abdd4c00ba30939b2cb4eb5$lut for cells of type $lut.
Using template $paramod$8cea2e51d6074badc912821df03edfd397a5d046$lut for cells of type $lut.
Using template $paramod$853b4f3bc3530c8e663a893e811eb734e3bf352a$lut for cells of type $lut.
Using template $paramod$761da5d9036b26bd0b27666a8a934782820b5f0a$lut for cells of type $lut.
Using template $paramod$266d4a4ca0f89678789a08f99630e5989249f36b$lut for cells of type $lut.
Using template $paramod$58d47a8b90c15cef74d3e9ccbcfcb39054183119$lut for cells of type $lut.
Using template $paramod$bfd9b14a1e2ea05ce4633d1b4bfa8d33cecc394b$lut for cells of type $lut.
Using template $paramod$090d2ff60d4361ffa1314dc56d9079e5f8f6fa59$lut for cells of type $lut.
Using template $paramod$8e7898333090b8d2c8df5292367a6371263f84cd$lut for cells of type $lut.
Using template $paramod$f23dcfa56e2ebcf9ea75aa1bf09fc718f94e223a$lut for cells of type $lut.
Using template $paramod$8bfca4da5d8e2c9dffc5c290972a6cc157d7d011$lut for cells of type $lut.
Using template $paramod$b94dea4c17b6877e6f4c192ce54075bc9aff23a8$lut for cells of type $lut.
Using template $paramod$0d3b3ad6857e916a6cf493e1627896830416a674$lut for cells of type $lut.
Using template $paramod$e071864792c06452010c1a2fdd2f9d25ef020e39$lut for cells of type $lut.
Using template $paramod$48470c059502ad1ebb8a9047bad642533b95e762$lut for cells of type $lut.
Using template $paramod$692927e279b3d5c42ee4aacb287247c0b34943ed$lut for cells of type $lut.
Using template $paramod$26c6eee984c99ab7c3bb4a85cab5854f70684cc5$lut for cells of type $lut.
Using template $paramod$b403ccbb29aa6e90781accb729a093414d288c61$lut for cells of type $lut.
Using template $paramod$7be5ba6537bbd61f594c56628aabac8a2fd8927a$lut for cells of type $lut.
Using template $paramod$0ed4736b1191795b6e8974125fad0ebba3bd2971$lut for cells of type $lut.
Using template $paramod$c8ea724709320e834e332319323fddce16d79bad$lut for cells of type $lut.
Using template $paramod$e9fee1356c9579920d48042f08d5149168142ca5$lut for cells of type $lut.
Using template $paramod$7c3db8fc3132a242ef3453841364933839086318$lut for cells of type $lut.
Using template $paramod$a6420a0ae3bf10f1d9ecf0a0d89cde190ad3ce93$lut for cells of type $lut.
Using template $paramod$56e8c00c978d3f81da08893f44a56db24073f5ab$lut for cells of type $lut.
Using template $paramod$109dd41fc355d5805b397ffeaccaf6d52666f8f3$lut for cells of type $lut.
Using template $paramod$9950a9f3e4c57e8f6e57bd65632211967340be72$lut for cells of type $lut.
Using template $paramod$470eabd46474788d5d78fdfaec4b92c6d3b7d23b$lut for cells of type $lut.
Using template $paramod$32f70bc52c0e4488fe9ad8b0fa933a64f352467d$lut for cells of type $lut.
Using template $paramod$bf0d0292861bdee659ef5cbc5e58b330ac5871f9$lut for cells of type $lut.
Using template $paramod$117637fe35421ffe80631a8c6f17204a8015a810$lut for cells of type $lut.
Using template $paramod$cb9389d3bcc7824cbc8eb11c8ac4986b2acbae18$lut for cells of type $lut.
Using template $paramod$28ac42cb303ad8b86982901c4e37bb184fa4277d$lut for cells of type $lut.
Using template $paramod$333fa18667efd7e2e8bdad282367293d7983479e$lut for cells of type $lut.
Using template $paramod$9e76a7986ea574d5e9e840e75f303a02828196a2$lut for cells of type $lut.
Using template $paramod$734cb5d7d83659ae4da13abb9e04fafa8dc19119$lut for cells of type $lut.
Using template $paramod$babd5ea92821eed0bdddfc168b62cdabe74dbc80$lut for cells of type $lut.
Using template $paramod$aa597551c1a75ce8b961bf32bbe329fd1470860c$lut for cells of type $lut.
Using template $paramod$e4f1157748d59da95d90b90809faf0ffeeb42bc1$lut for cells of type $lut.
Using template $paramod$7ac47812220c6aa34b58d04156c912998e5879ab$lut for cells of type $lut.
Using template $paramod$fadb95605eaa81a5846e3a7f7e4faf0e6b51a190$lut for cells of type $lut.
Using template $paramod$1f3d9e41b8852a046a8964629407ac2a74581a71$lut for cells of type $lut.
Using template $paramod$4615a4dc702783d2e6016bfdb4052d98dd95976d$lut for cells of type $lut.
Using template $paramod$e9712be168fc6bce0272573ea92a88857d8ea878$lut for cells of type $lut.
Using template $paramod$a8cb9dc6eccb911035b7155b3fa8bdcdb987b386$lut for cells of type $lut.
Using template $paramod$49a04671df46070a0550cb4faf09f3a6c7ef9490$lut for cells of type $lut.
Using template $paramod$2e86f965676e03bec71a49c72f52af0f50e1500b$lut for cells of type $lut.
Using template $paramod$5e2fc3b9c3d82261c52e783ed7f43a21ce4f00cf$lut for cells of type $lut.
Using template $paramod$3816198e178d6b0c3c854903e0284f6643f33c1f$lut for cells of type $lut.
Using template $paramod$891f2b0997e16b311b9e4d1e19256bc07cc9939a$lut for cells of type $lut.
Using template $paramod$a2b4ddfa3906001b2ef9f2414d79c3048f2a3a6e$lut for cells of type $lut.
Using template $paramod$1899a5b43ac19e86cac4c68cc08f06740d90c3af$lut for cells of type $lut.
Using template $paramod$f82c77498b6f9db704dd6566077f6e891e985ab9$lut for cells of type $lut.
Using template $paramod$d38f1a03c871bb49eede1a2691b2c32bb1cb48a4$lut for cells of type $lut.
Using template $paramod$16c0cdae787834c4c36eb3cd833ecb90bd4b526c$lut for cells of type $lut.
Using template $paramod$25e347ea68d0a37e6ec89a3d8824b9d52e250ab2$lut for cells of type $lut.
Using template $paramod$113a3958fe2593d13faf770e232202582b8082fe$lut for cells of type $lut.
Using template $paramod$549f7bc3023e6131d05f1b82f18bcf905dcd4fab$lut for cells of type $lut.
Using template $paramod$ecc8f136f6aed415e047a0ef706f98ca5d1ce334$lut for cells of type $lut.
Using template $paramod$72955665f8ce24645d548f7d38c193e48893f64c$lut for cells of type $lut.
Using template $paramod$56539969333517d59b5afbf6abe59f22b7270475$lut for cells of type $lut.
Using template $paramod$05ebf658742d14dfede2ef28f3010a9f1bc37c2d$lut for cells of type $lut.
Using template $paramod$95109a62fea23d1738324748c3fbb67f85edd1de$lut for cells of type $lut.
Using template $paramod$427ae4f74fc3bfce918aafa2bcba587721c65b9e$lut for cells of type $lut.
Using template $paramod$1a4d9025eb3c12bb66cf5f480ddf041a7c5318ba$lut for cells of type $lut.
Using template $paramod$7ecae96c26dadbec471ff6e1de095aea1abae70f$lut for cells of type $lut.
Using template $paramod$199b046103819fa9e77fe976c26fa1dfc7db7c0e$lut for cells of type $lut.
Using template $paramod$82c2da7befe14edb5486b9f791277e4ed5e8cdcf$lut for cells of type $lut.
Using template $paramod$513da52efd11196dbb6a78b4fc291f7013843478$lut for cells of type $lut.
Using template $paramod$b14cda822c097731edd7826ed44cc0b445ffbaea$lut for cells of type $lut.
Using template $paramod$73121d2bdb36e9897e7bacce3433c53274ce9b5f$lut for cells of type $lut.
Using template $paramod$ad413dbbb76fe5df89e4c9e74fde3282f9fd12c8$lut for cells of type $lut.
Using template $paramod$e02947710c2902d90c5657f37517e87fc6903403$lut for cells of type $lut.
Using template $paramod$fa13d1ec744cda8aa882030b1769364410486d35$lut for cells of type $lut.
Using template $paramod$7125b224d5920c893c2dd3de98a266451c2ebe7d$lut for cells of type $lut.
Using template $paramod$f5ad8183551914332259c2f3cb703d323f77c66e$lut for cells of type $lut.
Using template $paramod$ad328db39dddc356084327aa82055f8c03bb8073$lut for cells of type $lut.
Using template $paramod$eacec56d9f8a17dd8bd05ab410777702ff3be351$lut for cells of type $lut.
Using template $paramod$77ad5b5a13077339c889d22d77e93cfd4da9d15f$lut for cells of type $lut.
Using template $paramod$c72a6f147ebba54fce32153c687a39702e36118e$lut for cells of type $lut.
Using template $paramod$263a40855bb77428060edb394588da72807397e4$lut for cells of type $lut.
Using template $paramod$24517b27d150497be0674d74f29af5f08d05a0ad$lut for cells of type $lut.
Using template $paramod$3aac200b1ee408e2209f36da43590d012f3b4c43$lut for cells of type $lut.
Using template $paramod$0103e8148786bdf29f52c01b5d8da40a7dd32d70$lut for cells of type $lut.
Using template $paramod$0c68694ad985ff128824a7f68f070a29cf1248a8$lut for cells of type $lut.
Using template $paramod$6f32b880c9dd6d42706c7b27b53f93933f1b0c8e$lut for cells of type $lut.
Using template $paramod$61bc98ece8c76bffd4acdf40e5f231340cba90fc$lut for cells of type $lut.
Using template $paramod$3751824aa15d879b13738f8fa603251a85c52773$lut for cells of type $lut.
Using template $paramod$d8029ce76ea320315888cc1bb450896cac4c4cbb$lut for cells of type $lut.
Using template $paramod$65ca986451a70e11046ba5d4d305846973c222d6$lut for cells of type $lut.
Using template $paramod$43a1127ec96b02b2bb1cbdfcddb002b5c95fb6f2$lut for cells of type $lut.
Using template $paramod$82a48e5f5771a531ca9edba4cc6af5165f5035d5$lut for cells of type $lut.
Using template $paramod$abf48188e3614c1739b33d0504840931a47e5ecf$lut for cells of type $lut.
Using template $paramod$7d8412f6dcacaed7436d21ace00b27b2188ceaa6$lut for cells of type $lut.
Using template $paramod$8f06d07a127ff875b1d9e8832a30e7d85de2e681$lut for cells of type $lut.
Using template $paramod$9111c18f641bf664beedaa072479a50f0236132a$lut for cells of type $lut.
Using template $paramod$e9e1958f576a6a2e025263e36f74a7d20880571b$lut for cells of type $lut.
Using template $paramod$4a1f311d6a44bf3bc91e28942aeee303d7d7af55$lut for cells of type $lut.
Using template $paramod$68998a48a605049a5eca1b8593092c92f89a4be7$lut for cells of type $lut.
Using template $paramod$0d8cc36b5ddd4c32b14d89add34664830ccbb5f3$lut for cells of type $lut.
Using template $paramod$3c8c1523682bf75f11a2583124c17d34fbfec5d8$lut for cells of type $lut.
Using template $paramod$fd6394d953e0ba70ce64c636d42c3f25e3e2024b$lut for cells of type $lut.
Using template $paramod$bdb988d47ac6d0c55dafd3035e8f63b6993454f5$lut for cells of type $lut.
Using template $paramod$88dbe4e843b4f1cb0b2aacecc5707fd2eb85cdcb$lut for cells of type $lut.
Using template $paramod$d57c292e4a2bb189583db4f0c11028a5e1b74d16$lut for cells of type $lut.
Using template $paramod$1af82f3aecefe0b41bd60affec9fd98a6d9f0f1c$lut for cells of type $lut.
Using template $paramod$2116f1f74b857aed3ce287341070b63b0fad3abf$lut for cells of type $lut.
Using template $paramod$32224f5f9c7776f736a9069b77a5f3134a551212$lut for cells of type $lut.
Using template $paramod$77814e20215147d412dde4b9ffe9377f730ab38d$lut for cells of type $lut.
Using template $paramod$6fff089ebc50f1eb9474d474a169620d56926266$lut for cells of type $lut.
Using template $paramod$dbd98bb37cc2f2fd6dec4582eba52f58e64e917f$lut for cells of type $lut.
Using template $paramod$2789389b49cb3fdd2f3ca80c01c92ac229d872cd$lut for cells of type $lut.
Using template $paramod$5a7e7875e93f82837fd36ae54625ba85cbf06071$lut for cells of type $lut.
Using template $paramod$7cb79e21340d56f4d160efed618a2e47c27317ae$lut for cells of type $lut.
Using template $paramod$cc6f168b93470fcc711df6312603d46c5e4b0e07$lut for cells of type $lut.
Using template $paramod$337dd1275162c2e127a0066e7ee0d3bf25f3963e$lut for cells of type $lut.
Using template $paramod$e8c1c5a527b5dfd56746085998c37b18e6d2f76b$lut for cells of type $lut.
Using template $paramod$52b3a698831fbcff4328015eca224eec8c520537$lut for cells of type $lut.
Using template $paramod$49a6f634e7c9d1cb4b44c712370cba1017810a2b$lut for cells of type $lut.
Using template $paramod$dadff75c617cf87bb5b8cfe47ca6c69fb6925370$lut for cells of type $lut.
Using template $paramod$6d52ae14f701e24a4a1a77efaca5e687fdb49b3e$lut for cells of type $lut.
Using template $paramod$4a793997734b7717d3d6895a69ec2093e8d14767$lut for cells of type $lut.
Using template $paramod$d02effac3e02ac176bbcd2062bbaea2ed5b5b59b$lut for cells of type $lut.
Using template $paramod$4d324acfa37ad616b6a43c45c58f15a6d31ae576$lut for cells of type $lut.
Using template $paramod$cf4375457300358c0fb788c92c8be65bafbf4c9e$lut for cells of type $lut.
Using template $paramod$edfa28b4ac1b7eb8213003fac5d149ecec47400b$lut for cells of type $lut.
Using template $paramod$4a153ce5486584cc54b4e0e2e52691077ed33b83$lut for cells of type $lut.
Using template $paramod$2f6e960aae4aea19fb536fb0ff6d962ec56f57c0$lut for cells of type $lut.
Using template $paramod$b31cca12c19064ad2178af1070268abc826d0581$lut for cells of type $lut.
Using template $paramod$da9d6eb00307d15292e014cd59e5b9098c71b3b1$lut for cells of type $lut.
Using template $paramod$9ecdc55702ad37cf94f93641bafe3661a60e2463$lut for cells of type $lut.
Using template $paramod$2a6c2a8739f93da34996afef3b645394b8a92221$lut for cells of type $lut.
Using template $paramod$a65175ef823896865c9ae9396127d2ba9a5de53d$lut for cells of type $lut.
Using template $paramod$3b4334bd25a3e9c6777f8ce65e399328493873d3$lut for cells of type $lut.
Using template $paramod$7d3e72c58dd7e34147fbe5cef217a08a8255dde7$lut for cells of type $lut.
Using template $paramod$738daacac7a6d80a89b2d97109b90db9b2708a27$lut for cells of type $lut.
Using template $paramod$78a55afec9c526921dde0c25202d36fb925fa376$lut for cells of type $lut.
Using template $paramod$704420f758ee47e3800035f7918db8ab4b7d4648$lut for cells of type $lut.
Using template $paramod$2acc56796dae1e7bbd8d34441a24f749523f3d30$lut for cells of type $lut.
Using template $paramod$d8ae57848ff2e6e265e3b7563d6126d5f83fe053$lut for cells of type $lut.
Using template $paramod$ae02861637c27b99dff530b5ba8a9591398006c1$lut for cells of type $lut.
Using template $paramod$59b95855fa36205655e2973b709c11f2a03b0a93$lut for cells of type $lut.
Using template $paramod$c2237cd71a1eed1cb68d3f8ec6b57ee090358854$lut for cells of type $lut.
Using template $paramod$205acc7135a2422a7e9db4f206b42e98a564ad72$lut for cells of type $lut.
Using template $paramod$5d26b64f795b374c72463b21bede4dda944c503d$lut for cells of type $lut.
Using template $paramod$471db0470c1c7ec0426329c3bb2a7ce1c59f454f$lut for cells of type $lut.
Using template $paramod$3bfedfe38222f984e855927f0f522504cb5d5e58$lut for cells of type $lut.
Using template $paramod$70bc37c61fb7a1a9a5e0807a4d75a7458b306a72$lut for cells of type $lut.
Using template $paramod$af2ffc2f953646f83a1cb652b7133d57584fc15e$lut for cells of type $lut.
Using template $paramod$c010931871a763d51ba76581e877e7e7fcbee2df$lut for cells of type $lut.
Using template $paramod$2b52ee5a4a9c7d20c986d00673bdde18726abc6e$lut for cells of type $lut.
Using template $paramod$87b429616536c13e6628d215a8648fcfa94ebd33$lut for cells of type $lut.
Using template $paramod$ba35a1a8701852a7e9d5bdb4d50bccff8b2f9541$lut for cells of type $lut.
Using template $paramod$56bfb9c7bc4e9d036b2c8ade273bc395ad3f1805$lut for cells of type $lut.
Using template $paramod$103a22899897181e471b956a0a46471e7c6ac6a5$lut for cells of type $lut.
Using template $paramod$8105dcb6e7b1409109d0cb9be58787b7bb5e3d45$lut for cells of type $lut.
Using template $paramod$e0b192dcf742212c7befd720b774997b20cd9310$lut for cells of type $lut.
Using template $paramod$a0cf25a462775f827a095ab1cfae41bffe2a7b04$lut for cells of type $lut.
Using template $paramod$27af436a4436bbefc8f1ed9df1277823fdcafb1c$lut for cells of type $lut.
Using template $paramod$8e7f4d4ed756f4811a3508507d4f415d009fa256$lut for cells of type $lut.
Using template $paramod$a613b9fef3cc9774cac6b23709fb15a5abfb223a$lut for cells of type $lut.
Using template $paramod$93fad86b93630519b724b38379e05ca19e0bd207$lut for cells of type $lut.
Using template $paramod$e5af56e83790e6a0a1387947b2f0432d5aae770c$lut for cells of type $lut.
Using template $paramod$f1bdf5268949b7a35eadbfacdb53293543d36a3a$lut for cells of type $lut.
Using template $paramod$278278da8d76ea5cbd78cd718b45f52986d1194a$lut for cells of type $lut.
No more expansions possible.
<suppressed ~6328 debug messages>

9.46. Executing OPT_LUT_INS pass (discard unused LUT inputs).
Optimizing LUTs in sf_debug_top.
  Optimizing lut $abc$36021$lut$aiger$o712.genblk1.genblk1.genblk1.genblk1.genblk1.genblk1.genblk1.genblk1.lut0.genblk1.genblk1.genblk1.genblk1.genblk1.genblk1.genblk1.lut1.genblk1.genblk1.genblk1.genblk1.genblk1.genblk1.lut0.genblk1.genblk1.genblk1.genblk1.genblk1.lut1 (4 -> 1)
  Optimizing lut $abc$36021$lut$aiger$o153.genblk1.genblk1.genblk1.genblk1.genblk1.genblk1.genblk1.genblk1.lut1.genblk1.genblk1.genblk1.genblk1.genblk1.genblk1.genblk1.lut0.genblk1.genblk1.genblk1.genblk1.genblk1.genblk1.lut0.genblk1.genblk1.genblk1.genblk1.genblk1.lut0 (4 -> 0)
  Optimizing lut $abc$36021$lut$aiger$o153.genblk1.genblk1.genblk1.genblk1.genblk1.genblk1.genblk1.genblk1.lut1.genblk1.genblk1.genblk1.genblk1.genblk1.genblk1.genblk1.lut1.genblk1.genblk1.genblk1.genblk1.genblk1.genblk1.lut1.genblk1.genblk1.genblk1.genblk1.genblk1.lut0 (4 -> 2)
  Optimizing lut $abc$36021$lut$aiger$o153.genblk1.genblk1.genblk1.genblk1.genblk1.genblk1.genblk1.genblk1.lut1.genblk1.genblk1.genblk1.genblk1.genblk1.genblk1.genblk1.lut1.genblk1.genblk1.genblk1.genblk1.genblk1.genblk1.lut0.genblk1.genblk1.genblk1.genblk1.genblk1.lut0 (4 -> 0)
  Optimizing lut $abc$36021$lut$aiger$o153.genblk1.genblk1.genblk1.genblk1.genblk1.genblk1.genblk1.genblk1.lut0.genblk1.genblk1.genblk1.genblk1.genblk1.genblk1.genblk1.lut0.genblk1.genblk1.genblk1.genblk1.genblk1.genblk1.lut1.genblk1.genblk1.genblk1.genblk1.genblk1.lut0 (4 -> 2)
  Optimizing lut $abc$36021$lut$aiger$o153.genblk1.genblk1.genblk1.genblk1.genblk1.genblk1.genblk1.genblk1.lut0.genblk1.genblk1.genblk1.genblk1.genblk1.genblk1.genblk1.lut0.genblk1.genblk1.genblk1.genblk1.genblk1.genblk1.lut0.genblk1.genblk1.genblk1.genblk1.genblk1.lut0 (4 -> 0)
  Optimizing lut $abc$36021$lut$aiger$o153.genblk1.genblk1.genblk1.genblk1.genblk1.genblk1.genblk1.genblk1.lut0.genblk1.genblk1.genblk1.genblk1.genblk1.genblk1.genblk1.lut1.genblk1.genblk1.genblk1.genblk1.genblk1.genblk1.lut1.genblk1.genblk1.genblk1.genblk1.genblk1.lut0 (4 -> 2)
  Optimizing lut $abc$36021$lut$aiger$o153.genblk1.genblk1.genblk1.genblk1.genblk1.genblk1.genblk1.genblk1.lut0.genblk1.genblk1.genblk1.genblk1.genblk1.genblk1.genblk1.lut1.genblk1.genblk1.genblk1.genblk1.genblk1.genblk1.lut0.genblk1.genblk1.genblk1.genblk1.genblk1.lut0 (4 -> 0)
  Optimizing lut $abc$36021$lut$aiger36020$3901.genblk1.genblk1.genblk1.genblk1.genblk1.genblk1.genblk1.genblk1.lut1.genblk1.genblk1.genblk1.genblk1.genblk1.genblk1.genblk1.lut0.genblk1.genblk1.genblk1.genblk1.genblk1.genblk1.lut1.genblk1.genblk1.genblk1.genblk1.genblk1.lut0 (4 -> 0)
  Optimizing lut $abc$36021$lut$aiger36020$3901.genblk1.genblk1.genblk1.genblk1.genblk1.genblk1.genblk1.genblk1.lut1.genblk1.genblk1.genblk1.genblk1.genblk1.genblk1.genblk1.lut0.genblk1.genblk1.genblk1.genblk1.genblk1.genblk1.lut0.genblk1.genblk1.genblk1.genblk1.genblk1.lut0 (4 -> 0)
  Optimizing lut $abc$36021$lut$aiger36020$3901.genblk1.genblk1.genblk1.genblk1.genblk1.genblk1.genblk1.genblk1.lut1.genblk1.genblk1.genblk1.genblk1.genblk1.genblk1.genblk1.lut1.genblk1.genblk1.genblk1.genblk1.genblk1.genblk1.lut1.genblk1.genblk1.genblk1.genblk1.genblk1.lut0 (4 -> 0)
  Optimizing lut $abc$36021$lut$aiger36020$3901.genblk1.genblk1.genblk1.genblk1.genblk1.genblk1.genblk1.genblk1.lut1.genblk1.genblk1.genblk1.genblk1.genblk1.genblk1.genblk1.lut1.genblk1.genblk1.genblk1.genblk1.genblk1.genblk1.lut0.genblk1.genblk1.genblk1.genblk1.genblk1.lut0 (4 -> 0)
  Optimizing lut $abc$36021$lut$aiger36020$3901.genblk1.genblk1.genblk1.genblk1.genblk1.genblk1.genblk1.genblk1.lut0.genblk1.genblk1.genblk1.genblk1.genblk1.genblk1.genblk1.lut0.genblk1.genblk1.genblk1.genblk1.genblk1.genblk1.lut1.genblk1.genblk1.genblk1.genblk1.genblk1.lut0 (4 -> 0)
  Optimizing lut $abc$36021$lut$aiger36020$3901.genblk1.genblk1.genblk1.genblk1.genblk1.genblk1.genblk1.genblk1.lut0.genblk1.genblk1.genblk1.genblk1.genblk1.genblk1.genblk1.lut0.genblk1.genblk1.genblk1.genblk1.genblk1.genblk1.lut0.genblk1.genblk1.genblk1.genblk1.genblk1.lut0 (4 -> 0)
  Optimizing lut $abc$36021$lut$aiger36020$3901.genblk1.genblk1.genblk1.genblk1.genblk1.genblk1.genblk1.genblk1.lut0.genblk1.genblk1.genblk1.genblk1.genblk1.genblk1.genblk1.lut1.genblk1.genblk1.genblk1.genblk1.genblk1.genblk1.lut1.genblk1.genblk1.genblk1.genblk1.genblk1.lut0 (4 -> 0)
  Optimizing lut $abc$36021$lut$aiger36020$3901.genblk1.genblk1.genblk1.genblk1.genblk1.genblk1.genblk1.genblk1.lut0.genblk1.genblk1.genblk1.genblk1.genblk1.genblk1.genblk1.lut1.genblk1.genblk1.genblk1.genblk1.genblk1.genblk1.lut0.genblk1.genblk1.genblk1.genblk1.genblk1.lut0 (4 -> 0)
  Optimizing lut $abc$36021$lut$aiger36020$4245.genblk1.genblk1.genblk1.genblk1.genblk1.genblk1.genblk1.genblk1.lut1.genblk1.genblk1.genblk1.genblk1.genblk1.genblk1.genblk1.lut0.genblk1.genblk1.genblk1.genblk1.genblk1.genblk1.lut1.genblk1.genblk1.genblk1.genblk1.genblk1.lut0 (4 -> 3)
  Optimizing lut $abc$36021$lut$aiger36020$4245.genblk1.genblk1.genblk1.genblk1.genblk1.genblk1.genblk1.genblk1.lut1.genblk1.genblk1.genblk1.genblk1.genblk1.genblk1.genblk1.lut0.genblk1.genblk1.genblk1.genblk1.genblk1.genblk1.lut0.genblk1.genblk1.genblk1.genblk1.genblk1.lut0 (4 -> 2)
  Optimizing lut $abc$36021$lut$aiger36020$4245.genblk1.genblk1.genblk1.genblk1.genblk1.genblk1.genblk1.genblk1.lut1.genblk1.genblk1.genblk1.genblk1.genblk1.genblk1.genblk1.lut1.genblk1.genblk1.genblk1.genblk1.genblk1.genblk1.lut1.genblk1.genblk1.genblk1.genblk1.genblk1.lut0 (4 -> 2)
  Optimizing lut $abc$36021$lut$aiger36020$4245.genblk1.genblk1.genblk1.genblk1.genblk1.genblk1.genblk1.genblk1.lut1.genblk1.genblk1.genblk1.genblk1.genblk1.genblk1.genblk1.lut1.genblk1.genblk1.genblk1.genblk1.genblk1.genblk1.lut0.genblk1.genblk1.genblk1.genblk1.genblk1.lut0 (4 -> 2)
  Optimizing lut $abc$36021$lut$aiger36020$4245.genblk1.genblk1.genblk1.genblk1.genblk1.genblk1.genblk1.genblk1.lut0.genblk1.genblk1.genblk1.genblk1.genblk1.genblk1.genblk1.lut0.genblk1.genblk1.genblk1.genblk1.genblk1.genblk1.lut1.genblk1.genblk1.genblk1.genblk1.genblk1.lut0 (4 -> 3)
  Optimizing lut $abc$36021$lut$aiger36020$4245.genblk1.genblk1.genblk1.genblk1.genblk1.genblk1.genblk1.genblk1.lut0.genblk1.genblk1.genblk1.genblk1.genblk1.genblk1.genblk1.lut0.genblk1.genblk1.genblk1.genblk1.genblk1.genblk1.lut0.genblk1.genblk1.genblk1.genblk1.genblk1.lut0 (4 -> 2)
  Optimizing lut $abc$36021$lut$aiger36020$4245.genblk1.genblk1.genblk1.genblk1.genblk1.genblk1.genblk1.genblk1.lut0.genblk1.genblk1.genblk1.genblk1.genblk1.genblk1.genblk1.lut1.genblk1.genblk1.genblk1.genblk1.genblk1.genblk1.lut1.genblk1.genblk1.genblk1.genblk1.genblk1.lut0 (4 -> 3)
  Optimizing lut $abc$36021$lut$aiger36020$4245.genblk1.genblk1.genblk1.genblk1.genblk1.genblk1.genblk1.genblk1.lut0.genblk1.genblk1.genblk1.genblk1.genblk1.genblk1.genblk1.lut1.genblk1.genblk1.genblk1.genblk1.genblk1.genblk1.lut0.genblk1.genblk1.genblk1.genblk1.genblk1.lut0 (4 -> 2)
  Optimizing lut $abc$36021$lut$aiger36020$4603.genblk1.genblk1.genblk1.genblk1.genblk1.genblk1.genblk1.lut1.genblk1.genblk1.genblk1.genblk1.genblk1.genblk1.lut0.genblk1.genblk1.genblk1.genblk1.genblk1.lut1 (4 -> 1)
  Optimizing lut $abc$36021$lut$aiger$o712.genblk1.genblk1.genblk1.genblk1.genblk1.genblk1.genblk1.genblk1.lut1.genblk1.genblk1.genblk1.genblk1.genblk1.genblk1.genblk1.lut0.genblk1.genblk1.genblk1.genblk1.genblk1.genblk1.lut0.genblk1.genblk1.genblk1.genblk1.genblk1.lut0 (4 -> 2)
  Optimizing lut $abc$36021$lut$aiger$o712.genblk1.genblk1.genblk1.genblk1.genblk1.genblk1.genblk1.genblk1.lut1.genblk1.genblk1.genblk1.genblk1.genblk1.genblk1.genblk1.lut1.genblk1.genblk1.genblk1.genblk1.genblk1.genblk1.lut0.genblk1.genblk1.genblk1.genblk1.genblk1.lut0 (4 -> 2)
  Optimizing lut $abc$36021$lut$aiger$o712.genblk1.genblk1.genblk1.genblk1.genblk1.genblk1.genblk1.genblk1.lut0.genblk1.genblk1.genblk1.genblk1.genblk1.genblk1.genblk1.lut0.genblk1.genblk1.genblk1.genblk1.genblk1.genblk1.lut0.genblk1.genblk1.genblk1.genblk1.genblk1.lut0 (4 -> 2)
  Optimizing lut $abc$36021$lut$aiger$o712.genblk1.genblk1.genblk1.genblk1.genblk1.genblk1.genblk1.genblk1.lut0.genblk1.genblk1.genblk1.genblk1.genblk1.genblk1.genblk1.lut1.genblk1.genblk1.genblk1.genblk1.genblk1.genblk1.lut0.genblk1.genblk1.genblk1.genblk1.genblk1.lut0 (4 -> 2)
  Optimizing lut $auto$abc_ops_reintegrate.cc:611:reintegrate$36032.genblk1.genblk1.genblk1.genblk1.genblk1.genblk1.lut0.genblk1.genblk1.genblk1.genblk1.genblk1.lut1 (4 -> 2)
  Optimizing lut $abc$36021$lut$aiger$o712.genblk1.genblk1.genblk1.genblk1.genblk1.genblk1.genblk1.genblk1.lut1.genblk1.genblk1.genblk1.genblk1.genblk1.genblk1.genblk1.lut1.genblk1.genblk1.genblk1.genblk1.genblk1.genblk1.lut0.genblk1.genblk1.genblk1.genblk1.genblk1.lut1 (4 -> 2)
  Optimizing lut $abc$36021$lut$aiger$o712.genblk1.genblk1.genblk1.genblk1.genblk1.genblk1.genblk1.genblk1.lut1.genblk1.genblk1.genblk1.genblk1.genblk1.genblk1.genblk1.lut0.genblk1.genblk1.genblk1.genblk1.genblk1.genblk1.lut0.genblk1.genblk1.genblk1.genblk1.genblk1.lut1 (4 -> 1)
  Optimizing lut $abc$36021$lut$aiger36020$4245.genblk1.genblk1.genblk1.genblk1.genblk1.genblk1.genblk1.genblk1.lut0.genblk1.genblk1.genblk1.genblk1.genblk1.genblk1.genblk1.lut1.genblk1.genblk1.genblk1.genblk1.genblk1.genblk1.lut0.genblk1.genblk1.genblk1.genblk1.genblk1.lut1 (4 -> 2)
  Optimizing lut $abc$36021$lut$aiger36020$4521.genblk1.genblk1.genblk1.genblk1.genblk1.genblk1.genblk1.lut0.genblk1.genblk1.genblk1.genblk1.genblk1.genblk1.lut1.genblk1.genblk1.genblk1.genblk1.genblk1.lut0 (4 -> 2)
  Optimizing lut $abc$36021$lut$aiger36020$4521.genblk1.genblk1.genblk1.genblk1.genblk1.genblk1.genblk1.lut0.genblk1.genblk1.genblk1.genblk1.genblk1.genblk1.lut0.genblk1.genblk1.genblk1.genblk1.genblk1.lut0 (4 -> 0)
  Optimizing lut $abc$36021$lut$aiger36020$4521.genblk1.genblk1.genblk1.genblk1.genblk1.genblk1.genblk1.lut1.genblk1.genblk1.genblk1.genblk1.genblk1.genblk1.lut1.genblk1.genblk1.genblk1.genblk1.genblk1.lut0 (4 -> 0)
  Optimizing lut $abc$36021$lut$aiger36020$4521.genblk1.genblk1.genblk1.genblk1.genblk1.genblk1.genblk1.lut1.genblk1.genblk1.genblk1.genblk1.genblk1.genblk1.lut0.genblk1.genblk1.genblk1.genblk1.genblk1.lut0 (4 -> 0)
  Optimizing lut $abc$36021$lut$aiger36020$4603.genblk1.genblk1.genblk1.genblk1.genblk1.genblk1.genblk1.lut0.genblk1.genblk1.genblk1.genblk1.genblk1.genblk1.lut0.genblk1.genblk1.genblk1.genblk1.genblk1.lut0 (4 -> 1)
  Optimizing lut $abc$36021$lut$aiger36020$4603.genblk1.genblk1.genblk1.genblk1.genblk1.genblk1.genblk1.lut1.genblk1.genblk1.genblk1.genblk1.genblk1.genblk1.lut1.genblk1.genblk1.genblk1.genblk1.genblk1.lut0 (4 -> 1)
  Optimizing lut $abc$36021$lut$aiger36020$4603.genblk1.genblk1.genblk1.genblk1.genblk1.genblk1.genblk1.lut1.genblk1.genblk1.genblk1.genblk1.genblk1.genblk1.lut0.genblk1.genblk1.genblk1.genblk1.genblk1.lut0 (4 -> 1)
  Optimizing lut $auto$abc_ops_reintegrate.cc:611:reintegrate$36037.genblk1.genblk1.genblk1.genblk1.genblk1.genblk1.lut0.genblk1.genblk1.genblk1.genblk1.genblk1.lut1 (4 -> 3)
  Optimizing lut $abc$36021$lut$aiger36020$4245.genblk1.genblk1.genblk1.genblk1.genblk1.genblk1.genblk1.genblk1.lut1.genblk1.genblk1.genblk1.genblk1.genblk1.genblk1.genblk1.lut1.genblk1.genblk1.genblk1.genblk1.genblk1.genblk1.lut0.genblk1.genblk1.genblk1.genblk1.genblk1.lut1 (4 -> 2)
  Optimizing lut $abc$36021$lut$aiger36020$4245.genblk1.genblk1.genblk1.genblk1.genblk1.genblk1.genblk1.genblk1.lut1.genblk1.genblk1.genblk1.genblk1.genblk1.genblk1.genblk1.lut0.genblk1.genblk1.genblk1.genblk1.genblk1.genblk1.lut0.genblk1.genblk1.genblk1.genblk1.genblk1.lut1 (4 -> 2)
  Optimizing lut $abc$36021$lut$aiger36020$3901.genblk1.genblk1.genblk1.genblk1.genblk1.genblk1.genblk1.genblk1.lut0.genblk1.genblk1.genblk1.genblk1.genblk1.genblk1.genblk1.lut1.genblk1.genblk1.genblk1.genblk1.genblk1.genblk1.lut0.genblk1.genblk1.genblk1.genblk1.genblk1.lut1 (4 -> 0)
  Optimizing lut $abc$36021$lut$aiger36020$3901.genblk1.genblk1.genblk1.genblk1.genblk1.genblk1.genblk1.genblk1.lut0.genblk1.genblk1.genblk1.genblk1.genblk1.genblk1.genblk1.lut0.genblk1.genblk1.genblk1.genblk1.genblk1.genblk1.lut0.genblk1.genblk1.genblk1.genblk1.genblk1.lut1 (4 -> 0)
  Optimizing lut $abc$36021$lut$aiger36020$3901.genblk1.genblk1.genblk1.genblk1.genblk1.genblk1.genblk1.genblk1.lut1.genblk1.genblk1.genblk1.genblk1.genblk1.genblk1.genblk1.lut0.genblk1.genblk1.genblk1.genblk1.genblk1.genblk1.lut0.genblk1.genblk1.genblk1.genblk1.genblk1.lut1 (4 -> 0)
  Optimizing lut $abc$36021$lut$aiger$o153.genblk1.genblk1.genblk1.genblk1.genblk1.genblk1.genblk1.genblk1.lut0.genblk1.genblk1.genblk1.genblk1.genblk1.genblk1.genblk1.lut1.genblk1.genblk1.genblk1.genblk1.genblk1.genblk1.lut0.genblk1.genblk1.genblk1.genblk1.genblk1.lut1 (4 -> 0)
  Optimizing lut $abc$36021$lut$aiger$o153.genblk1.genblk1.genblk1.genblk1.genblk1.genblk1.genblk1.genblk1.lut0.genblk1.genblk1.genblk1.genblk1.genblk1.genblk1.genblk1.lut0.genblk1.genblk1.genblk1.genblk1.genblk1.genblk1.lut0.genblk1.genblk1.genblk1.genblk1.genblk1.lut1 (4 -> 0)
  Optimizing lut $abc$36021$lut$aiger$o153.genblk1.genblk1.genblk1.genblk1.genblk1.genblk1.genblk1.genblk1.lut1.genblk1.genblk1.genblk1.genblk1.genblk1.genblk1.genblk1.lut1.genblk1.genblk1.genblk1.genblk1.genblk1.genblk1.lut0.genblk1.genblk1.genblk1.genblk1.genblk1.lut1 (4 -> 0)
  Optimizing lut $abc$36021$lut$aiger$o153.genblk1.genblk1.genblk1.genblk1.genblk1.genblk1.genblk1.genblk1.lut1.genblk1.genblk1.genblk1.genblk1.genblk1.genblk1.genblk1.lut0.genblk1.genblk1.genblk1.genblk1.genblk1.genblk1.lut0.genblk1.genblk1.genblk1.genblk1.genblk1.lut1 (4 -> 0)
  Optimizing lut $abc$36021$lut$aiger$o2043.genblk1.genblk1.genblk1.genblk1.genblk1.genblk1.genblk1.lut0.genblk1.genblk1.genblk1.genblk1.genblk1.genblk1.lut1.genblk1.genblk1.genblk1.genblk1.genblk1.lut0 (4 -> 2)
  Optimizing lut $abc$36021$lut$aiger$o2043.genblk1.genblk1.genblk1.genblk1.genblk1.genblk1.genblk1.lut0.genblk1.genblk1.genblk1.genblk1.genblk1.genblk1.lut0.genblk1.genblk1.genblk1.genblk1.genblk1.lut0 (4 -> 2)
  Optimizing lut $abc$36021$lut$aiger$o2043.genblk1.genblk1.genblk1.genblk1.genblk1.genblk1.genblk1.lut1.genblk1.genblk1.genblk1.genblk1.genblk1.genblk1.lut1.genblk1.genblk1.genblk1.genblk1.genblk1.lut0 (4 -> 2)
  Optimizing lut $abc$36021$lut$aiger$o2043.genblk1.genblk1.genblk1.genblk1.genblk1.genblk1.genblk1.lut1.genblk1.genblk1.genblk1.genblk1.genblk1.genblk1.lut0.genblk1.genblk1.genblk1.genblk1.genblk1.lut0 (4 -> 2)
  Optimizing lut $abc$36021$lut$aiger$o153.genblk1.genblk1.genblk1.genblk1.genblk1.genblk1.genblk1.genblk1.lut1.genblk1.genblk1.genblk1.genblk1.genblk1.genblk1.genblk1.lut0.genblk1.genblk1.genblk1.genblk1.genblk1.genblk1.lut1.genblk1.genblk1.genblk1.genblk1.genblk1.lut0 (4 -> 2)
  Optimizing lut $abc$36021$lut$aiger$o153.genblk1.genblk1.genblk1.genblk1.genblk1.genblk1.genblk1.genblk1.lut1.genblk1.genblk1.genblk1.genblk1.genblk1.genblk1.genblk1.lut1.genblk1.genblk1.genblk1.genblk1.genblk1.genblk1.lut1.genblk1.genblk1.genblk1.genblk1.genblk1.lut1 (4 -> 0)
  Optimizing lut $abc$36021$lut$aiger$o153.genblk1.genblk1.genblk1.genblk1.genblk1.genblk1.genblk1.genblk1.lut0.genblk1.genblk1.genblk1.genblk1.genblk1.genblk1.genblk1.lut1.genblk1.genblk1.genblk1.genblk1.genblk1.genblk1.lut1.genblk1.genblk1.genblk1.genblk1.genblk1.lut1 (4 -> 3)
  Optimizing lut $abc$36021$lut$aiger36020$3901.genblk1.genblk1.genblk1.genblk1.genblk1.genblk1.genblk1.genblk1.lut1.genblk1.genblk1.genblk1.genblk1.genblk1.genblk1.genblk1.lut1.genblk1.genblk1.genblk1.genblk1.genblk1.genblk1.lut1.genblk1.genblk1.genblk1.genblk1.genblk1.lut1 (4 -> 0)
  Optimizing lut $abc$36021$lut$aiger36020$3901.genblk1.genblk1.genblk1.genblk1.genblk1.genblk1.genblk1.genblk1.lut0.genblk1.genblk1.genblk1.genblk1.genblk1.genblk1.genblk1.lut1.genblk1.genblk1.genblk1.genblk1.genblk1.genblk1.lut1.genblk1.genblk1.genblk1.genblk1.genblk1.lut1 (4 -> 0)
  Optimizing lut $abc$36021$lut$aiger36020$4245.genblk1.genblk1.genblk1.genblk1.genblk1.genblk1.genblk1.genblk1.lut0.genblk1.genblk1.genblk1.genblk1.genblk1.genblk1.genblk1.lut1.genblk1.genblk1.genblk1.genblk1.genblk1.genblk1.lut1.genblk1.genblk1.genblk1.genblk1.genblk1.lut1 (4 -> 2)
  Optimizing lut $auto$abc_ops_reintegrate.cc:611:reintegrate$36042.genblk1.genblk1.genblk1.genblk1.genblk1.genblk1.lut1.genblk1.genblk1.genblk1.genblk1.genblk1.lut0 (4 -> 3)
  Optimizing lut $abc$36021$lut$aiger36020$4283.genblk1.genblk1.genblk1.genblk1.genblk1.lut1 (4 -> 0)
  Optimizing lut $abc$36021$lut$aiger36020$4481.genblk1.genblk1.genblk1.genblk1.genblk1.genblk1.lut0.genblk1.genblk1.genblk1.genblk1.genblk1.lut0 (4 -> 0)
  Optimizing lut $auto$abc_ops_reintegrate.cc:611:reintegrate$36039.genblk1.genblk1.genblk1.genblk1.genblk1.lut1 (4 -> 3)
  Optimizing lut $abc$36021$lut$aiger36020$4603.genblk1.genblk1.genblk1.genblk1.genblk1.genblk1.genblk1.lut0.genblk1.genblk1.genblk1.genblk1.genblk1.genblk1.lut0.genblk1.genblk1.genblk1.genblk1.genblk1.lut1 (4 -> 1)
  Optimizing lut $auto$abc_ops_reintegrate.cc:611:reintegrate$36036.genblk1.genblk1.genblk1.genblk1.genblk1.genblk1.genblk1.lut1.genblk1.genblk1.genblk1.genblk1.genblk1.genblk1.lut0.genblk1.genblk1.genblk1.genblk1.genblk1.lut1 (4 -> 2)
  Optimizing lut $auto$abc_ops_reintegrate.cc:611:reintegrate$36036.genblk1.genblk1.genblk1.genblk1.genblk1.genblk1.genblk1.lut0.genblk1.genblk1.genblk1.genblk1.genblk1.genblk1.lut0.genblk1.genblk1.genblk1.genblk1.genblk1.lut1 (4 -> 2)
  Optimizing lut $abc$36021$lut$aiger36020$4521.genblk1.genblk1.genblk1.genblk1.genblk1.genblk1.genblk1.lut1.genblk1.genblk1.genblk1.genblk1.genblk1.genblk1.lut0.genblk1.genblk1.genblk1.genblk1.genblk1.lut1 (4 -> 0)
  Optimizing lut $abc$36021$lut$aiger$o760.genblk1.genblk1.genblk1.genblk1.genblk1.lut0 (4 -> 0)
  Optimizing lut $abc$36021$lut$aiger36020$4883.genblk1.genblk1.genblk1.genblk1.genblk1.lut0 (4 -> 1)
  Optimizing lut $abc$36021$lut$aiger36020$4847.genblk1.genblk1.genblk1.genblk1.genblk1.lut0 (4 -> 3)
  Optimizing lut $abc$36021$lut$aiger36020$4831.genblk1.genblk1.genblk1.genblk1.genblk1.lut0 (4 -> 0)
  Optimizing lut $abc$36021$lut$aiger36020$4521.genblk1.genblk1.genblk1.genblk1.genblk1.genblk1.genblk1.lut1.genblk1.genblk1.genblk1.genblk1.genblk1.genblk1.lut1.genblk1.genblk1.genblk1.genblk1.genblk1.lut1 (4 -> 0)
  Optimizing lut $abc$36021$lut$aiger36020$4495.genblk1.genblk1.genblk1.genblk1.genblk1.lut0 (4 -> 0)
  Optimizing lut $abc$36021$lut$aiger36020$4491.genblk1.genblk1.genblk1.genblk1.genblk1.lut0 (4 -> 3)
  Optimizing lut $abc$36021$lut$aiger36020$4515.genblk1.genblk1.genblk1.genblk1.genblk1.lut0 (4 -> 2)
  Optimizing lut $abc$36021$lut$aiger36020$4603.genblk1.genblk1.genblk1.genblk1.genblk1.genblk1.genblk1.lut1.genblk1.genblk1.genblk1.genblk1.genblk1.genblk1.lut1.genblk1.genblk1.genblk1.genblk1.genblk1.lut1 (4 -> 1)
  Optimizing lut $auto$abc_ops_reintegrate.cc:611:reintegrate$36040.genblk1.genblk1.genblk1.genblk1.genblk1.genblk1.lut0.genblk1.genblk1.genblk1.genblk1.genblk1.lut1 (4 -> 3)
  Optimizing lut $auto$abc_ops_reintegrate.cc:611:reintegrate$36041.genblk1.genblk1.genblk1.genblk1.genblk1.genblk1.lut0.genblk1.genblk1.genblk1.genblk1.genblk1.lut1 (4 -> 3)
  Optimizing lut $abc$36021$lut$aiger36020$3741.genblk1.genblk1.genblk1.genblk1.genblk1.lut0 (4 -> 0)
  Optimizing lut $abc$36021$lut$aiger36020$3857.genblk1.genblk1.genblk1.genblk1.genblk1.lut0 (4 -> 0)
  Optimizing lut $auto$abc_ops_reintegrate.cc:611:reintegrate$36066.genblk1.genblk1.genblk1.genblk1.genblk1.lut0 (4 -> 3)
  Optimizing lut $auto$abc_ops_reintegrate.cc:611:reintegrate$36067.genblk1.genblk1.genblk1.genblk1.genblk1.lut0 (4 -> 3)
  Optimizing lut $auto$abc_ops_reintegrate.cc:611:reintegrate$36068.genblk1.genblk1.genblk1.genblk1.genblk1.lut0 (4 -> 3)
  Optimizing lut $auto$abc_ops_reintegrate.cc:611:reintegrate$36069.genblk1.genblk1.genblk1.genblk1.genblk1.lut0 (4 -> 3)
  Optimizing lut $auto$abc_ops_reintegrate.cc:611:reintegrate$36070.genblk1.genblk1.genblk1.genblk1.genblk1.lut0 (4 -> 3)
  Optimizing lut $auto$abc_ops_reintegrate.cc:611:reintegrate$36071.genblk1.genblk1.genblk1.genblk1.genblk1.lut0 (4 -> 3)
  Optimizing lut $auto$abc_ops_reintegrate.cc:611:reintegrate$36073.genblk1.genblk1.genblk1.genblk1.genblk1.lut0 (4 -> 3)
  Optimizing lut $abc$36021$lut$aiger36020$2893.genblk1.genblk1.genblk1.genblk1.genblk1.lut0 (4 -> 0)
  Optimizing lut $abc$36021$lut$aiger36020$2861.genblk1.genblk1.genblk1.genblk1.genblk1.lut0 (4 -> 0)
  Optimizing lut $abc$36021$lut$aiger36020$2833.genblk1.genblk1.genblk1.genblk1.genblk1.lut0 (4 -> 0)
  Optimizing lut $abc$36021$lut$aiger36020$3240.genblk1.genblk1.genblk1.genblk1.genblk1.lut0 (4 -> 0)
  Optimizing lut $abc$36021$lut$aiger36020$2697.genblk1.genblk1.genblk1.genblk1.genblk1.lut0 (4 -> 0)
  Optimizing lut $auto$abc_ops_reintegrate.cc:611:reintegrate$36023.genblk1.genblk1.genblk1.genblk1.genblk1.lut1 (4 -> 3)
  Optimizing lut $abc$36021$lut$aiger36020$4229.genblk1.genblk1.genblk1.genblk1.genblk1.lut0 (4 -> 0)
  Optimizing lut $abc$36021$lut$aiger$o2043.genblk1.genblk1.genblk1.genblk1.genblk1.genblk1.genblk1.lut0.genblk1.genblk1.genblk1.genblk1.genblk1.genblk1.lut0.genblk1.genblk1.genblk1.genblk1.genblk1.lut1 (4 -> 3)
  Optimizing lut $abc$36021$lut$aiger$o2043.genblk1.genblk1.genblk1.genblk1.genblk1.genblk1.genblk1.lut0.genblk1.genblk1.genblk1.genblk1.genblk1.genblk1.lut1.genblk1.genblk1.genblk1.genblk1.genblk1.lut1 (4 -> 3)
  Optimizing lut $abc$36021$lut$aiger36020$4245.genblk1.genblk1.genblk1.genblk1.genblk1.genblk1.genblk1.genblk1.lut0.genblk1.genblk1.genblk1.genblk1.genblk1.genblk1.genblk1.lut0.genblk1.genblk1.genblk1.genblk1.genblk1.genblk1.lut0.genblk1.genblk1.genblk1.genblk1.genblk1.lut1 (4 -> 2)
  Optimizing lut $abc$36021$lut$aiger36020$4876.genblk1.genblk1.genblk1.genblk1.genblk1.lut0 (4 -> 0)
  Optimizing lut $abc$36021$lut$aiger$o759.genblk1.genblk1.genblk1.genblk1.genblk1.lut0 (4 -> 0)
  Optimizing lut $auto$abc_ops_reintegrate.cc:611:reintegrate$36024.genblk1.genblk1.genblk1.genblk1.genblk1.lut1 (4 -> 3)
  Optimizing lut $abc$36021$lut$aiger36020$4424.genblk1.genblk1.genblk1.genblk1.genblk1.lut0 (4 -> 3)
  Optimizing lut $abc$36021$lut$aiger36020$3129.genblk1.genblk1.genblk1.genblk1.genblk1.lut1 (4 -> 0)
  Optimizing lut $abc$36021$lut$aiger36020$3088.genblk1.genblk1.genblk1.genblk1.genblk1.lut0 (4 -> 1)
  Optimizing lut $auto$abc_ops_reintegrate.cc:611:reintegrate$36103.genblk1.genblk1.genblk1.genblk1.genblk1.lut1 (4 -> 3)
  Optimizing lut $abc$36021$lut$aiger36020$3081.genblk1.genblk1.genblk1.genblk1.genblk1.lut0 (4 -> 0)
  Optimizing lut $abc$36021$lut$aiger36020$2965.genblk1.genblk1.genblk1.genblk1.genblk1.lut1 (4 -> 0)
  Optimizing lut $abc$36021$lut$aiger36020$2999.genblk1.genblk1.genblk1.genblk1.genblk1.lut0 (4 -> 0)
  Optimizing lut $abc$36021$lut$aiger$o153.genblk1.genblk1.genblk1.genblk1.genblk1.genblk1.genblk1.genblk1.lut0.genblk1.genblk1.genblk1.genblk1.genblk1.genblk1.genblk1.lut0.genblk1.genblk1.genblk1.genblk1.genblk1.genblk1.lut1.genblk1.genblk1.genblk1.genblk1.genblk1.lut1 (4 -> 3)
  Optimizing lut $abc$36021$lut$aiger36020$3052.genblk1.genblk1.genblk1.genblk1.genblk1.lut0 (4 -> 1)
  Optimizing lut $abc$36021$lut$aiger36020$4511.genblk1.genblk1.genblk1.genblk1.genblk1.lut0 (4 -> 2)
  Optimizing lut $auto$abc_ops_reintegrate.cc:611:reintegrate$36065.genblk1.genblk1.genblk1.genblk1.genblk1.lut0 (4 -> 3)
  Optimizing lut $abc$36021$lut$aiger36020$3901.genblk1.genblk1.genblk1.genblk1.genblk1.genblk1.genblk1.genblk1.lut0.genblk1.genblk1.genblk1.genblk1.genblk1.genblk1.genblk1.lut0.genblk1.genblk1.genblk1.genblk1.genblk1.genblk1.lut1.genblk1.genblk1.genblk1.genblk1.genblk1.lut1 (4 -> 0)
  Optimizing lut $abc$36021$lut$aiger36020$4336.genblk1.genblk1.genblk1.genblk1.genblk1.lut1 (4 -> 3)
  Optimizing lut $abc$36021$lut$aiger36020$4326.genblk1.genblk1.genblk1.genblk1.genblk1.lut0 (4 -> 3)
  Optimizing lut $abc$36021$lut$aiger36020$4428.genblk1.genblk1.genblk1.genblk1.genblk1.lut1 (4 -> 1)
  Optimizing lut $abc$36021$lut$aiger36020$4521.genblk1.genblk1.genblk1.genblk1.genblk1.genblk1.genblk1.lut0.genblk1.genblk1.genblk1.genblk1.genblk1.genblk1.lut0.genblk1.genblk1.genblk1.genblk1.genblk1.lut1 (4 -> 0)
  Optimizing lut $abc$36021$lut$aiger36020$4410.genblk1.genblk1.genblk1.genblk1.genblk1.lut0 (4 -> 1)
  Optimizing lut $abc$36021$lut$aiger36020$2660.genblk1.genblk1.genblk1.genblk1.genblk1.lut0 (4 -> 0)
  Optimizing lut $abc$36021$lut$aiger$o712.genblk1.genblk1.genblk1.genblk1.genblk1.genblk1.genblk1.genblk1.lut0.genblk1.genblk1.genblk1.genblk1.genblk1.genblk1.genblk1.lut0.genblk1.genblk1.genblk1.genblk1.genblk1.genblk1.lut0.genblk1.genblk1.genblk1.genblk1.genblk1.lut1 (4 -> 0)
  Optimizing lut $auto$abc_ops_reintegrate.cc:611:reintegrate$36032.genblk1.genblk1.genblk1.genblk1.genblk1.genblk1.lut1.genblk1.genblk1.genblk1.genblk1.genblk1.lut1 (4 -> 2)
  Optimizing lut $abc$36021$lut$aiger36020$3747.genblk1.genblk1.genblk1.genblk1.genblk1.lut0 (4 -> 3)
  Optimizing lut $abc$36021$lut$aiger36020$3901.genblk1.genblk1.genblk1.genblk1.genblk1.genblk1.genblk1.genblk1.lut1.genblk1.genblk1.genblk1.genblk1.genblk1.genblk1.genblk1.lut0.genblk1.genblk1.genblk1.genblk1.genblk1.genblk1.lut1.genblk1.genblk1.genblk1.genblk1.genblk1.lut1 (4 -> 0)
  Optimizing lut $abc$36021$lut$aiger36020$3362.genblk1.genblk1.genblk1.genblk1.genblk1.lut0 (4 -> 0)
  Optimizing lut $abc$36021$lut$aiger36020$3394.genblk1.genblk1.genblk1.genblk1.genblk1.lut0 (4 -> 0)
  Optimizing lut $auto$abc_ops_reintegrate.cc:611:reintegrate$36054.genblk1.genblk1.genblk1.genblk1.genblk1.lut0 (4 -> 1)
  Optimizing lut $auto$abc_ops_reintegrate.cc:611:reintegrate$36102.genblk1.genblk1.genblk1.genblk1.genblk1.lut1 (4 -> 3)
  Optimizing lut $abc$36021$lut$aiger36020$3182.genblk1.genblk1.genblk1.genblk1.genblk1.lut0 (4 -> 0)
  Optimizing lut $abc$36021$lut$aiger36020$3189.genblk1.genblk1.genblk1.genblk1.genblk1.lut1 (4 -> 3)
  Optimizing lut $abc$36021$lut$aiger36020$3175.genblk1.genblk1.genblk1.genblk1.genblk1.lut0 (4 -> 0)
  Optimizing lut $abc$36021$lut$aiger36020$4603.genblk1.genblk1.genblk1.genblk1.genblk1.genblk1.genblk1.lut0.genblk1.genblk1.genblk1.genblk1.genblk1.genblk1.lut1.genblk1.genblk1.genblk1.genblk1.genblk1.lut1 (4 -> 1)
  Optimizing lut $abc$36021$lut$aiger36020$4476.genblk1.genblk1.genblk1.genblk1.genblk1.lut0 (4 -> 3)
  Optimizing lut $auto$abc_ops_reintegrate.cc:611:reintegrate$36065.genblk1.genblk1.genblk1.genblk1.genblk1.lut1 (4 -> 3)
  Optimizing lut $auto$abc_ops_reintegrate.cc:611:reintegrate$36066.genblk1.genblk1.genblk1.genblk1.genblk1.lut1 (4 -> 3)
  Optimizing lut $auto$abc_ops_reintegrate.cc:611:reintegrate$36067.genblk1.genblk1.genblk1.genblk1.genblk1.lut1 (4 -> 3)
  Optimizing lut $auto$abc_ops_reintegrate.cc:611:reintegrate$36068.genblk1.genblk1.genblk1.genblk1.genblk1.lut1 (4 -> 3)
  Optimizing lut $auto$abc_ops_reintegrate.cc:611:reintegrate$36069.genblk1.genblk1.genblk1.genblk1.genblk1.lut1 (4 -> 3)
  Optimizing lut $auto$abc_ops_reintegrate.cc:611:reintegrate$36070.genblk1.genblk1.genblk1.genblk1.genblk1.lut1 (4 -> 3)
  Optimizing lut $auto$abc_ops_reintegrate.cc:611:reintegrate$36071.genblk1.genblk1.genblk1.genblk1.genblk1.lut1 (4 -> 3)
  Optimizing lut $auto$abc_ops_reintegrate.cc:611:reintegrate$36072.genblk1.genblk1.genblk1.genblk1.genblk1.lut1 (4 -> 3)
  Optimizing lut $auto$abc_ops_reintegrate.cc:611:reintegrate$36073.genblk1.genblk1.genblk1.genblk1.genblk1.lut1 (4 -> 3)
  Optimizing lut $abc$36021$lut$aiger$o2043.genblk1.genblk1.genblk1.genblk1.genblk1.genblk1.genblk1.lut1.genblk1.genblk1.genblk1.genblk1.genblk1.genblk1.lut1.genblk1.genblk1.genblk1.genblk1.genblk1.lut1 (4 -> 1)
  Optimizing lut $auto$abc_ops_reintegrate.cc:611:reintegrate$36090.genblk1.genblk1.genblk1.genblk1.genblk1.lut1 (4 -> 2)
  Optimizing lut $auto$abc_ops_reintegrate.cc:611:reintegrate$36091.genblk1.genblk1.genblk1.genblk1.genblk1.lut1 (4 -> 3)
  Optimizing lut $auto$abc_ops_reintegrate.cc:611:reintegrate$36092.genblk1.genblk1.genblk1.genblk1.genblk1.lut1 (4 -> 3)
  Optimizing lut $abc$36021$lut$aiger36020$3336.genblk1.genblk1.genblk1.genblk1.genblk1.lut0 (4 -> 2)
  Optimizing lut $auto$abc_ops_reintegrate.cc:611:reintegrate$36098.genblk1.genblk1.genblk1.genblk1.genblk1.lut1 (4 -> 3)
  Optimizing lut $abc$36021$lut$aiger36020$3106.genblk1.genblk1.genblk1.genblk1.genblk1.lut1 (4 -> 0)
  Optimizing lut $auto$abc_ops_reintegrate.cc:611:reintegrate$36106.genblk1.genblk1.genblk1.genblk1.genblk1.lut1 (4 -> 3)
  Optimizing lut $abc$36021$lut$aiger36020$2724.genblk1.genblk1.genblk1.genblk1.genblk1.lut0 (4 -> 0)
  Optimizing lut $abc$36021$lut$aiger36020$4787.genblk1.genblk1.genblk1.genblk1.genblk1.lut1 (4 -> 0)
  Optimizing lut $abc$36021$lut$aiger36020$4245.genblk1.genblk1.genblk1.genblk1.genblk1.genblk1.genblk1.genblk1.lut1.genblk1.genblk1.genblk1.genblk1.genblk1.genblk1.genblk1.lut0.genblk1.genblk1.genblk1.genblk1.genblk1.genblk1.lut1.genblk1.genblk1.genblk1.genblk1.genblk1.lut1 (4 -> 2)
  Optimizing lut $abc$36021$lut$aiger36020$4245.genblk1.genblk1.genblk1.genblk1.genblk1.genblk1.genblk1.genblk1.lut0.genblk1.genblk1.genblk1.genblk1.genblk1.genblk1.genblk1.lut0.genblk1.genblk1.genblk1.genblk1.genblk1.genblk1.lut1.genblk1.genblk1.genblk1.genblk1.genblk1.lut1 (4 -> 2)
  Optimizing lut $abc$36021$lut$aiger36020$2837.genblk1.genblk1.genblk1.genblk1.genblk1.lut0 (4 -> 3)
  Optimizing lut $abc$36021$lut$aiger36020$2848.genblk1.genblk1.genblk1.genblk1.genblk1.lut0 (4 -> 0)
  Optimizing lut $abc$36021$lut$aiger36020$2865.genblk1.genblk1.genblk1.genblk1.genblk1.lut1 (4 -> 0)
  Optimizing lut $abc$36021$lut$aiger36020$2884.genblk1.genblk1.genblk1.genblk1.genblk1.lut1 (4 -> 0)
  Optimizing lut $abc$36021$lut$aiger36020$2877.genblk1.genblk1.genblk1.genblk1.genblk1.lut0 (4 -> 0)
  Optimizing lut $abc$36021$lut$aiger36020$2888.genblk1.genblk1.genblk1.genblk1.genblk1.lut1 (4 -> 0)
  Optimizing lut $abc$36021$lut$aiger36020$2897.genblk1.genblk1.genblk1.genblk1.genblk1.lut1 (4 -> 0)
  Optimizing lut $abc$36021$lut$aiger36020$2904.genblk1.genblk1.genblk1.genblk1.genblk1.lut1 (4 -> 0)
  Optimizing lut $abc$36021$lut$aiger36020$2948.genblk1.genblk1.genblk1.genblk1.genblk1.lut1 (4 -> 0)
  Optimizing lut $abc$36021$lut$aiger36020$2910.genblk1.genblk1.genblk1.genblk1.genblk1.lut0 (4 -> 3)
  Optimizing lut $auto$abc_ops_reintegrate.cc:611:reintegrate$36101.genblk1.genblk1.genblk1.genblk1.genblk1.lut0 (4 -> 0)
  Optimizing lut $abc$36021$lut$aiger36020$4304.genblk1.genblk1.genblk1.genblk1.genblk1.lut0 (4 -> 3)
  Optimizing lut $abc$36021$lut$aiger36020$4481.genblk1.genblk1.genblk1.genblk1.genblk1.genblk1.lut1.genblk1.genblk1.genblk1.genblk1.genblk1.lut0 (4 -> 2)
  Optimizing lut $abc$36021$lut$aiger36020$3774.genblk1.genblk1.genblk1.genblk1.genblk1.lut0 (4 -> 3)
  Optimizing lut $auto$abc_ops_reintegrate.cc:611:reintegrate$36036.genblk1.genblk1.genblk1.genblk1.genblk1.genblk1.genblk1.lut1.genblk1.genblk1.genblk1.genblk1.genblk1.genblk1.lut1.genblk1.genblk1.genblk1.genblk1.genblk1.lut1 (4 -> 2)
  Optimizing lut $abc$36021$lut$aiger36020$4481.genblk1.genblk1.genblk1.genblk1.genblk1.genblk1.lut0.genblk1.genblk1.genblk1.genblk1.genblk1.lut1 (4 -> 0)
  Optimizing lut $abc$36021$lut$aiger36020$4245.genblk1.genblk1.genblk1.genblk1.genblk1.genblk1.genblk1.genblk1.lut1.genblk1.genblk1.genblk1.genblk1.genblk1.genblk1.genblk1.lut1.genblk1.genblk1.genblk1.genblk1.genblk1.genblk1.lut1.genblk1.genblk1.genblk1.genblk1.genblk1.lut1 (4 -> 2)
  Optimizing lut $abc$36021$lut$aiger36020$4502.genblk1.genblk1.genblk1.genblk1.genblk1.lut1 (4 -> 0)
  Optimizing lut $abc$36021$lut$aiger36020$3336.genblk1.genblk1.genblk1.genblk1.genblk1.lut1 (4 -> 3)
  Optimizing lut $abc$36021$lut$aiger36020$3329.genblk1.genblk1.genblk1.genblk1.genblk1.lut0 (4 -> 0)
  Optimizing lut $auto$abc_ops_reintegrate.cc:611:reintegrate$36093.genblk1.genblk1.genblk1.genblk1.genblk1.lut1 (4 -> 3)
  Optimizing lut $auto$abc_ops_reintegrate.cc:611:reintegrate$36042.genblk1.genblk1.genblk1.genblk1.genblk1.genblk1.lut1.genblk1.genblk1.genblk1.genblk1.genblk1.lut1 (4 -> 3)
  Optimizing lut $abc$36021$lut$aiger36020$3734.genblk1.genblk1.genblk1.genblk1.genblk1.lut0 (4 -> 0)
  Optimizing lut $abc$36021$lut$aiger$o1001.genblk1.genblk1.genblk1.genblk1.genblk1.lut0 (4 -> 3)
  Optimizing lut $auto$abc_ops_reintegrate.cc:611:reintegrate$36041.genblk1.genblk1.genblk1.genblk1.genblk1.genblk1.lut1.genblk1.genblk1.genblk1.genblk1.genblk1.lut1 (4 -> 3)
  Optimizing lut $auto$abc_ops_reintegrate.cc:611:reintegrate$36040.genblk1.genblk1.genblk1.genblk1.genblk1.genblk1.lut1.genblk1.genblk1.genblk1.genblk1.genblk1.lut1 (4 -> 3)
  Optimizing lut $auto$abc_ops_reintegrate.cc:611:reintegrate$36038.genblk1.genblk1.genblk1.genblk1.genblk1.genblk1.lut1.genblk1.genblk1.genblk1.genblk1.genblk1.lut0 (4 -> 3)
  Optimizing lut $auto$abc_ops_reintegrate.cc:611:reintegrate$36038.genblk1.genblk1.genblk1.genblk1.genblk1.genblk1.lut1.genblk1.genblk1.genblk1.genblk1.genblk1.lut1 (4 -> 3)
  Optimizing lut $auto$abc_ops_reintegrate.cc:611:reintegrate$36037.genblk1.genblk1.genblk1.genblk1.genblk1.genblk1.lut1.genblk1.genblk1.genblk1.genblk1.genblk1.lut1 (4 -> 3)
  Optimizing lut $auto$abc_ops_reintegrate.cc:611:reintegrate$36036.genblk1.genblk1.genblk1.genblk1.genblk1.genblk1.genblk1.lut0.genblk1.genblk1.genblk1.genblk1.genblk1.genblk1.lut1.genblk1.genblk1.genblk1.genblk1.genblk1.lut1 (4 -> 2)
  Optimizing lut $auto$abc_ops_reintegrate.cc:611:reintegrate$36034.genblk1.genblk1.genblk1.genblk1.genblk1.lut1 (4 -> 3)
  Optimizing lut $abc$36021$lut$aiger$o187.genblk1.genblk1.genblk1.genblk1.genblk1.lut1 (4 -> 1)
  Optimizing lut $abc$36021$lut$aiger36020$3539.genblk1.genblk1.genblk1.genblk1.genblk1.lut0 (4 -> 0)
  Optimizing lut $abc$36021$lut$aiger36020$2705.genblk1.genblk1.genblk1.genblk1.genblk1.lut0 (4 -> 0)

9.47. Executing HILOMAP pass (mapping to constant drivers).
Removed 0 unused cells and 2630 unused wires.

9.48. Executing AUTONAME pass.
Renamed 3824 objects in module sf_debug_top.
<suppressed ~3824 debug messages>

9.49. Executing HIERARCHY pass (managing design hierarchy).
Attribute `top' found on module `sf_debug_top'. Setting top module to sf_debug_top.

9.49.1. Analyzing design hierarchy..
Top module:  \sf_debug_top

9.49.2. Analyzing design hierarchy..
Top module:  \sf_debug_top
Removed 0 unused modules.

9.50. Printing statistics.

=== sf_debug_top ===

        +----------Local Count, excluding submodules.
        | 
     1850 wires
     3939 wire bits
     1850 public wires
     3939 public wire bits
        6 ports
        9 port bits
     1187 cells
        4   $scopeinfo
        2   DPX9B
        1   GND
        3   IBUF
      104   LUT1
      209   LUT2
      191   LUT3
      433   LUT4
      171   MUX2_LUT5
       40   MUX2_LUT6
       16   MUX2_LUT7
        6   MUX2_LUT8
        6   OBUF
        1   VCC
      934 submodules
      393   ALU
       31   DFF
        5   DFFC
       52   DFFCE
      201   DFFE
        1   DFFPE
        3   DFFR
      202   DFFRE
        1   DFFS
       45   DFFSE

=== design hierarchy ===

        +----------Count including submodules.
        | 
     1187 sf_debug_top

        +----------Count including submodules.
        | 
     1850 wires
     3939 wire bits
     1850 public wires
     3939 public wire bits
        6 ports
        9 port bits
        - memories
        - memory bits
        - processes
     1187 cells
        4   $scopeinfo
        2   DPX9B
        1   GND
        3   IBUF
      104   LUT1
      209   LUT2
      191   LUT3
      433   LUT4
      171   MUX2_LUT5
       40   MUX2_LUT6
       16   MUX2_LUT7
        6   MUX2_LUT8
        6   OBUF
        1   VCC
      934 submodules
      393   ALU
       31   DFF
        5   DFFC
       52   DFFCE
      201   DFFE
        1   DFFPE
        3   DFFR
      202   DFFRE
        1   DFFS
       45   DFFSE

9.51. Executing CHECK pass (checking for obvious problems).
Checking module sf_debug_top...
Found and reported 0 problems.

10. Executing JSON backend.

Warnings: 51 unique messages, 51 total
End of script. Logfile hash: 4c194106cf
Yosys 0.67+ (git sha1 30fe16c7f, MSVC D:/Program_Files/VS2022/VC/Tools/MSVC/14.51.36231/bin/Hostx64/x64/cl.exe 19.51.36243.0)
Time spent: 1% 38x opt_expr (0 sec), 1% 34x read_verilog (0 sec), ...
